finding_id,source,epic_or_package,requirement_ids,severity,status,file_refs,description,proving_test
QMX-F001,lane-L6,E10 qmf-risk,10.8-AC1;CT-30;L39;P0-9;FR-033,critical,CONFIRMED,"packages/qmf-risk/src/qmf/risk/control_action.py:215,347",check_exit_preservation has no caller anywhere in packages/qmf-risk/src. The exit-preservation invariant is enforced nowhere: it is an exported advisory helper that any control path may simply decline to consult. Every P0-9 assertion in the epic calls that orphan against its own lookup table.,TO-BE-WRITTEN qa/tests/epic_10/test_h_control_action.py::place a control in force and assert each of the six RiskReducingActs survives
QMX-F002,lane-L6,E10 qmf-risk,10.8-AC1;CT-24-AC2;L39;P0-9,critical,CONFIRMED,packages/qmf-risk/src/qmf/risk/paper.py:435; packages/qmf-risk/src/qmf/risk/door.py:770,"resolve_execution_target withholds acts under an active blocks-paper control but its signature is act-blind (book_mode, seat_state, active_controls, live_target, paper_target) with no intent-family parameter, so it cannot distinguish an exit from an entry. ExitIntent carries no execution_target unlike EntryIntent. Either exits route here and are blocked (a live L39 violation) or exits resolve no target at all (a CT-24 AC2 gap). No test asks.",TO-BE-WRITTEN qa/tests/epic_10::exit intent under a BLOCKS_PAPER control must not be withheld
QMX-F003,lane-L6,E23 qmb/data,23.3-AC5;B-7;B-2;FM-3;DEC-0164;R-008,critical,CONFIRMED,"qmb/src/qmb/data/generate.py:592-602,1851-1876; qmb/src/qmb/doors/cli/tree.py:511","resolve_generator_config merges a nested generator_config body carrying forward only destination, output_root, calendar and source_series, then runs _refuse_replay_clock_on_synthetic against the merged body from which the outer clock and world have already been dropped. The flat guard fires correctly; the nested path evades it. Reachable from the shipped operator CLI door, not only from an in-process caller.",qa/tests/epic_23 T23-PIN-03 (already FAILING)
QMX-F004,lane-L6,E18 qmb/data,18.1-AC3;RQ5;RQ6;RQ7;AR-46;CT-01;CT-10;AR-15,critical,CONFIRMED,qmb/src/qmb/data/download.py:307; packages/qmf-data/src/qmf/data/ingest.py:201-217,download builds a CT-15 TickQuote from bid/ask then submits only the bare SourceObservation (foreign_money=None) and discards the quote. No bid/ask money path reaches the raw archive and the persisted CT-10 source observation carries no scaled-integer money after a download-once acquisition. Lane rows E18-F03 and E18-F04 are the same root at two levels and are merged here.,qa/tests/epic_18 (already FAILING at both levels)
QMX-F005,lane-L6,E12 qml,FR-048;12.7-AC1;CT-33:44;CT-33:67;AR-64;ADR-0018,high,CONFIRMED,"qml/src/qml/declaration/bot.py:662; qml/src/qml/__init__.py:93,284; qml/examples/conformant_bot_usage.py:230-258","register_bot_definition stamps and persists a CT-33 Bot-kind record through an injected Registrar and consults no Layer-1 verdict, no Layer-2 verdict and no ConformanceTicket (grep for ticket/Layer1Verdict/Layer2Verdict/conformance over declaration/bot.py returns nothing). It is exported from top-level qml, and the shipped reference example drives it with candidate.declaration, never the ticket. Lane row E12-F01 recorded the opposite (mint is defined-unwired, no in-package surface); L6 adjudicated that observed column as wrong.",TO-BE-WRITTEN qa/tests/epic_12::drive register_bot_definition with a test-owned Registrar sink after a failing Layer-2 verdict and observe the sink
QMX-F006,lane-L6,E3 qmf-data,FR-012;CT-12;CT-11:25;3.4-AC4;P0-6;R-012;L19;SCN-0003,high,CONFIRMED,packages/qmf-data/src/qmf/data/store/append_store.py (read_raw); store/ (read_view); store/backup_input.py:97 (read_room); rooms.py:303-308,"The seal on read_raw, read_view and BackupInput.read_room consults only the caller-supplied at, so a caller that under-states its position reads sealed-period content. resolve_series derives its position from the resolved evidence precisely because a caller-supplied position is bypassable; the other three paths have no such derivation. Three passing assertions in the suite return sealed-period evidence and record that as correct.",TO-BE-WRITTEN qa/tests/epic_03::archive sealed-period rows and read at an under-stated position on every real read entry point
QMX-F007,lane-L6,E6 qmf-data ingest,R-007;CT-15;FR-017;6.3-AC1;DEC-0109,high,CONFIRMED,packages/qmf-data/src/qmf/data/dukascopy.py:605,"DukascopyAdapter.fetch calls self._transport.fetch_hour(key) bare with no try/except, so a transport-raised third-party exception propagates instead of being returned as a typed refusal. CT-15 states the invariant verbatim: boundary failures are returned, never raised across the boundary.",qa/tests/epic_06 test_l1_002_dukascopy_transport_raise_* (already FAILING)
QMX-F008,lane-L6,E6 qmf-data ingest,R-007;CT-15;FR-018;6.4-AC1;SCN-0008;DEC-0109,high,CONFIRMED,packages/qmf-data/src/qmf/data/calendar_feed.py:564,"CalendarFeedImport routes a RETURNED refusal into the fail-closed data-quality journal plus alarm; a RAISED transport exception at calendar_feed.py:564 bypasses that path entirely, so a transport-level outage produces no journal entry and no alarm. Worse consequence than F007 for the same root cause.",qa/tests/epic_06 test_l1_002_calendar_transport_raise_* (already FAILING)
QMX-F009,lane-L6,E6 qmf-data ingest,R-007;CT-15;FR-015;6.1-AC5;DEC-0109,medium,CONFIRMED,packages/qmf-data/src/qmf/data/ingest.py:445,"ExternalSourceIngest.fetch_and_intake calls self._port.fetch(request) with no try/except, so a provider port that raises propagates out of the ingest boundary. Same defect family as F007/F008; kept as a distinct row only because the remediation site differs.",qa/tests/epic_06 test_l1_002_ingest_over_raising_port_* (already FAILING)
QMX-F010,lane-L6,E15 qmb/orchestrator,FR-045;AR-51;B-4;B-5;R13;R-010,high,CONFIRMED,"qmb/src/qmb/orchestrator/spawn.py:197,255,283","spawn_governed and spawn_concurrent both return Result[tuple[IsolatedRun, ...]] and take no ledger parameter, so no ledger line can be minted through them. On a start failure spawn_concurrent calls _reap_live(live), killing already-started siblings and returning the refusal with zero ledger accounting for the reaped runs. A spawned run that is killed and never ledgered is a live hole in the never-zero half of the exactly-one-ledger-line law. The lane filed it as UNPROVEN at severity medium because Epic 15 offers no door to drive the assertion; the code fact itself is confirmed.",TO-BE-WRITTEN qa/tests/epic_15::partial spawn failure ledgers one line per already-started run
QMX-F011,lane-L6,E21 qmb/optimize,R10;CT-01;21.2-AC4;FR-001,high,CONFIRMED,"qmb/src/qmb/optimize/objective.py:200-217,224-234","StudyObjective stores target_currency and target_unit_kind, then meets_target compares bare Fraction magnitudes (magnitude >= self.target_value) with no currency or unit-kind guard, on the path called from _place_trial. A target declared in a different currency than the objective measure silently early-stops a Study. CT-01 and qmf-core exact.py:33-35 both require a typed refusal on a cross-kind operand.",qa/tests/epic_21 T21-PIN-01 (already FAILING)
QMX-F012,lane-L6,E22 qmb/robustness,T22-PIN-01;CT-04;DEC-0109;22.1-AC2;P0-assertion-3,high,CONFIRMED,"qmb/src/qmb/robustness/carveout.py:137,192; qmb/src/qmb/robustness/significance.py:414","carve_return_statistic and carve_return_ratio both coerce number = float(value) BEFORE the math.isfinite guard, on a value validated only as isinstance(value, (int, float)). int is unbounded, so float(10**400) raises OverflowError across two public boundaries. The L6 enumeration found a third uncovered site: next_bar_log_returns at significance.py:414 does math.log(float(ratio)) over a Fraction built from two legally-constructed Price closes, on the P0 anti-look-ahead return series.",qa/tests/epic_22 T22-PIN-01 (already FAILING) + TO-BE-WRITTEN for significance.py:414
QMX-F013,lane-L6,E23 qmb/data,23.1-AC3;R-007;DEC-0105;CT-10;AR-15;AD-7;AD-22,high,CONFIRMED,"qmb/src/qmb/data/generate.py:1108,1166,1206,1260-1281,1445-1446","_coerce_source_bars reads the source row declared scale into SyntheticBar.scale and it is then never consulted: every draw adapter divides by float(10**config.scale) and the only float-to-integer money boundary, _FloatToScaledInt, is constructed with scale=config.scale. A source declared at scale 3 is reinterpreted at scale 5 with no conversion and no refusal, breaking DEC-0105 (never a silent rescale) and 23.1-AC3 tick-size quantization.",qa/tests/epic_23 T23-PIN-02 (already FAILING; tighten to the exact 10^(target-source) factor before it is used as a lock)
QMX-F014,lane-L6,E19 qmb/results,R18;AC19.4;R-RPT-11;R-RPT-12;CT-32;DEC-0163,high,CONFIRMED,qmb/src/qmb/results/ct32.py:174; packages/qmf-risk/src/qmf/risk/performance.py:510-549; qmb/src/qmb/results/charts.py,Chart series are never emitted in the artifact. The CT-32 PerformanceResult container has no chart-series and no trade-event-reference field (the two declared QMB extensions); assemble_v1_chart_set has no caller in the run or assembly path; assemble_run_performance_result writes results/ct-32.json and nothing else; render.py and interpret.py contain zero references to chart or series. An agent obeying read-the-artifact-never-a-rendering can never obtain chart data.,TO-BE-WRITTEN qa/tests/epic_19::a stored artifact carries a machine-readable series
QMX-F015,lane-L6,E17 qmb/execution,17.1-AC1;17.4-AC2;17.5-AC4;R18;R29;AR-56,high,CONFIRMED,qmb/src/qmb/execution/handler.py; qmb/src/qmb/execution/ports.py:1024; qmb/src/qmb/runloop/loop.py:600,"Two disjoint execution paths exist. apply_execution_ports / BoundExecution.execute composes fill then slippage then cost correctly and is called nowhere in qmb/runloop/. ExecutionSliceHandler is the SliceHandler the six sub-phases actually drive and its constructor takes fill and slippage ONLY: no CostPort field, no itemize call, no cost token anywhere in the file. On a real run no commission is itemized, 17.4-AC2 has no producer, and 17.5-AC4 four-line cost-drag decomposition can never be assembled from live output.",TO-BE-WRITTEN qa/tests/epic_17::drive ExecutionSliceHandler for one slice with RecordingFill/RecordingSlippage/RecordingCost and assert the cost recorder saw the post-slip fill
QMX-F016,lane-L6,E16 qmb/doors + E23,16.5-AC1;16.5-AC2;FR-046;R18;R19;R-006,high,CONFIRMED,"qmb/src/qmb/doors/cli/tree.py:31,36,511-512; qmb/src/qmb/__init__.py __all__; qmb/src/qmb/doors/parity.py:40","The CLI door imports has_generator_config and qmb.data.generate and calls both in invoke_data; neither is in qmb.__all__ (1088 names) and the API door re-exports only qmb.__all__. The parity catalog masks the asymmetry: the data.generate row is (""DATA_COMMANDS"", ""data_front_identity"") and omits the library-function element every sibling row carries, so capability_gaps has nothing to compare and reports clean. Lane rows E16-F02 and E23-F01 are one defect; merged, owner Epic 16.",qa/tests/epic_16 T-16.5-gap (already FAILING) + qa/tests/epic_23 T23-PIN-01
QMX-F017,lane-L6,E16 qmb/doors,16.5-AC1;R18;R-006;AR-58,high,CONFIRMED,qmb/src/qmb/doors/parity.py; qmb/tests/test_door_parity.py,"The shipped door-parity contract reconciles the CLI and Python surfaces THROUGH a hand-maintained 15-entry CAPABILITY_LIBRARY MappingProxyType literal rather than deriving both sides from the door surfaces, so the tier-2 gate is green over a live surface asymmetry (F016). Note the authority: the forbidding clause is the brief risk gate R-006, not an epics.md FR; R-006 must not be read as FR-006, which epics.md assigns to Epic 2.","qa/tests/epic_16 T-16.5-a (derived reconciler, already exists) + operator ruling on R-006 authority"
QMX-F018,scanner + lane-L6,E18 qmb/data,FIND-001;RQ-CLOCK;RQ2;FR-002;CT-02;AR-16;DEC-0106,high,CONFIRMED,"qmb/src/qmb/data/download.py:127,150,124","download.py:127 reads datetime.now(timezone.utc) below the composition root, and parse_download_request calls resolve_end_ns without a now= argument, so end-defaults-to-today tracks the real wall clock with no injection path. Confirmed independently by the machine battery: ambient-scan FAIL exit 1 at download.py:127:24. Note the finding stands on DEC-0106; the AR-16 id cited by the lane does not exist anywhere in the worktree.",qa/tests/epic_18 (already FAILING) + tools ambient-scan inside poe check
QMX-F019,lane-L6,E1 qmf-core / qmf-data,CT-05;DEC-0108;FR-005;RG-DEPGRAPH;AR-14,high,CONFIRMED,"packages/qmf-data/src/qmf/data/backup.py:932-935; packages/qmf-data/src/qmf/data/store/backup_input.py:70-72,197","Two qmf-data modules hand-roll hashlib.sha256(payload).hexdigest() and emit f""fp1:sha256:{digest}"" directly, duplicating qmf-core private _fingerprint_of_bytes recipe. CT-05 states one implementation lives only in qmf-core and no other package computes a fingerprint except by calling it. Read the row as AT LEAST two duplicates: the detector requires both hashlib.sha256( and a literal f-string in one file and skips tests/ and examples/, so concatenated or helper-routed offenders are invisible.",qa/tests/epic_01 test_e1_i03_single_fp1_implementation_only_in_qmf_core (already FAILING; widen the detector)
QMX-F020,lane-L6,E8 qmf-venue,R-002;P0-assertion-3;CT-04;AR-13;SCN-0005,high,CONFIRMED,packages/qmf-venue/src/qmf/venue (observation_journal_event_type),"observation_journal_event_type is exported in qmf.venue.__all__ and raises ValueError on a non-ObservationKind. The lane found the raise, confirmed it, and demoted it to a RESULTS observation by narrowing L1-001 CALLABLES after the behaviour was known. R-002 as stated is unqualified: no public callable raises.",TO-BE-WRITTEN qa/tests/epic_08::enumerate qmf.venue.__all__ programmatically instead of a 47-lambda hand list
QMX-F021,lane-L6,E11 qml,11.1-AC4;AD-15;DEC-0171,high,CONFIRMED,qml/src/qml/host/runner.py; qml/src/qml/host/worker.py; qml/src/qml/host/__init__.py,"qml/host/ ships inside the qml wheel and imports subprocess, os, tempfile, json, uuid and calls open(); its own package docstring concedes it is impure and owns stdlib process spawning and isolation. AD-15 makes the qml library pure (no threads, no I/O, no process spawning) and the ratified Hosting seed places the conformance sandbox runner at QMB composition root, not inside the qml distribution. Lane severity medium is under-rated.",qa/tests/epic_11 (already FAILING)
QMX-F022,lane-L6,E18 qmb/data,18.3-AC1;18.3-AC2;18.3-AC4;18.1-AC5;RQ11;RQ18;RQ19;RQ21;R-011,high,CONFIRMED,"qmb/src/qmb/data/download.py:346-360; qmb/src/qmb/data/catalog.py:138-164,168-189,307-334","qmb data list answers entirely from a qmb-authored qmb-data-coverage envelope row that download mints from the REQUEST. list_data reads back only rows whose kind == COVERAGE_KIND and never reads, counts or inspects a single CT-10 observation. Coverage window, per-side presence, observation count, provenance, licence tag and revision are the download request round-tripping through a summary row qmb wrote itself. Those coverage rows ARE the authoritative second store 18.3-AC2 forbids; side presence can never diverge from what the operator asked for; the licence tag rides the envelope rather than the CT-10 observation R-011 names. Four green tests read that row back and call it evidence.",TO-BE-WRITTEN qa/tests/epic_18::re-derive list_data coverage from the CT-10 observations and re-run RQ11/RQ18/RQ19/RQ21
QMX-F109,lane-L6,E8 qmf-venue / E1 qmf-core,FR-025;CT-21;AD-9;L34;DEC-0136;DEC-0140,medium,CONFIRMED,packages/qmf-core/src/qmf/core/secret.py (SecretRef.try_create); packages/qmf-venue/src/qmf/venue (AccountBinding.try_create),"CT-21 states verbatim that a secret reference is an opaque minted id, stable, never reused, NEVER ENCODING venue, broker, account, environment or key material, and that CONSTRUCTION VALIDATES OPACITY AS AN INVALID-INPUT REFUSAL. SecretRef.try_create enforces ZERO opacity checks - the contract construction-time gate is absent rather than imperfect. Four independent authorities restate the clause with no hedge (the CT-21 invariant, the schema field line, docs/glossary.md, docs/components/qmf-core.md, docs/lenses/security/security-model.md). Two qualifications from L6: the defective type is qmf.core.SecretRef so the repair belongs to qmf-core with qmf-venue as the affected consumer, and ""encodes account data"" is not fully decidable so the gate should refuse the decidable forms (embedded venue/account/environment tokens, non-minted shapes).",qa/tests/epic_08 test_l2_019 family (already FAILING)
QMX-F023,lane-L6,E8 qmf-venue + E10 qmf-risk,NFR-11;R-009;AR-21;epics.md:475,medium,CONFIRMED,packages/qmf-venue/ ; packages/qmf-risk/,"Neither qmf-venue nor qmf-risk ships a FAILURES.md failure register. qmf-core, qmf-data, qmf-indicators, qmf-registry and qmf-structure each ship one. NFR-11 register convention is declared a tier-1 artifact obligation on every subsequent story in epics.md, so the obligation binds both packages. Sibling parity is 5 of 7, not 5 of 6 as the E8 row implies.",qa/tests/epic_08 (already FAILING for qmf-venue) + TO-BE-WRITTEN for qmf-risk
QMX-F024,lane-L6,E22 qmb,T22-PIN-02;NFR-11;L27;22.1-AC5;22.3-AC3;22.4-AC5,medium,CONFIRMED,qmb/FAILURES.md,"qmb/FAILURES.md is 765 lines and covers Stories 14-19 only; it carries no NFR-11 entry for any Epic-22 designed failure mode. Instrument caveat: the shipped gate is a keyword-substring proxy while the plan promised a six-field check (class, detection, recovery semantics, degraded state, notification tier, product-user affordance) - strengthen the test or restate its expected column.",qa/tests/epic_22 T22-PIN-02 (already FAILING)
QMX-F025,lane-L6,E8 qmf-venue,AR-21;L27;DEC-0096,medium,CONFIRMED,packages/qmf-venue/,qmf-venue ships no examples/ directory; all six sibling roster packages do. AR-21 and constitution L27 require every package to ship executable tests AND reference-usage examples as tier-1 artifacts. qmf-venue is the only package missing both artifacts.,qa/tests/epic_08 (already FAILING)
QMX-F026,lane-L6,E1 qmf-core,CT-03:22;DEC-0103;FR-003;AR-25,medium,CONFIRMED,packages/qmf-core/src/qmf/core/identity.py,"identity.py defines no CONTRACT_FORMAT_VERSION and no fp1_identity (0 matches, versus 5 in chrono.py, 6 in exact.py, 2 in fingerprint.py), so a CT-03 identity artifact carries neither a contract format version nor an identity projection and cannot stamp the versioning-from-birth version its own ratified contract requires. Test E1-C11 excludes CT-03 from the stamp check by docstring, deferring it to a qmf-registry record - which DEC-0138 forbids as the identity source. The lane findings.csv under-reports by this one row.",TO-BE-WRITTEN qa/tests/epic_01::un-narrow E1-C11 to include CT-03 artifacts (it will fail; that is the point)
QMX-F027,lane-L6,E5 qmf-data-backup,FR-014;CT-14;5.1-AC4;5.2-AC1;R-007;FM-2;DEC-0109,medium,CONFIRMED,"packages/qmf-data/src/qmf/data/backup.py:299-308,401-410,938-944; packages/qmf-core/src/qmf/core/sinks.py:180-185; packages/qmf-data/src/qmf/data/store/refusals.py:35,73","OffMachineBackup.copy_export and OffMachineRestore.restore_copy build remapped = dict(put.context) and hand it to qmf.core.unpersistable, which RAISES ValueError when the context contains the reserved key ""reason"". Both refusal builders this project ships set context[""reason""] unconditionally, so any adapter refusal built the project own way trips it and the boundary raises instead of returning. Two call sites, one root; lane rows E5-F01 and E5-F02 merged.",qa/tests/epic_05 (both already FAILING)
QMX-F028,lane-L6,E11 qml,11.4-AC5;CT-33,medium,CONFIRMED,"qml/src/qml/footprint/manifest.py:241-266,268-300,593","Footprint.try_create collects **rejected, refuses FORBIDDEN_HORIZON_FIELDS then refuses any remaining extra top-level field. Footprint.try_from_mapping checks only FORBIDDEN_HORIZON_FIELDS and stream_set presence, reads exactly three keys and silently drops everything else. The asymmetry is reachable: report_completeness routes any non-Footprint input through the permissive path.",qa/tests/epic_11 (already FAILING)
QMX-F029,lane-L6,E17 qmb/execution,17.1-AC4;R8,medium,CONFIRMED,qmb/src/qmb/execution/ports.py:93,"COMPOSITION_VERSION is Final[int] = 1, never recomputed, and BoundExecution.composition_version defaults to it. AC4 states composition-version changes whenever the bound port set or its order changes so identity never silently drifts. The lane substituted a passing fp1_identity surrogate and filed the real gap as UNPROVEN (E17-F04); L6 re-adjudicated it as a genuine violation with a constructible failing test.",TO-BE-WRITTEN qa/tests/epic_17::bind(cost=zero).composition_version != bind(cost=percent-of-notional).composition_version
QMX-F030,lane-L6,E17 qmb/execution,17.3-AC6;R23,medium,CONFIRMED,qmb/src/qmb/execution/slippage.py:285,"slip_fill does `del seed` and all five V1 slippage models are deterministic, so AC6 clause ""any stochastic term draws from a per-run seed so replay reproduces the same draw"" has no implementation at all. Lane row E17-F07 recorded it as UNPROVEN, which is right for testability but leaves R23 counted green. Needs an operator ruling: implement or strike the clause.",TO-BE-WRITTEN (blocked on operator ruling OR-11)
QMX-F031,lane-L6,E19 qmb/results,R13;AC19.2;R-RPT-10;DEC-0162,medium,CONFIRMED,packages/qmf-risk/src/qmf/risk/performance.py (FORBIDDEN_COMPOSITE_EXPRESSIONS); qmb/src/qmb/results/measures.py (emit_measure),"FORBIDDEN_COMPOSITE_EXPRESSIONS has no ""grade"" token and its weighted-* members are hyphenated, so they substring-match only hyphenated identities. grade, overall_grade, letter_grade and weighted_aggregate all pass the guard through the exported Epic-19 surface emit_measure, so a composite score is mintable and storable. The shipped 27-name roster is clean today, which is why severity is medium.",qa/tests/epic_19 (already FAILING; doubles as the regression pin)
QMX-F032,lane-L6,E19 qmb/results,R17;AC19.3;R-RPT-8;AR-13;AD-36;DEC-0150,medium,CONFIRMED,qmb/src/qmb/results/accounting.py:127-139 and _suppression_key,"Only an ABSENT door token refuses; an unrostered door string is silently bucketed into a brand-new tally key outside the ratified VETO_DOOR_IDENTITIES spine roster - exactly the silent bucketing the module own refusal message disclaims. _suppression_key has the same hole for reason classes: any non-empty reason string becomes a new key. The sibling _resolve_authority DOES close its vocabulary and refuse, which is the shape both should follow.",TO-BE-WRITTEN qa/tests/epic_19::an unrostered refusing_door and an unrostered reason_class are typed refusals
QMX-F033,lane-L6,E7 qmf-indicators,R5;AR-06;AR-18;7.1-AC,medium,CONFIRMED,packages/qmf-indicators/src/qmf/indicators/batch.py:374; packages/qmf-indicators/pyproject.toml,"batch.py calls importlib.import_module(""numpy"") unguarded on the main compute path (a ModuleNotFoundError there would raise, not return a CT-04 refusal), while pyproject declares dependencies = [""qmf-core"", ""ta-lib==0.7.1""]. numpy is not declared and arrives only transitively via ta-lib in uv.lock. AR-06 default-deny requires every dependency declared in the package own pyproject. The suite cannot see it: the S1 scanner filters root.split(""."")[0] == ""qmf"" so it is structurally incapable of seeing a non-qmf undeclared import, and an AST-root scan sees no dynamic import at all.",TO-BE-WRITTEN qa/tests/epic_07::enumerate reached third-party roots (static + importlib) against declared dependencies
QMX-F034,lane-L6,E18 qmb/data,18.1-AC5;RQ10,medium,CONFIRMED,qmb/src/qmb/data/download.py:369,"Every emitted progress sample hard-codes eta_ns=None; AC5 requires progress to carry percent, date-reached AND ETA. The clause was dropped with no UNPROVEN row, and the deferral row E18-U04 defers the supervising-agent transport half (fairly Epic 15/16) while the broken Epic-18 half goes unrecorded.",TO-BE-WRITTEN qa/tests/epic_18::assert eta_ns on RQ10 progress samples
QMX-F035,lane-L6,E11 qml,11.1-AC2;DEC-0184,low,CONFIRMED,"qml/src/qml (host/, logic/)","src/qml ships module homes beyond the seven AC2 names exactly: the src homes are conformance, declaration, families, footprint, host, logic, protocol. logic/ is the Story-11.3 logic home the AC seed list omitted; host/ is the substantive half and shares a root cause with F021. Reads as a defect in the AC text rather than in the code - wants an operator ruling, not a code change.",qa/tests/epic_11 (already FAILING; blocked on operator ruling OR-04)
QMX-F036,scanner,cross-cutting process,FIND-002;NFR-02;AR-11;AR-23;AR-24;FR-001;FR-002,high,CONFIRMED,root pyproject.toml [tool.poe.tasks.check]; factory merge-gate configuration,"The factory merge gate ran ruff, pyright and pytest only; the tier-1 scanners that ride poe check (money-path-scan, ambient-scan, mock-data-scan, secret-scan) were not enforced in the lanes that shipped epics 4 and later. FIND-001 (QMX-F018) is exactly what that let through. NFR-02 exists to make FR-001 and FR-002 mechanically enforced rather than review-dependent, and the mechanism was not wired into the gate that ships code.",TO-BE-WRITTEN CI assertion: the merge gate invokes poe check in full and fails on a nonzero scanner exit
QMX-F037,lane-L6,cross-cutting process,GAP-QA-01;process/traceability,medium,CONFIRMED,_bmad-output/test-artifacts/ (absent from the qa worktree),"test-design-qa.md and test-design/QMX-handoff.md are absent from the verification worktree; 12 of 23 lanes independently confirmed it (E2, E3, E4, E5, E6, E7, E9, E11, E12, E13, E15, E16, E18, E20, E21, E23 all recorded it). Every lane therefore reconstructed the L0-L6 taxonomy, the 15 P0/P1 assertions and its own risk-gate ids from the task brief, so all per-lane P0/P1 labelling is self-assigned rather than read from the authority. This consolidation reconciles against the real handoff for the first time.",TO-BE-WRITTEN process gate: a lane fails when a named authority file is missing from its worktree
QMX-F038,battery-skylos,cross-cutting quality,quality-ratchet;NFR-04;AD-13,medium,CONFIRMED,"packages/qmf-risk/src/qmf/risk/control_action.py:647,1486; qmb/src/qmb/data/download.py:200; qmb/src/qmb/data/verify.py:292; qmb/src/qmb/config/compiler.py:291,475; qmb/src/qmb/results/charts.py:863 (+19 more)","Skylos run 33039677890 over 650 files / 200886 LOC: overall grade C+ (77) with quality scored 8 / F. 4084 quality findings - 25 CRITICAL (21 SKY-Q301 cyclomatic complexity to 38, 4 SKY-Q306 cognitive complexity to 64), 361 HIGH, 165 WARN, 1252 MEDIUM, 2281 LOW. Every danger bucket is clean: security A+, secrets A+, ai_defects A+, dependency_vulnerabilities 0, ai_authored 2 of 4163. Hot files: orchestrator/spawn.py 55, data/generate.py 51, execution/ports.py 46, risk/control_action.py 44, data/verify.py 44.","n/a - gate threshold, see fix card FC-33 (ratchet policy)"
QMX-F039,intersection,cross-cutting dead code,dead-code,low,CONFIRMED,"tools/workspace_meta.py:35,36; packages/qmf-core/src/qmf/core/secret.py:198,219; packages/qmf-registry/src/qmf/registry/persistence.py:402; packages/qmf-core/tests/test_sinks.py:165","79 Skylos dead-code findings, all in product code, of which 75 are unused_parameters - overwhelmingly Protocol method signatures where an unused parameter is correct. The 3-way intersection (Skylos x vulture x never-executed coverage) is EMPTY: 0 THREE_WAY, 2 TWO_WAY_VULTURE, 0 TWO_WAY_COVERAGE, 77 SKYLOS_ONLY. Only about 6 trivial items survive any corroboration. No dead-code campaign is warranted beyond deleting those.",n/a
QMX-F040,battery-mutmut,E1 qmf-core,CT-01;DEC-0158;AR-20,medium,CONFIRMED,packages/qmf-core/src/qmf/core/exact.py:304 (_round_fraction_to_int),"Mutation survivor: `return ceil_value if value < 0 else floor_value` mutated to `value <= 0` and to `value < 1` survives in both rounding branches. The zero boundary of money-path rounding is unpinned - a rounding-mode implementation that treats exactly-zero as negative passes the suite. E1-U24 walks every rounding mode at <0, =0, >0 but does not discriminate the boundary predicate itself.",TO-BE-WRITTEN qa/tests/epic_01::pin _round_fraction_to_int at value == 0 for every rounding mode
QMX-F041,battery-mutmut,E1 qmf-core,CT-02;AR-20;DEC-0101,low,CONFIRMED,packages/qmf-core/src/qmf/core/chrono.py:171 (_checked_int64),"Mutation survivor: `if value < _INT64_MIN or value > _INT64_MAX` mutated to `<=` and to `>=` both survive. E1-U30 pins INT64_MIN/MAX acceptance for exact.py but the chrono int64 guard has no exact-edge test, so an off-by-one at either bound is invisible.",TO-BE-WRITTEN qa/tests/epic_01::assert chrono accepts INT64_MIN and INT64_MAX and refuses +/-1
QMX-F042,battery-mutmut,E1 qmf-core,CT-02;CT-04;AR-20,low,CONFIRMED,"packages/qmf-core/src/qmf/core/chrono.py:756,764 (DataDrivenClock.wall_now / monotonic_now)",Mutation survivors: `>= len(self._wall)` to `> len(...)` and `self._wall_cursor += 1` to `= 1` both survive on both methods. The exhaustion boundary and the cursor advance are unpinned. E1-U41 pins the exact English exhaustion message instead - the thing PLAN section 5 declared not ratified surface - while leaving the boundary predicate free. Ties to operator ruling OR-03 (raise vs typed refusal).,"TO-BE-WRITTEN qa/tests/epic_01::assert the boundary at len(script), not the message prose"
QMX-F043,battery-mutmut,E1 qmf-core,CT-03;CT-01;AR-20,low,CONFIRMED,packages/qmf-core/src/qmf/core/exact.py:251 (_require_instrument),"Mutation survivor: `value.symbol.strip() != """"` mutated to `!= ""XXXX""` survives, as does the venue twin. Instrument emptiness is never pinned, so a guard that accepts a whitespace-only or empty symbol passes. Overall exact.py/chrono.py kill rate is 68 percent; the remaining survivors are string-literal noise on unratified message prose.",TO-BE-WRITTEN qa/tests/epic_01::an empty or whitespace-only instrument symbol refuses
QMX-F044,battery-coverage,cross-cutting,AR-20;DEC-0101,medium,CONFIRMED,"qml (branch 65.96 pct, line 80.8); qmb (branch 66.46 pct, line 83.22); qmf-core (branch 98.38 pct)",AR-20 sets a 100 percent branch floor on exact.py and chrono.py and 80 percent on every other module. qml and qmb sit roughly 14 points below the 80 percent branch floor. qmf-core is at 98.38 percent branch against a 100 percent floor for its two named modules. No lane measured or reported coverage against the floor; several PLAN exit criteria that cite AR-20 are therefore unevidenced.,n/a - measurement gate
QMX-F045,lane-L6,E2 qmf-registry,FR-009;2.3-AC1;DEC-0116;SCN-0007:17;L17;P0-assertion-5,high,UNPROVEN,packages/qmf-registry/src/qmf/registry (PromotionCard.sign),"The human-only signer acceptance criterion was deliberately not asserted, on a reading of DEC-0116 the authorities do not support: DEC-0116 carve-out covers the promotion gate workflow, UI and timing, not the signer field of the card. PromotionCard.sign is exported public surface; no test ever calls it with signer=""agent:bot-7"". The L5 chain passes an agent signer only into RegistrationRecord.try_create where the reserved-kind wall, not the signer, produces the refusal. The P0-5 question - can an agent mint a card that authorize_live_promotion accepts - is unanswered and RESULTS reports P0-5 PASS.",TO-BE-WRITTEN qa/tests/epic_02::PromotionCard.sign with a non-human signer must refuse
QMX-F046,lane-L6,E2 qmf-registry,2.3-AC1;CT-13;CT-06;SCN-0007:21,medium,UNPROVEN,"packages/qmf-registry/src/qmf/registry (emit_promotion_event, PromotionEvent)",emit_promotion_event and PromotionEvent are exported from qmf.registry.__all__ and NO file under qa/tests/epic_02 imports either symbol. No test mentions CT-13 or correlation_id; the traceability matrix has no CT-13 row. The clause that the promotion event carries ONLY the card fp1 plus correlation_id and never a second schema is entirely unverified.,TO-BE-WRITTEN qa/tests/epic_02::CT-13 promotion event carries card fp1 + correlation_id and nothing else
QMX-F047,lane-L6,E2 qmf-registry,2.2-AC2;CT-07;DEC-0114,low,UNPROVEN,packages/qmf-registry/src/qmf/registry (rebuild_indexes),"2.2-AC2 demands a destructive proof: losing an index costs a rebuild, never evidence. E2-L3-04 and E2-L4-06 call rebuild_indexes() and compare a view to itself; nothing is ever lost. E2-L4-06 name (dropped_index_...) claims a drop that never happens. E2-L3-04 also carries assert log.current_head(a) == log.current_head(a), a no-op that can never fail.","TO-BE-WRITTEN qa/tests/epic_02::delete the index artifact, rebuild from JSONL lines, assert no evidence lost"
QMX-F048,lane-L6,E2 qmf-registry,2.4-AC4;FM-8,low,UNPROVEN,packages/qmf-registry/src/qmf/registry,"2.4-AC4 has two halves: a storage failure typed refusal is returned AND no partial registration is claimed successful. E2-L4-04 asserts the refusal category and stops; it never reads back to show nothing landed under that fingerprint. The second half protects against a half-written record being visible later. Also E2-L2-06 accept-branch is unreachable (stream owner is 12 chars, generated writers max 6) so the one-writer positive half is unproven.",TO-BE-WRITTEN qa/tests/epic_02::read back after the storage failure
QMX-F049,lane-L6,E3 qmf-data,3.1-AC4;CT-11;R-007,medium,UNPROVEN,"packages/qmf-data/src/qmf/data/store/engines/parquet.py:87,113,129; duckdb_views.py:50,74,113,143,161,181,195; jsonl.py:169,189,212,264,298,368,435,484; sqlite_meta.py:72,82","The R-007 fault matrix injects qmf-data OWN already-normalized StoreEngineError with ""disk full""/""locked""/""truncated""/""corrupt"" as message strings. The real store-library exceptions (pa.ArrowException, duckdb.Error, sqlite3.Error, OSError) are never driven through any of the roughly 20 real translation sites. The suite proves the outer half and skips the inner half, which is exactly where an escape would occur. No test truncates, corrupts, locks or fills a real store file.","TO-BE-WRITTEN qa/tests/epic_03::fault a real engine (truncate a rotated jsonl, corrupt a parquet, make a dir read-only)"
QMX-F050,lane-L6,E3 qmf-data,3.1-AC2;CT-11;DEC-0108;P0-assertion-4,low,UNPROVEN,"packages/qmf-data/src/qmf/data/store/identity.py:13,126; store/append_store.py:12,82; store/registry_room.py:13,90","The ""and alarmed"" half of the true-collision requirement has no assertion anywhere in the 80 nodes - the string ""alarm"" does not appear in any Epic-3 test file. The true-collision arm itself (same hash, differing bytes) is neither tested nor declared untestable; 3.1-U3 tests a presented-fingerprint mismatch, which is a different behaviour that 3.1-P1 asserts as correct on the next lines.","TO-BE-WRITTEN qa/tests/epic_03::colliding-engine fixture, refused and alarmed"
QMX-F051,lane-L6,E3 qmf-data,3.2-AC5;CT-10;CT-12:11;CT-13:17;P0-assertion-7,medium,UNPROVEN,packages/qmf-data/src/qmf/data/source_boundary.py:112; store/backup_input.py:97,"Story 3.2 AC5 cross-world observation read is ENTIRELY uncovered: 3.2-U4, 3.2-P2 and ACC-1 all read same-world, and 3.3-P2 enumeration omits SourceObservationBoundary.read (the CT-10 read AC5 names explicitly) and BackupInput.read_room. Only the simulated-WRITE half is proven. Also uncovered: CT-12 inv.11 cross-world manifest read, and CT-13 inv.17 cross-world journal WRITE.",TO-BE-WRITTEN qa/tests/epic_03::add the two missing read paths to the 3.3-P2 enumeration and drive a cross-world SourceObservationBoundary.read
QMX-F052,lane-L6,E3 qmf-data,3.6-AC3;FM-11;CT-25,medium,UNPROVEN,"packages/qmf-data/src/qmf/data (AppendStore, JournalStore, RegistryRoom write paths)","The planned property 3.6-P1 (FM-11: no write ever crosses role namespaces) was silently replaced by an assertion that event_class_of is total over the seven event types, waived in its own docstring as ""upheld by construction - the logbooks module is read-only"". The writes that could cross roles are the store and journal writes, which the test never touches. RESULTS.md records the substitute under FM-11 as PASS.",TO-BE-WRITTEN qa/tests/epic_03::restore 3.6-P1 against the actual write paths
QMX-F053,lane-L6,E4 qmf-calendar-forex,4.1-b2;CT-02:46;CT-02:15;FR-021,medium,UNPROVEN,extensions/qmf-calendar-forex/src/qmf/calendar_forex/__init__.py,"No test observes TZPATH at all. The only proxy greps lowercased source for the literal substrings ""/usr/share/zoneinfo"", ""fallback"", ""system tzdb"", ""except zoneinfonotfounderror"" - it forbids a WORD, not a behaviour: a future docstring reading ""no fallback path"" fails it while a real fallback written `except Exception: return Path(""/etc/zoneinfo"")` passes it. The direct behavioural check (after import, zoneinfo.TZPATH equals the pinned tzdata zoneinfo dir) is trivial and absent.",TO-BE-WRITTEN qa/tests/epic_04::assert TZPATH is forced to the pinned tzdata zoneinfo directory
QMX-F054,lane-L6,E4 qmf-calendar-forex,4.1-b3;4.3;CT-02:46;FM-1;FR-021,medium,UNPROVEN,extensions/qmf-calendar-forex/src/qmf/calendar_forex/__init__.py:121-133; _registration.py:154-166,"Every mismatch-arm test drives the PRIVATE _tzdb.verify_import_tzdb / _tzdb.provider_state with the pin hand-passed as an argument. The public not-ready branches - cf.get_provider(), cf.get_calendar_identity(), cf.register_forex_17ny() - are never executed by any test, so Story 4.3 registration-on-an-unverified-tzdb path is entirely untested. The untested branch decides whether a fingerprint can be attested against an unverified tzdb, which is FM-1 entire purpose. Constructible: a subprocess with a shadow tzdata package on PYTHONPATH declaring a different IANA version.","TO-BE-WRITTEN qa/tests/epic_04::shadow-tzdata subprocess, assert get_provider and register_forex_17ny both return unavailable dependency"
QMX-F055,lane-L6,E4 qmf-calendar-forex,4.2-b2;CT-02:43;CT-02:40;FR-021,low,UNPROVEN,extensions/qmf-calendar-forex/,"Two silent gaps. (a) Swap-Wednesday is not modeled (V1 accounts are swap-free; the extension models neither swap nor dated financing) has ZERO coverage and zero mention in RESULTS or findings.csv. (b) The session-length-as-data witness: lane row E4-F01 declared it structurally unconstructible and L6 disproved that by running the shipped pin - trading date Mon 1942-02-09 yields a 23.0h open session versus 24.0h on 2026-02-04, both resolving correctly. E4-F01 is excluded from this inventory as a wrong expectation; the untested clause remains. A counter-implementation computing close = open + 24h passes the surviving test.","TO-BE-WRITTEN qa/tests/epic_04::two open sessions of differing length through provider.session_window, plus a swap/financing surface-absence gate"
QMX-F056,lane-L6,E5 qmf-data-backup,CT-14;CT-26;DEC-0109;5.1-AC1,medium,UNPROVEN,packages/qmf-data/src/qmf/data/backup.py; store/backup_input.py,"CT-14 and CT-26 both pin boundary_refusal_categories to exactly {storage failure, policy rejection}. Three tests assert `invalid input` as the correct answer for malformed source_room_role, copy_version=0 and world=""mars"", and then test 5_1_c4 - which was supposed to prove ""not the other five"" - trims `invalid input` OUT of its forbidden set, leaving four. The one category the implementation actually emits outside the ratified set is precisely the one dropped from the check. Either a defect row or an explicit reinterpretation row is owed; needs an operator ruling on whether CT-04 caller-error refusals sit outside boundary_refusal_categories.",TO-BE-WRITTEN qa/tests/epic_05::restore the forbidden set to all five non-boundary categories (blocked on operator ruling OR-05)
QMX-F057,lane-L6,E5 qmf-data-backup,5.1-AC1;5.2-AC1;CT-14;CT-26;DEC-0106,medium,UNPROVEN,packages/qmf-data/src/qmf/data/backup.py,"""int64 UTC nanosecond timestamps pass through verbatim, never re-derived under a later calendar identity or tzdata version"" is untested and unrecorded. 5_1_p1 and the L5 chain prove value plus type survive a round trip in ONE calendar context. The counter-case is constructible today - the helpers already parameterise H.cal(version, tzdata) and H.make_store accepts a seal carrying a calendar identity - and was never constructed. Also unrecorded: CT-26 unlimited-reader-under-one-writer-per-stream, the dry-run stage of the migration sequence (observed only through the implementation own stages_completed constant), CT-26 stdlib-typed boundary signatures, CT-14 nullability, and the topology clause.","TO-BE-WRITTEN qa/tests/epic_05::back up under one CalendarIdentity, restore under a later one, assert int64 bit-identity"
QMX-F058,lane-L6,E6 qmf-data ingest,6.1-AC1;DEC-0117,medium,UNPROVEN,packages/qmf-data/src/qmf/data/ingest.py:54; source_boundary.py:73,"The epic headline structural claim - no intake path writes governed namespaces directly - is asserted through two test-owned observers that are NEVER wired into the object under test. ExternalSourceIngest holds no reference to the recording door, so no possible implementation could make door.admitted non-empty; the TattleStore is constructed, bound to a throwaway name and never armed. The third assertion probes one hardcoded private attribute name. The load-bearing evidence is a three-name import denylist, and ingest.py:54 does import SourceObservationBoundary (which imports EvidenceStore) - the gate passes only because the ratified door is not on the list.",TO-BE-WRITTEN qa/tests/epic_06::inject the recording door into the object graph the ingest path can actually reach
QMX-F059,lane-L6,E6 qmf-data ingest,6.2-AC1;6.4-AC2;CT-15;6.1-AC3,low,UNPROVEN,"packages/qmf-data/src/qmf/data/dukascopy.py (_tick_to_record); calendar_feed.py (_parse_event_time_ns, CalendarFeedImport.run)","Three clauses implemented in source and asserted nowhere: bid and ask source timestamps preserved separately (ProviderRecord.bid_timestamp / ask_timestamp are populated and read by no test), the calendar recorder OWN WriterId, and the calendar event event-time equalling the provider declared instant with its foreign timestamp verbatim (the Dukascopy equivalent IS tested). Two further clauses were silently narrowed with no row: conversion-under-lineage (6.1-AC3) and no-package-dependency-on-qmf-data (6.1-AC1, proxied only by the hollow test in F058).","TO-BE-WRITTEN qa/tests/epic_06::assert bid_timestamp/ask_timestamp survival, recorder WriterId, calendar event-time provenance"
QMX-F060,lane-L6,E7 qmf-indicators,7.2;R9;R29;R30;CT-16;Gate-1,high,UNPROVEN,packages/qmf-indicators/src/qmf/indicators/batch.py:376 (ReferenceKernel._run_reference); streaming.py:1074,"No test in qa/tests/epic_07 ever compares a produced value to the reference function OWN output. The only talib use in the whole suite is get_compatibility/set_compatibility. Story 7.2 demands canonical arithmetic is PROVABLY the arithmetic used. The batch-equals-streaming equality law cannot substitute because StreamingIndicator._recompute() calls compute_batch, so both sides of every equality assertion run the same kernel through the same code path: a rescaling, rounding, descaling or lookback-counting error in _run_reference - or a wholesale re-implementation that still declared the right delegate - leaves all 95 tests green. RESULTS excludes this as ""no fabricated golden number (DEC-0007)"", which mis-states the reason: a live call to the pinned reference is an oracle, not a fabricated golden number.","TO-BE-WRITTEN qa/tests/epic_07::compare compute_batch output to the live talib function per wrapper formula, with an injected bias falsification arm"
QMX-F061,lane-L6,E7 qmf-indicators,7.5;R24;R25;CT-16,medium,UNPROVEN,packages/qmf-indicators/src/qmf/indicators/budget.py:148-161; packages/qmf-indicators/src/qmf/indicators/_bench.py,"Two provable halves left unproven inside an UNPROVEN row (E7-F02) that makes them look deferred. (a) R25 second disjunct - a configuration whose benchmark MISSES A DECLARED BOUND is refused at the Tier-2 gate - is never exercised although the code path exists and returns a refusal; two lines of test. (b) R24 measurement half: _bench.measure_burst / measure_latency / measure_noop_tick / measure_configuration exist and grep of qa/tests/epic_07 returns zero hits for all four, while T7-A18 asserts only that the two rung enum members exist and that two class objects are not each other.","TO-BE-WRITTEN qa/tests/epic_07::evaluate_light_claim with a regressing measurement, and drive _bench.measure_configuration"
QMX-F062,lane-L6,E8 qmf-venue,CT-19 stream granularity;10-AC;SCN-0005;FR-023,high,UNPROVEN,packages/qmf-venue/src/qmf/venue,"The UNKNOWN block - the single load-bearing invariant of this epic - is proven on exactly ONE stream. _helpers.mk_account defaults to ""ACC-1"" and no test ever overrides it; make_account_binding is only ever called with one account and World.LIVE. CT-19 states both bounds: the command stream is the (VenueId, account) pair, COARSER than an account binding (all bindings on an account block together) and STRICTLY FINER than a connection (a shared connection never couples distinct accounts uncertainty). An implementation that blocks the whole connection AND one that blocks only the submitting binding both pass every test in test_l3_blocking.py and test_l4_scenario.py.","TO-BE-WRITTEN qa/tests/epic_08::two accounts on one connection (A blocked, B unaffected) and two bindings on one account (both blocked)"
QMX-F063,lane-L6,E8 qmf-venue,CT-18 amend atomicity;DEC-0148;DEC-0158,high,UNPROVEN,packages/qmf-venue/src/qmf/venue (ProtectionAmendment.try_create),"CT-18 amend-atomicity verify-or-refuse rule has ZERO tests and zero deferral notes: ""until the verification suite establishes it, a Book policy amending BOTH protection sides in one act refuses and single-sided amendment is the only legal V1 path"". No file in the suite mentions atomicity, dual-side, or both-sides amendment; ProtectionAmendment.try_create is only ever driven one side at a time. This is the money-path member of the nullability family PLAN section 3 declared present in this epic.",TO-BE-WRITTEN qa/tests/epic_08::a dual-side amend_protection refuses while a single-sided one is admitted
QMX-F064,lane-L6,E8 qmf-venue,8.2-AC2;AR-07;NFR-05;8.3-AC1;CT-19;CT-18,medium,UNPROVEN,packages/qmf-venue/ ; packages/qmf-venue/pyproject.toml,"Cheap structural clauses with no test, all the same shape as the two findings the lane DID raise. (a) 8.2-AC2 SDK is reference-only, no Spotware code executes in QMX and OpenApiPy carries a pinned Twisted reactor violating the platform-imposing ban: no test greps for ctrader_open_api, twisted or OpenApiPy in venue sources or any pyproject. (b) 8.3-AC1 the tier-1 secret-scan gate rides poe check: no file mentions poe, secret-scan or the check task. (c) CT-19/CT-18 undeclared ORDER PARAMETER refusal, declared in PLAN L2-005 and dropped: OrderType is only ever MARKET. (d) CT-19 sequence resets only on boot with a durable cursor, declared in PLAN L2-022 and dropped: monotonicity only.",TO-BE-WRITTEN qa/tests/epic_08::four one-line structural gates
QMX-F065,lane-L6,E9 qmf-structure,CT-17:25;CT-17:31;9.4-AC4,medium,UNPROVEN,packages/qmf-structure/src/qmf/structure/geometry.py; packages/qmf-structure/src/qmf/structure/budget.py:253,"Two clauses look UNIMPLEMENTED in source and neither was adjudicated. (a) CT-17:25 sloped-object evaluation at an instant crossing the named analytic-to-exact boundary with its declared rounding: SlopedObject stores target_scale and rounding but geometry.py exposes only try_create, fp1_identity and content_fingerprint - there is no evaluation entry point. (b) CT-17:31 CT-16 snapshot/restore obligations apply to families verbatim: zero occurrences of snapshot or restore anywhere in packages/qmf-structure/src. A third clause, the fourth light/heavy bound (synchronous availability), has a refusal path at budget.py:253 that is never exercised because every test builds synchronous_available=True. RESULTS headline ""no source defect was found"" holds only because these were never looked at.","TO-BE-WRITTEN qa/tests/epic_09::adjudicate M-5/M-6 as build-or-amend, and exercise synchronous_available=False (blocked on operator ruling OR-12)"
QMX-F066,lane-L6,E9 qmf-structure,9.4-AC2;CT-17 conformance_register,medium,UNPROVEN,packages/qmf-structure/src/qmf/structure (CONCEPT_WALK_REGISTER builders),"The epic dedicated conformance requirement is certified by an assertion that ANY minted object satisfies: for all 11 concept-walk items the test asserts only isinstance(artifact, Fingerprint) and artifact.value.startswith(""fp1:sha256:""). Worse, 6 of the 11 builders do not encode the distinguishing feature of the concept they are named for - the tolerance cluster has no tolerance and no extremes, the calendar composite is nothing calendar-bearing, the multi-BarSpec nest has no BarSpec, the born-from-invalidation builder discards the parent InvalidationRecord and mints an unrelated child with no edge, the threshold-breach-reversal has no reversal. The counter-case (a concept the library can no longer express) cannot make this test fail.","TO-BE-WRITTEN qa/tests/epic_09::each builder asserts the concept distinguishing structure, verified by breaking one builder linkage"
QMX-F067,lane-L6,E10 qmf-risk,10.8-AC5;10.9-AC4;10.10-AC4;10.3-AC1;10.4-AC1;SCN-0010;CT-31;CT-32;CT-28,high,UNPROVEN,"packages/qmf-risk/src/qmf/risk (control_action, control_window, journal_performance, admission, binding)","Five high-severity Epic-10 coverage rows the lane never filed (F-10-03..F-10-07). (a) 10.8-AC5: colliding actions collapse to one command with the RANK WINNER supplying authority and reason - H7 asserts 1 emit and 2 suppressed but never which action won. (b) 10.9-AC4: never retro-invalidate a window that has had effect, a read-time union fold with PASSED BOUNDS FROZEN - I4 generator forces every bound into the future. (c) 10.10-AC4: a fingerprinted population (binding-record fingerprints, NEVER intervals) - no test asserts an interval-based population is refused. (d) 10.3-AC1: Layer 2 technical shakedown on a demo/paper binding - run_layer2_shakedown is imported and never called. (e) 10.4-AC1: a Bot binds exactly one Book, a Book exactly one BMS at a time, one BMS per account serves many Books - three cardinality rules, none tested.","TO-BE-WRITTEN qa/tests/epic_10::five assertions, one per clause"
QMX-F068,lane-L6,E10 qmf-risk,10.2-AC1;P0-8;FR-027;FR-028;CT-22;CT-23,high,UNPROVEN,packages/qmf-risk/src/qmf/risk/r_faces.py; packages/qmf-risk/src/qmf/risk/door.py,"The frozen-money-face half of P0-8 is mechanized as ""a frozen dataclass is unchanged after a call it was not passed to"": test_B3, test_B4 and test_X4 step 4 all read faces.original_risk_amount before and after calling a free function that never receives faces. These hold for any implementation, including one that re-bases R on every stop move through a different entry point. The epic has two disjoint admission entry points (admit_entry_intent in door.py and admit_entry_r_faces in r_faces.py) and X4 has to FABRICATE the money face with a literal that comes from nowhere in the admission, so P0-8 money half is proven only on a function the door path is never shown to call. The full-loss-price half IS solidly green (B6, F1, F3, X4).","TO-BE-WRITTEN qa/tests/epic_10::admit a position, apply a stop move / protection amendment / budget re-derivation to THAT position, re-read its faces"
QMX-F069,lane-L6,E10 qmf-risk,R-009;CT-04;10.8-AC3;10.10-AC3;CT-25,medium,UNPROVEN,packages/qmf-risk/src/qmf/risk (X1 refusal register; journal_before_dispatch),"(a) R-009 gate test X1 asserts emitted <= register where X2 asserts register == every member of the closed RefusalCategory enum, so emitted <= register is unfalsifiable - no choice of doors can make it fail. R-009 is satisfied structurally by X2; X1 adds nothing and its GREEN reads as coverage evidence it does not provide. (b) test_H5 and test_J3 prove storage-failure-blocks-dispatch by PASSING THE FAILURE IN as journal_result=unpersistable(""disk full""): neither observes ordering, and an implementation that dispatched first and journaled afterwards passes both. The demanded assertion is a happens-before with a fake journal and a fake dispatcher recording call order.","TO-BE-WRITTEN qa/tests/epic_10::an enumerated door inventory with a completeness argument, and a happens-before recorder for journal-before-dispatch"
QMX-F070,lane-L6,E11 qml,11.7-AC1;11.7-AC4;CT-22;CT-23;AD-30,high,UNPROVEN,"packages/qmf-risk/src/qmf/risk/admission_bar.py:452-482,465-469","Lane row E11-F04 declares all of 11.7-AC1 not runtime-falsifiable without a format-1 reference schema. That is true only of the trailing ""and nothing more"" clause. AC1 first and most consequential addition - the two admission_bar.evidence_requirements fields registered_conformant_bot_cite and canonical_assignment_evidence - is falsifiable TODAY by the identical pattern the author already wrote twelve lines earlier for exit_policy, and the gate already exists in source. The requirement spells out its own failure mode: a silent AD-30 field addition an old parser would ignore and thereby ADMIT THE VERY EVIDENCE THEY EXIST TO REFUSE, at the live-money admission bar. An UNPROVEN row with a false reason launders a coverable gap.",TO-BE-WRITTEN qa/tests/epic_11::a format-1 AdmissionBar with registered_conformant_bot_cite=True must refuse; the format-2 one must carry it
QMX-F071,lane-L6,E11 qml,11.1-AC5;11.4-AC3;11.1-AC3;11.2-AC3;CT-33,medium,UNPROVEN,qml/src/qml/conformance/registration.py:132-142; qml/src/qml/footprint/manifest.py:522-548,"(a) 11.1-AC5 is reported PASS off two hardcoded literals: admit_ungoverned_tunnel() takes no argument and unconditionally returns Ok(UngovernedTunnelAccess()) whose fp1_identity hardcodes ticket_required=False and tunnel_open=True. No counter-case exists except by editing source. (b) 11.4-AC3 TRANSITIVE half is entirely unexercised: compute_transitive_union child-confluence recursion, catalog resolution, acyclicity refusal and the bot_direct merge are never driven. (c) 11.1-AC3 positive clause (qml imports qmf-core, qmf-registry and qmf-risk ONLY) is proxied by an absence-of-qmf.venue check that an import of qmf.data would pass. (d) 11.2-AC3 covers only the ExitLogicRef arm; the family-scoped paper starting balance and per-family bench threshold are untested.",TO-BE-WRITTEN qa/tests/epic_11::four clause-level assertions
QMX-F072,lane-L6,E12 qml,12.4-AC2;CT-33;AR-64,high,UNPROVEN,"qml/src/qml/conformance (generate_golden_slice, evaluate_layer2)","The golden-slice generator produces a deterministic identity-bearing conformance fixture KEYED OFF THAT FOOTPRINT - no test asserts it. generate_golden_slice is called four times across the suite, always as an INPUT to something else; no test asserts that two generations from one footprint fingerprint alike, and none asserts a different footprint yields a different golden_slice_fingerprint. The Layer-2 verdict identity carries golden_slice_fingerprint as a key name only. If the generator were footprint-insensitive, every conformance identity in the epic would be hollow and all 73 tests would still pass. Two assertions would close it.",TO-BE-WRITTEN qa/tests/epic_12::two generations from one footprint agree; a different footprint differs
QMX-F073,lane-L6,E12 qml,12.4-AC1;12.4-AC3;12.4-AC4;12.5-AC5;12.3-AC4;12.2-AC3;12.1-AC2;12.1-AC4;12.6-AC1,medium,UNPROVEN,"qml/src/qml/conformance/layer2.py; runner.py:149-150,518-540,608; layer1.py:60-63","Six narrowed clauses with no row. (a) Four Layer-2 verdict arms are never flipped to their failing value: loaded_in_isolation=False, book_present=True, state_bound_holds=False, restore_equivalent=False - each a one-line dataclasses.replace in the pattern the test already uses. (b) 12.5-AC5 ""a Layer-2 conformance failure BEFORE any process is spawned"" has no observer; the source does return pre-spawn but the suite takes that on the module word. (c) 12.3-AC4 ""journaled - never swallowed"" is a self-declared flag refusal.context.get(""journal"") is True; a real qmf.core.sinks.JournalSink exists and nothing is appended to one. (d) 12.2-AC3 protocol-format-version restore component excluded in a comment. (e) 12.1-AC2 knowable-at and structure-lifecycle-fold evidence shapes. (f) 12.1-AC4 no Book module injected into bot logic - construct_bot is never called with a book-bearing read surface. (g) 12.6-AC1 seat-time invocation.","TO-BE-WRITTEN qa/tests/epic_12::flip the four verdict arms, add a spawn recorder, inject a JournalSink"
QMX-F074,lane-L6,E13 qmb/config,13.5-AC3;CT-28;DEC-0143;AD-10;R-004;P0-assertion-4,high,UNPROVEN,qmb/src/qmb/config (binding mint path),"The epic money-safety invariant is never exercised. CT-28 ratified: a binding record that fingerprints EQUAL to an existing one is an invalid input refusal, never AD-10 silent idempotent accept - that path exists for byte-identical re-writes of the same work, NOT for a second pot of money. PLAN planned this as T13-306; the delivered T13-306 is a verbatim duplicate of T13-305 and RESULTS still records ""R-004 satisfied: T13-306 PASS"". Worse, T13-205 asserts the ACCEPT side of the same invariant (a second mint over identical inputs yields an identical fingerprint and is accepted) under a comment about cardinality.","TO-BE-WRITTEN qa/tests/epic_13::mint a binding, attempt a second record fingerprinting equal to it, assert an invalid input refusal"
QMX-F075,lane-L6,E13 qmb/config,13.1-AC5;13.2-AC1;13.2-AC4;13.2-AC5;13.4-AC2;13.4-AC4;13.5-AC2;NFR-02;SC-11,medium,UNPROVEN,root pyproject.toml [tool.poe.tasks.check]; qmb/src/qmb/doors/**; qmb/src/qmb/config/compiler.py,"Six clause-level gaps. (a) The AC names the Tier-1 gate; the suite invokes two of its ten steps - ambient-scan and money-path-scan over qmb, cov-report and pytest are never run. (b) 13.2-AC1/AC5 no door-side or second cache and dumb passive storage are asserted as declared booleans (HOLDS_CACHE is False, HUB_KIND == ""passive-storage""); an implementation that held a cache and set the flag False passes. The T13-007 AST technique over qmb/doors/** would assert it. (c) 13.2-AC4 one as-of frozen for every trial: no test lands a FRESHER as-of into the hub after admission and re-resolves. (d) 13.4-AC2 collision refusal is asserted at the merge_book_bms_keys helper, not at compile_run_config which the AC names. (e) 13.4-AC4 all doors compute the same fingerprint: only the API door is compared; the shipped CLI door never fingerprints anything, and no filesystem write or read occurs anywhere in the suite. (f) 13.5-AC2 the non-overridden fold STAYS RATED is never asserted, so an always-unrated implementation passes.",TO-BE-WRITTEN qa/tests/epic_13::six clause-level assertions plus a full poe check run over qmb
QMX-F076,lane-L6,E14 qmb/runloop,14.2-AC;AR-57;B-2;R11;NFR-03;P0-assertion-13,high,UNPROVEN,"qmb/src/qmb/runloop/loop.py; qa/tests/epic_14/_e14.py:92-95,110-112","The epic flagship P0 guarantee - the six sub-phase order is pinned AND identity-bearing - is nowhere asserted against observable loop behaviour. Pinned order is read from the loop OWN trace / subphase_order(), and RecordingHandler (the one instrument that could observe execution order) records into FOUR SEPARATE LISTS so interleaving is unobservable; two of those lists (scheduled, executed) are never asserted anywhere. Identity-bearing is proved by copying loop_identity(), replacing the subphases value with a reversed tuple, and hashing both - a property of sha256, not of the run loop; run() is never called. A loop that executed sub-phases 2/3/4 in the wrong order, or whose CT-32 fingerprint did not incorporate the order at all, passes green with zero findings.","TO-BE-WRITTEN qa/tests/epic_14::a phase-tagged single-log handler, plus a test-only reordered driver whose RUN produces a different CT-32 fingerprint"
QMX-F077,lane-L6,E14 qmb/runloop,14.2-AC;R8;AR-56;14.5-AC;14.4-AC;FR-036;B-7;CT-12;CT-23;FR-032,high,UNPROVEN,qmb/src/qmb/runloop/loop.py; qmb/src/qmb/execution/handler.py,"Seven unasserted clauses. (a) A rested intent actually FILLING on a later slice: every test asserts out.filled == () (the absence of a fill) and handler.executed is never asserted - a loop that never executed a resting order passes every test in Group B and the Group I property. (b) Sub-phase 2 scheduled position-level events (financing) has zero behavioural coverage. (c) Ports bound PER RUN-CONFIG: nothing binds a port through a ResolvedRunConfig or drives a fill through the loop. (d) The CT-29 exit minted against the run world=replay binding. (e) Bot-proposed exits are risk-monotonic. (f) Warm-up length SOURCED FROM the AD-21 split manifest: every warm-up test passes embargo as a run() parameter, which is arguably the second window the AC forbids. (g) world DERIVED from provenance rather than caller-declared at the run seam: the helper sets data_provenance and world as two independent constructor arguments.",TO-BE-WRITTEN qa/tests/epic_14::seven clause-level assertions
QMX-F078,lane-L6,E14 qmb/runloop,14.6-AC;14.5-AC;B-4;AR-56;CT-23;R21;R29,medium,UNPROVEN,qmb/src/qmb/runloop/observe.py:51; ports.py:97-98; bars.py:84-87; warmup.py:42-43; frontier.py:37,"Twelve Final[bool]/Final[str] compliance constants exported by the source under test are asserted directly as evidence (CLOCK_DOES_NOT_CHOOSE_WORLD, COMPLETED_BOUNDARY_ONLY, FORMING_BAR_ACTIONABLE, PARTIAL_GOVERNED_RESULT_ON_ABORT, CLAIMS_EDGE, SPENDS_SPLIT_BUDGET and others), plus self-reported fields in refusal contexts and identity dicts. Two carry the WHOLE weight of their requirement: 14.6-AC ""the pure run() returns a terminal refusal and WRITES NOTHING"" is observed as four self-reports of an absence of writes rather than an injected sink asserted empty; and 14.5-AC full-loss-price-before-any-open is asserted as ident[""full_loss_before_open""] is True while the actual enforcement in qmb/execution/risk.py is never exercised, and require_authorized_intent is only ever passed junk so a function that refused EVERY input including a valid CT-23 intent would pass.","TO-BE-WRITTEN qa/tests/epic_14::injected ledger/log/output sinks asserted empty after an abort, and a positive-admission case"
QMX-F079,lane-L6,E15 qmb/orchestrator,15.3-AC3;15.3-AC?;B-5;R11;R12;R15;R16;R14,medium,UNPROVEN,"qmb/src/qmb/orchestrator/watch.py:54,182,186; line.py:268,606-610; ledger.py:324,497","Six narrowed clauses with no row. (a) R11 (PLAN P0) abort kills only its own process: the test compares a value the implementation copied out of ABORT_KILLS_SIBLINGS against that same constant; a change that os.kill-ed every live sibling while leaving the constant False still passes. The survivor half IS genuinely observed. (b) R12 output-stays-in-its-own-room: the run directory is created, handed to the runner, and never listed. (c) R14 provenance=sandbox is deferred on a FALSE premise - factory_sandbox is a plain public keyword argument on both mint_completed_line and finish_run and _label_payload stamps the provenance; a two-line test proves it. (d) R15 append-with-fsync / torn-tail proxy. (e) R15/R16 the multi-writer merge view over TWO on-disk fragments is never exercised end to end - the WriterId design is untested where it matters. (f) R13 never-two RACE goes through sink.append twice rather than the orchestrator two terminal paths.","TO-BE-WRITTEN qa/tests/epic_15::victim liveness check, output-dir listing, factory_sandbox two-liner, torn-tail plant, two-writer merge view, double finish_run"
QMX-F080,lane-L6,E15 qmb/orchestrator,R8;R10;AD-13;R-017;15.2-AC,medium,UNPROVEN,qmb/src/qmb/orchestrator/governor.py:57; qmb/src/qmb/orchestrator/watch.py,"Two correctly-recorded lane rows, carried forward. (a) E15-F02: the 12-14 concurrent runs on sandbox hardware figure is a motivating reference under AD-13, never a validated budget - governor.py declares SANDBOX_CONCURRENT_MOTIVATING_REFERENCE = ""not-a-validated-budget"" and no fingerprinted AD-13 baseline exists. The structural gate (no 12/13/14 integer constant inside any ast.Compare in governor.py) under-detects: a baked default such as `cpu_budget = cpu_budget or 12` is an ast.BoolOp and would pass. (b) E15-F03: no OS-enforced hard memory cap (Windows Job Object / POSIX rlimit); the watchdog observes peak working set and kills. The AC demand (detection to typed abort) is proven green for both the time and memory arms.",TO-BE-WRITTEN qa/tests/epic_15::widen the governor literal scan past ast.Compare; measure and fingerprint an AD-13 baseline before any number is asserted
QMX-F081,lane-L6,E16 qmb/doors,16.3-AC4;R13;B-4;B-9,high,UNPROVEN,qmb/src/qmb/runloop/loop.py:794; qmb/src/qmb/doors/api/__init__.py,"R13 (a direct library call through the door in research returns values and produces NO GOVERNED EVIDENCE) is recorded PASS on a test no behaviour of the code under test can turn red. The observer is a freshly created empty tmp_path that is never passed to api.run and never made the cwd; the LedgerSink is built AFTER the call and never handed to run. api.run takes no output path at all, so a hypothetical evidence-writing run would write somewhere the test does not observe. A governance invariant banked as green on a structurally unfalsifiable observation.",TO-BE-WRITTEN qa/tests/epic_16::pass a test-owned recorder as observer= or monkeypatch.chdir(tmp_path)
QMX-F082,lane-L6,E16 qmb/doors,16.2-AC4;16.1-AC1;16.1-AC2;16.6-AC2;16.3-AC1;R1;R9;R10;R23;AR-13,medium,UNPROVEN,qmb/src/qmb/doors/cli/tree.py:450-520 (invoke_data); qmb/src/qmb/doors/api/__init__.py __all__; qmb/src/qmb/doors/mcp/,"Five narrowings. (a) R9 real risk (a door with a broad except Exception that launders bugs into the CT-04 channel) has no covering assertion - the test asserts Python own arity enforcement instead. (b) R1 no-domain-logic-in-the-door samples 4 of 15 capabilities and omits EVERY data.* command, which is the one place door-side control flow actually lives (invoke_data does six-way token dispatch, a has_generator_config branch and per-branch payload assembly). (c) R10 pure-re-export converse: qmb.doors.api.__all__ carries 1097 names of which 9 are not in qmb.__all__, eight of them self-declared markers including WRITES_GOVERNED_EVIDENCE - a door-declared flag standing exactly where R13 failed to observe the real thing. (d) R23 MCP localhost-bound runtime half. (e) E16-F04 tier-2 scheduling half is statically provable from root pyproject.toml which the lane already parses twice.",TO-BE-WRITTEN qa/tests/epic_16::inject a raising seam under catch_exceptions=False; scan invoke_data; assert the API door surface converse
QMX-F083,lane-L6,E17 qmb/execution,17.3-AC4;17.3-AC5;17.3-AC1;17.5-AC1;17.4-AC4;17.2-AC4;17.1-AC6;R21;R22;R18;R29;R27;R16;R11,medium,UNPROVEN,"qmb/src/qmb/execution/fill.py:492,767-795; handler.py; binder.py:308-317","Six narrowed clauses with no UNPROVEN row. (a) stale_price_span: _stale_guard implements the Duration arm and no test ever passes a stale_price_span; only the resting-order arm is exercised. (b) The FILL-6 mechanism split_path_at / remaining_paths (a deterministic order derived by splitting the declared path at each fill price) is never driven, and the equal-cross-index tie-break is untested. (c) The sub-phase 2 and 3 call points on ExecutionSliceHandler (with their own calendar-required and WriterId-required guards) are untested. (d) 17.4-AC4 a fee queried for admission whose fill does not occur charges nothing is stated in a comment rather than observed at a sink. (e) 17.2-AC4 the real AD-39 SQS door consuming the spread series is never involved. (f) 17.1-AC6 world=simulated refusal is conflated: the only binder test passes clock=replay AND synthetic-tainted AND world=SIMULATED at once and _refuse_world short-circuits on the clock arm first, so the world arm is never the cause.",TO-BE-WRITTEN qa/tests/epic_17::six clause-level assertions
QMX-F084,lane-L6,E17 qmb/execution,17.0;NFR-02;FR-001,low,UNPROVEN,qa/tests/epic_17/test_f_static.py,"The epic P0 no-float gate scans pathlib.Path(""qmb/src/qmb/execution"") - a RELATIVE path. Run from any cwd other than the worktree root the glob yields zero files and the test passes having scanned nothing. The self-check probes the scanner against a synthetic string but never asserts that any file was parsed. One line (assert len(scanned) >= 11) closes it. Same shape as the vacuous-scanner family across the suite.",TO-BE-WRITTEN qa/tests/epic_17::pin the scan to an absolute path with a scanned-count guard
QMX-F085,lane-L6,E18 qmb/data,18.4-AC1;18.5-AC1;18.2-AC2;RQ14;RQ23-RQ32,medium,UNPROVEN,qmb/src/qmb/data/verify.py:536; gap_check.py:560,"Every verify and gap-check test drives the SUT with test-injected ticks/rows passed through the request mapping. verify.py:536 short-circuits the archive read whenever ticks is present and gap_check.py:560 does the same for rows, so the AC precondition ""Given a window IN THE ROOMS"" and ""computes expected-bars-minus-present-bars over the rooms"" are never exercised on any of RQ23-RQ32. RESULTS carries a prose caveat for RQ23 only. Separately the licence gate is an oracle-from-implementation: resolve_license_tag(tag) is both the expectation AND the policy tag, so policy and window tag can never disagree and the ratified four-state interface is never pinned against the ratified list.",TO-BE-WRITTEN qa/tests/epic_18::exercise verify and gap-check without injected ticks/rows; pin the licence taxonomy against the four ratified states
QMX-F086,lane-L6,E19 qmb/results,AC19.5;R29;R-RPT-9;P0,high,UNPROVEN,"qmb/src/qmb/results/render.py; interpret.py; qmb/src/qmb/results (refuse_downstream_act, PublishAct)","R29 (P0) demands: rendering, interpretation and reproduction all run and NONE has sized, promoted, benched, bound or changed a mode. The only evidence is (a) a refusal function called against its OWN lookup table, (b) an enum membership assertion, and (c) a grep for five author-invented token strings with no falsifiability probe and no check that those are the real sink names - it would pass vacuously against any differently named sink. No test-owned sizing/promotion/bench/mode-change sink exists in the suite, so nothing is observed WHILE render_report / explain_run / compare_runs / require_reproduced_fingerprint run.",TO-BE-WRITTEN qa/tests/epic_19::a test-owned publish sink observed empty while all four downstream functions run
QMX-F087,lane-L6,E19 qmb/results,AC19.4;AC19.5;AC19.2;AC19.1;R20;R24;R10;R3;R21;R-RPT-13;R-RPT-21;AR-59,medium,UNPROVEN,qmb/src/qmb/results/charts.py:59-64; render.py (write_run_renders); ct32.py:864-903,"Five narrowed clauses. (a) R20: the monthly-returns grid (with annual column), the monthly-return distribution and the trade-P&L distribution as raw histogram-ready arrays are all IMPLEMENTED (ChartSet.monthly_returns, AnnualReturnCell, monthly_return_distribution, trade_pnl_distribution, HistogramReadyArray) and have ZERO tests, because the test adopted the module own four-name V1_CHART_SERIES_NAMES constant as its oracle. (b) R24 (P0): write_run_renders (which writes results/report.md) has no test at all, and ""adding no computation and deriving no new number"" is never observed. (c) R10: no test asserts max_drawdown_recovery or underwater carries the duration unit-kind or an int64-ns representation. (d) R3: the fidelity identity (adapter-id + composition-version + taint) folded into input_fingerprints is never asserted. (e) R21: leverage series - both cases pass leveraged=False.",TO-BE-WRITTEN qa/tests/epic_19::five clause-level assertions
QMX-F088,lane-L6,E20 qmb/sweep,20.4-AC;B-10;FR-034;R19;P0,high,UNPROVEN,"qmb/src/qmb/sweep/rank.py:132,133,134,222,223,304","The epic most important firewall - ranking publishes and never acts - is asserted by four read-backs of constants the module declares about itself (RANK_PUBLISHES_NEVER_ACTS = True, RANK_MAKES_EDGE_CLAIM = False, RANK_MAKES_PASS_FAIL_VERDICT = False, taint default). No constructible counter-case: an implementation that promoted a Book on every rank would still set the flag True and pass. The same test RANK_FORBIDDEN_ACTS loop proves every member of the module list is in the module list. What survives and is genuine: the composite_score objective refusal and the verdict/pass/fail/score/rating/tier disjointness on identity.","TO-BE-WRITTEN qa/tests/epic_20::a test-owned recorder that registers whether ranking bound, promoted or sized anything, plus a test-owned spine-derived forbidden-act list"
QMX-F089,lane-L6,E20 qmb/sweep,20.3-AC4;20.3-AC1;20.3-AC3;20.2-AC1;20.2-AC3;20.1-AC1;20.1-AC3;R16;R13;R12;R15;R10;R8;R4;R1,medium,UNPROVEN,"qmb/src/qmb/sweep/batch.py; qmb/src/qmb/registryread/port.py:127,144","Eight silently narrowed AC clauses. Highest value: R16 ""EVERY FILL CARRIES THE OPTIMISTIC TAINT"" - no fill is produced or inspected anywhere in the epic; good_slices produces no fills, the only mint_run_performance_result call passes filled_count=0, and the sole taint assertion is a RankedCombo dataclass default. Also: parallelism bounded by min(cpu, memory) with enqueue-when-full is never observed (varying cpu_budget 1 to 4 and comparing identity would pass a governor that ignored the budget entirely); schema-validated run-config; one isolated OS process (proven only by four distinct output_dir values); the named stream-set violation exemplars and the aborted TIME-limit breach; severity configurable with no invented default (the counter-case - a port built with no severity - is never constructed); the as-of stamped into the SWEEP label as well as every run label; the click==8.4.2 pin.",TO-BE-WRITTEN qa/tests/epic_20::produce one filled combo and read the taint off the artifact; observe the concurrency bound; six further counter-cases
QMX-F090,lane-L6,E20 qmb/sweep,20.2-AC1;20.4-AC1;R7;R8;R23;R2;B-15,medium,UNPROVEN,qmb/src/qmb/registryread/port.py; qmb/src/qmb/sweep/batch.py,"(a) R7 ""no door-side or SECOND CACHE"" is asserted as admitted.port.frozen is True (a self-declared flag) plus an as-of equality an implementation with a second cache seeded from the live port passes unchanged. (b) R8 ""a fresher as-of mid-batch changes no combination"" never exercises admitted.port at all - it constructs its OWN frozen port and asserts against that. Because PassiveHub.with_set returns a NEW hub, the admitted sweep port physically cannot see a fresher set through any public surface, so the counter-case is unconstructible and the clause should be an UNPROVEN row with that structural reason, not a green. (c) E20-F02: the batch-driver write-side keying dicts assign with no explicit CT-05 true-collision guard; a real SHA-256 collision cannot be injected through a public surface, and the mitigations (merge_ledger_lines refuse-and-alarm; _report refusing on a missing outcome) are real. (d) E20-F01 sweep-combo ledger role - see operator ruling OR-02; the test that carries it also asserts len(bar) == 4, which pins the very default the row declares unratified.",TO-BE-WRITTEN qa/tests/epic_20::observe the freeze rather than the flag; re-run the fresher-hub probe against admitted.port
QMX-F091,lane-L6,E21 qmb/optimize,21.3-AC3;CT-12;AR-16;DEC-0119;FR-012;P0-assertion-6,high,UNPROVEN,"qmb/src/qmb/optimize/splits.py:462 (admit_default_split_access), :485 (serve_split_read)","An in-epic acceptance criterion with two shipped Epic-21 functions, zero tests and no findings row. admit_default_split_access decides whether a research read may touch a segment role and refuses sealed-test under default access citing CT-12, the AR-16 seal law and DEC-0119; serve_split_read composes the CT-12 HoldoutSeal guard, the manifest embargo/knowledge-time partitioning and that admission into the one split-read door. Neither is imported by any file under qa/tests/epic_21. The clause was filed in RESULTS under ""Deferred seams (owned elsewhere - NOT COUNTED HERE)"" attributed to qmf-data, but the admission DECISION is Epic 21 own code implementing Epic 21 own AC. The falsifiable test is a two-liner.","TO-BE-WRITTEN qa/tests/epic_21::admit_default_split_access(""sealed-test"") is a policy rejection while train and validation are admitted"
QMX-F092,lane-L6,E21 qmb/optimize,21.1-AC1;21.4-AC2;21.6-AC1;21.6-AC2;21.5-AC3;21.2-AC3;21.2-AC5;21.2-AC4;R1;R11,medium,UNPROVEN,"qmb/src/qmb/optimize/space.py:116-123; sampler.py:872; sensitivity.py:355,498; qmb/src/qmb/doors/cli/tree.py:361-378","Eight clause-level gaps with live surfaces. (a) R1 identity assertion cannot fail: run_config_layer() is defined AS {STUDY_SPACE_KEY: self.fp1_identity()} and the test compares its return value to that expression; the resolved run-config is never built and the space is never observed inside a resolved config fingerprint. (b) The whole-generation BARRIER (StudyStepper.tell, which refuses unless every ask in the generation reported) is never called by any test; order-invariance is asserted only against the pure port with hand-permuted priors. (c) Good-region CLUSTERING (GoodRegionCluster, SensitivityReport.clusters with member_run_ids, parameter_ranges, per-cluster distribution, contains_winner) has no R-row, no test, no row. (d) The qmb CLI estimate door is never driven. (e) StudyArtifact is never built. (f) One of six constraint operators exercised. (g) 21.2-AC5 clean terminal state with partial results preserved. (h) 21.2-AC4 the min-trades floor as a UI-editable configurable with no spine constant.",TO-BE-WRITTEN qa/tests/epic_21::eight clause-level assertions
QMX-F093,lane-L6,E21 qmb/optimize,R28;R13;R15;R16;R31;R32;B-7;FR-045,medium,UNPROVEN,qmb/src/qmb/ledger/line.py:447-500; qmb/src/qmb/optimize/objective.py; sensitivity.py:501,"(a) E21-F04 under-states: the exactly-one-line-per-spawned-run law is NOT proven by T21-327 - its duplicate/collision arms land in merge_ledger_lines (an Epic-13/15-owned READ primitive) and its never-zero arm asserts that the fold kept an aborted line THE TEST ITSELF SUPPLIED. Nothing observes an append. R28 is UNPROVEN in Epic-21 isolation, in full. (b) R13 train-computes-the-objective / test-records-without-contributing is read off two booleans the plan declares about itself, then handed to a guard that reads the same flag; an implementation that folded both splits into the objective passes. (c) R15 and R16 (P0) pass the conclusion in as an argument. (d) R31 numeric-threshold half silently dropped. (e) R32 canonical_payload is a self-declared marker and the Bar/Price citation quietly became parameter values.",TO-BE-WRITTEN qa/tests/epic_21::observe effects instead of flags on R13/R15/R16; widen E21-F04 to R28-in-full
QMX-F094,lane-L6,E22 qmb/robustness,22.2-AC3;22.3-AC1;22.1-AC1;M1;M2;M3,medium,UNPROVEN,"qmb/src/qmb/robustness/shuffle.py:396-425,745-759,701; perturbation.py:1073-1091","(a) The direction-aware empirical percentile rank of the original result (lower-is-better for drawdown) is IMPLEMENTED (ShuffleMetric.observed_favorable_rank, _favorable_rank) and WHOLLY UNASSERTED - a direction inversion on drawdown, the exact error the clause exists to prevent, passes the suite untouched. Independently recomputable from the scenario distribution the test already holds. (b) The moving-block mechanic and the effect of block_length are untested: only the declared string constant and an echoed integer. (c) 22.1-AC1 ""RETURNS its result and WRITES NO LOG AND NO LEDGER LINE"" has no sink observation anywhere; a caplog/handler observation was trivially constructible and the module imports no logging, so it would have passed honestly. (d) The seed derivation is tested via a helper the shuffle never calls (shuffle.py:701 inlines random.Random(base_seed + index)); a base-seed offset-shift would falsify any non-additive derivation through the public procedure.",TO-BE-WRITTEN qa/tests/epic_22::recompute the favorable rank; prove block structure; observe a log/ledger sink; offset-shift the base seed
QMX-F095,lane-L6,E22 qmb/robustness,22.5-AC2;22.1-AC6;22.4-AC6;22.3-AC3;22.4-AC1;B-4;L20;SC-06,medium,UNPROVEN,"qmb/src/qmb/robustness/walkforward.py:869-879; contract.py:183,209; significance.py:277,728,755","Six wholly-hollow P0 tests: each calls a pure refusal constructor or reads a self-declared constant. fold_oos_bar_outcome is `del window; return OOS_BAR_OUTCOME_NOT_YET_RULED` and the test compares it to that very constant - nothing about a read-time fold over ledger window runs is observed. refuse_edge_claim, refuse_live_money_gate, refuse_gate_auto_merge, refuse_live_result_world and guard_signal_pass are all bodies of `return policy(...)`, so no edge-claim consumer and no money-gate surface is ever driven and no laundering path is closed. 22.5-AC2 in-sample role is read off a WalkForwardWindow the test itself constructed rather than from a ledger sink, and its second assertion (role in (TRIAL, REPLICATE)) is near-vacuous over a two-member roster. Also unrecorded: the governor fan-out and role=replicate ledger line, split-governed reads at every boundary, and the detrend-by-mean arithmetic.","TO-BE-WRITTEN qa/tests/epic_22::observations through injected sinks and the real loop, not constructors"
QMX-F096,lane-L6,E23 qmb/data,23.3-AC1;B-7;DEC-0164,high,UNPROVEN,"qmb/src/qmb/data/generate.py:1531-1589,1574-1580 (_store_taint, route_synthetic_persist, _write_provenance)","The defining clause of the epic - the origin=synthetic taint recorded AT THE STORE LEVEL, not merely in a filename - is never observed against anything persisted. _write_provenance is NEVER EXECUTED BY ANY TEST: no test in qa/tests/epic_23 passes output_root to a call whose provenance it then inspects, and the one tmp_path use checks the config artifact only. Both P0 tests that claim it operate on an in-memory SyntheticStoreProvenance handed straight back by the same call that made it. The derivation is proven; the PERSISTENCE is not. A defect that wrote the sidecar to the wrong partition, dropped it silently on an unwritable root, or serialised it with a missing origin key would pass all 27 green tests. The six-field check is presence-only, so a record carrying six wrong values passes.","TO-BE-WRITTEN qa/tests/epic_23::give T23-312 an output_root, read the sidecar back off disk, assert each field equals the resolved config value and the path sits under SYNTHETIC_STORE_PARTITION, then feed that on-disk mapping into derive_world_from_store_provenance"
QMX-F097,lane-L6,E23 qmb/data,23.3-AC5;23.3-AC4;23.1-AC1;23.1-AC4;23.2-AC1;23.2-AC4;23.4-AC6,medium,UNPROVEN,"qmb/src/qmb/data/store_taint.py:685-706,747-777,780-797; generate.py","Five clauses green off constructor literals or unconditional refusal factories. (a) 23.3-AC5 procedure-ephemeral: procedure_ephemeral_taint is a pure constructor writing world=replay, claim_class=robustness, creates_store_partition=False in as literals and the test asserts exactly those literals back; no run is perturbed, no world derived, no store-partition absence observed. (b) 23.3-AC4 promotion clause: refuse_promote_synthetic unconditionally returns a policy refusal and there is NO promotion surface in the package for it to guard. (c) 23.1-AC1 door invocation: all 30 tests import qmb.data directly and no test crosses the click CLI door the AC names. (d) 23.1-AC4 OHLC integrity survives EVERY TRANSFORM: only the SyntheticBar.try_create constructor is exercised; no adapter or perturbation is driven into producing a bound-violating bar. (e) 23.2-AC1 whether the claim class actually reaches a CT-32 label. RESULTS summary line ""UNPROVEN Epic-23-owned requirements: 0"" is not supportable.",TO-BE-WRITTEN qa/tests/epic_23::five clause-level assertions
QMX-F098,lane-L6,E1 qmf-core,R-002;P0-assertion-3;CT-04;AR-13,high,UNPROVEN,"packages/qmf-core/src/qmf/core (add, subtract, to_money, in_pips, compare, equals, contains, overlaps, elapsed_since, negate, add_duration, mint, wall_now, monotonic_now)","The P0 risk row this epic owns (R-002, no public callable raises across the boundary) is verified over only the try_create factory surface - 33 module functions - and no INSTANCE METHOD is driven. The arithmetic surface is where consumers actually branch. The one public core callable that does raise (DataDrivenClock.wall_now) is excluded from the property while E1-U41 pins its raise, and its exact English prose, as correct. See operator ruling OR-03.",TO-BE-WRITTEN qa/tests/epic_01::widen E1-P03 to the instance-method surface
QMX-F099,lane-L6,E1 qmf-core,CT-05;DEC-0158;CT-01:20;P0-assertion-4;AR-52,high,UNPROVEN,packages/qmf-core/src/qmf/core/fingerprint.py; exact.py,"There is NO frozen golden fp1 digest anywhere in the suite: every expectation is recomputed from the same code, so no test would fail if the canonicalisation recipe changed tomorrow (sort order, NFC, separators, scale normalisation). E1-A02 labels calling one pure function twice in one interpreter as ""two independent conformant producers"", which tests referential transparency, not producer agreement or recipe stability - the single thing a replay-reproducibility acceptance test exists to catch. Related: the pinned canonical FORM itself (exact rationals reduced to lowest terms, denominator strictly positive, sign on the numerator, serialized as a two-key object with both keys always present) is never inspected - only the consequence (equal value implies equal fp1) - so a form regression that preserved equality passes every test. Also E1-A02 line 84 `assert Fingerprint.try_create(producer_a)` is a dead assertion: both Ok and TypedRefusal are truthy dataclass instances.","TO-BE-WRITTEN qa/tests/epic_01::frozen golden fp1 digests over a small fixed artifact set, plus canonical-form inspection"
QMX-F100,lane-L6,E1 qmf-core,CT-01:14;FM-4;1.4-AC;1.7;1.8;NFR-02;AR-20;DEC-0101,medium,UNPROVEN,packages/qmf-core/src/qmf/core/exact.py; tools/money_path_scan.py; tools/ambient_scan.py,"(a) E1-P02 asserts mixed-scale addition ALWAYS succeeds: with scales drawn 0..12 and promotion to max(s1,s2) the non-promotable arm is unreachable by construction, so the refusal arm of FM-4 is exercised nowhere for addition/subtraction. A generator reaching MAX_SCALE or the int64 magnitude ceiling would be requirement-faithful. (b) Stories 1.7 and 1.8 - the NFR-02 money-path and ambient-nondeterminism scanners, eight ACs, the mechanism that makes FR-001 and FR-002 mechanically enforceable - have ZERO tests: no must-flag fixture, no must-not-flag fixture, no nonzero-exit wiring assertion. The scanners exist and run (the machine battery invoked them directly) but nothing verifies they flag what they must. (c) AR-20 coverage floors (100 percent branch on exact.py and chrono.py, 80 percent elsewhere) were never measured, so PLAN exit criterion (b) is unevidenced.",TO-BE-WRITTEN qa/tests/epic_01::reach the FM-4 refusal arm; author the Story 1.7/1.8 must-flag and must-not-flag fixtures
QMX-F101,lane-L6,E1 qmf-core,AR-01;AR-02;AR-03;AR-04;AR-05;AR-07;AR-09;AR-11;AR-19;AR-21;AR-25;AD-13;AD-15;NFR-11;CT-02:46;DEC-0138,medium,UNPROVEN,packages/*/pyproject.toml; DEPENDENCIES.md; packages/qmf-core/src/qmf/core; packages/qmf-core/examples/,"A block of Story 1.1/1.3/1.5/1.6/1.9 clauses the L6 flagged as STATICALLY CHECKABLE TODAY and untested: no qmf/__init__.py in any distribution; workspace membership and src/qmf/<name>/ layout; tool version pins (ruff 0.16.3, pyright 1.1.411 strict workspace-wide, pytest 9.x, poethepoet 0.48.0) and the secret-scan gate inside poe check at Tier 1; DEPENDENCIES.md shape and licence policy (MIT/BSD/Apache/PSF allowed, GPL/AGPL and strategy-family and platform-imposing rejected, LGPL only unmodified and separately installed); SemVer lockstep across the seven roster packages; the NFR-11 failure-register six required elements; the AD-13 benchmark-harness slot per package including the peak-memory axis; AR-19/AR-21 contract tests and reference-usage examples exist and execute; Venue and Account defined only in qmf-core; no market-hours calendar rule set in qmf-core; nothing below the composition root reads the system clock; SemVer never enters identity; qmf-core performs no I/O and spawns no work (asserted only as ""the protocols are Protocols"").",TO-BE-WRITTEN qa/tests/epic_01::one L0 module of static gates
QMX-F102,lane-L6,E5 qmf-data-backup,5.1-AC5;5.3-AC4;5.4-AC1;5.4-AC2;5.4-AC4;5.2-AC4;DEC-0045;DEC-0118;AR-37,low,UNPROVEN,packages/qmf-data/src/qmf/data/backup.py; cycle.py; docs/registry/variables.yaml,"Six lane rows (E5-F03 through E5-F08) correctly recorded as blocked spec or environment limit, carried forward unchanged: symlink-safe write (os.symlink needs SeCreateSymbolicLink on this host; the test SKIPS rather than passing vacuously), the four numeric registry values (RPO, RTO, retention depth, restore-verification cadence) left at the node/ops sitting by DEC-0118, encryption strength and key custody (DEC-0118 + AR-37), object-storage provider selection and object-key layout (DEC-0045/DEC-0118), nightly schedule EXECUTION (application/ops-owned, not a QMF primitive), and the full-restore rehearsal cadence. The behavioural residue is green in every case. One clause has NO row at all: the 5.4-AC1 topology arrangement.",n/a - blocked spec; unblocks at the node/ops sitting
QMX-F103,lane-L6,E7 qmf-indicators,7.4;7.5;R20;R21;R18;R19;R28;R24;R25;CT-16:27;CT-16:13,low,UNPROVEN,packages/qmf-indicators/src/qmf/indicators/comparison.py,"Correctly-recorded blocked or deferred items carried forward, plus four small gaps. Blocked: CT-16 invariant 12 stale-evidence for a fanned-out heavy value past its declared max age (no code path exists; not an Epic 7 AC), and the numeric AD-13 rung values and light-versus-heavy ceiling (ratified deferral at ct-16-indicator.yaml:13). Small gaps with no row: cross-OS agreement as a SEPARATE registered comparison artifact (comparison.py / compare_reference_outputs is that artifact and is assertable); the snapshot own format version; unlimited readers over one feeder; the equality law seeding rule and leading-undefined-prefix mapping asserted as DECLARED; the src/ layout and Tier-2 isolated-environment gate.",TO-BE-WRITTEN qa/tests/epic_07::four small assertions; the two blocked items stay blocked
QMX-F104,lane-L6,E9 qmf-structure,FR-020;CT-17;9.1-AC1;9.3-AC5;9.4-AC4;CT-08;GAP-0016;FM-8,low,UNPROVEN,packages/qmf-structure/src/qmf/structure/budget.py; packages/*/pyproject.toml,"Four lane rows carried forward. E9-F02 (isolated-per-package-environment import gate: enforcement is out-of-band CI and the in-lane AST substitute is the strongest thing constructible) and E9-F04 (benchmark budget numbers: measure-then-budget, no baseline exists) and E9-F05 (governed-evidence persistence is the composition root act under CT-11/CT-13) and E9-F06 (CT-08 registration gate deferred to GAP-0016 by design) are all correctly recorded. E9-F03 (roster SemVer lockstep) is MIS-JUSTIFIED: all seven packages/*/pyproject.toml are readable in this worktree and all seven are version = ""0.1.0"", i.e. in lockstep today. The UNPROVEN bar is ""cannot be constructed"", not ""belongs to another epic story"" - reclassify as a five-line coverage gap.",TO-BE-WRITTEN qa/tests/epic_09::a five-line SemVer lockstep gate (it passes today)
QMX-F105,lane-L6,E12 qml,12.5-AC1;12.5-AC2;12.5-AC3;12.6-AC5;FR-047;FR-050;AR-68;DEC-0178;DEC-0181;CT-07;GAP-0048;GAP-0049;B-4,low,UNPROVEN,qml/src/qml/conformance; qml/src/qml/declaration/bot.py,"Four lane rows correctly recorded and carried forward: hardened OS-level sandbox confinement plus defence against a dynamically-evasive malicious bot (deferred dependency, outside V1 threat model, untestable-positive); the admission-bar and footprint_requirement THRESHOLD VALUES (GAP-0048/0049, interfaces only under SC-07 - manufacturing a threshold into a passing fixture would itself have been a finding); whether the real ungoverned tunnel admits plain-Python bots (QMB/node territory); and E12-F04 CT-07 lineage-edge persistence, where the narrow claim holds (no lineage-edge record is minted anywhere in qml) but the stated reason inherits E12-F01 error and register_bot_definition does accept at_birth_parent_refs, so the seam is closer to in-package than recorded.",n/a for the first three; rewrite E12-F04 reason once QMX-F005 is accepted
QMX-F106,lane-L6,E17 qmb/execution,17.1-AC5;17.2-AC3;17.4;R32;R14;R23;R26;R30;R10;R15;R12;R33;R16;CT-13;LABEL-1;DEC-0153;GAP-0048,low,UNPROVEN,qmb/src/qmb/execution; docs/contracts/ct-13-journal.yaml,"Six lane rows correctly recorded, with two corrections. E17-F01 (CT-13 seven event types name no financing kind): downgrade to low - CT-13 line 19 already rules that treasury cash boundary events map onto the risk transition type, so the code follows a ratified precedent; still worth the ruling (OR-07). E17-F02 (calibration CONTENT deferred to GAP-0048) is correct - the ACs themselves say no rate is invented. E17-F03 (fidelity ORDINAL taxonomy) is correct but conceals a small unimplemented clause: LABEL-1 in spec-fill-fees.md DOES ratify the relative order quote-real > quote-synthetic > trade-only and the source implements no ranking between them. E17-F05 (split-budget enforcement is CT-12/Epic-14-owned) is correct but the port-side green it leans on is a tautological gate. E17-F06 (DEC-0153 freshness slot) is under-stated - the AD-39 door itself is never observed. E17-F08 is over-broad on both halves.",n/a for the deferrals; see QMX-F083 for the testable halves
QMX-F107,lane-L6,E18 qmb/data,RQ12;RQ17;RQ26;RQ32;RQ10;18.1-AC1;18.1-AC2;18.1-AC3;18.1-AC4,low,UNPROVEN,qmb/src/qmb/data/download.py:523-580; verify.py; gap_check.py,"Four lane deferral rows correctly recorded and carried forward (run-side provider-fetch policy rejection is Epic 14; the entitlement ride into a run CT-32/ledger citation is Epics 14/19; synthetic-fill CONTENT is Epic 23 / GAP-0048; the transport of progress events to a real supervising-agent channel is Epic 15/16). Plus lane row E18-F05, a genuine but arguable LOW: download writes a durable .qmb_intake_keys.jsonl dedup ledger via qmb.orchestrator.paths outside the qmf.data contracts. Note the asymmetry the L6 raises - the author flagged this small side-channel and missed the coverage-envelope layer the whole catalog is built on (QMX-F022). Also untested with no row: 18.1-AC1 ""carries only parsing, transport and adapter-selection logic (B-1)"" while download additionally does intake keying, ledger file IO and coverage-row minting; 18.1-AC2 resolution and side validation, the Book/BMS config-fragment form, and port members earliest_available / batch count / rate-limit (presence only); 18.1-AC3 retained forever; 18.1-AC4 the download-skipped-it half.","TO-BE-WRITTEN qa/tests/epic_18::B-1 thinness of the download front, side/resolution validation, port member behaviour"
QMX-F108,lane-L6,E22 qmb/robustness,T22-328;T22-331;T22-302;SC-11;B-15;AR-59;AD-5;CT-05,low,UNPROVEN,qmb/src/qmb/robustness/walkforward.py,"Two lane rows correctly recorded and carried forward. E22-F03: the SC-11 batch-admission single-frozen-registry-as-of mechanism runs through the Epic-13-owned B-15 RegistryReadPort and Epic-13/15 fragment materialization, out of this epic independent surface; the robustness-side fingerprint-not-alias half IS separately proven. E22-F04: the AC-1 sub-clause ""an unknown or later format version is an unsupported-capability refusal, never a best-effort read"" is not exercisable - only ROBUSTNESS_CONTRACT_FORMAT_VERSION = 1 exists and no format-(N+1) counter-case is constructible without inventing a second format. Also noted: T22-315 high/low bounds arm is unreachable with the tame fixture used (prices 100-107, small deltas), so the enforcement it claims to prove is untested.",TO-BE-WRITTEN qa/tests/epic_22::re-fixture T22-315 with a delta series adverse enough to fire the positivity guard
QMX-D001,lane-L6,E1 qmf-core,AR-01..AR-11;NFR-02;NFR-04;NFR-11;AR-19..AR-21;AR-25;AR-26;CT-01;CT-02;CT-03;CT-05;AD-13;AD-15;DEC-0138,high,VERIFICATION-DEBT,qa/epics/epic_01_qmf-core/L6-REVIEW.md section 2,"29 missed requirement clauses (M1-M29) across Stories 1.1-1.9 with no test at all: the whole Story 1.1 scaffold/toolchain/register block (7), Stories 1.7 and 1.8 entirely (8 ACs, 0 tests), the AR-19/AR-21 tier-1 artifact obligations, the AR-20 coverage floors, and clause-level gaps in CT-01 canonical form, CT-02 duration semantics and foreign timestamps, CT-03 ownership, CT-05 identity-by-default and evidence_class. 86 tests written, 85 pass, 1 fails.",see qa/epics/epic_01_qmf-core/L6-REVIEW.md section 2
QMX-D002,lane-L6,E2 qmf-registry,FR-006;FR-007;FR-008;FR-009;CT-06;CT-07;CT-09;CT-13;AR-18;AR-19;AR-20;AR-21;L30,high,VERIFICATION-DEBT,qa/epics/epic_02_qmf-registry/L6-REVIEW.md section 2,"18 missed requirement clauses (M1-M18) across Stories 2.1-2.4: the CT-13 promotion event, the human-only signer, signed-record immutability, reviewer identity and instant, no-cryptographic-dependency, edge true-collision-and-alarm, size rotation with a monotonic ordinal, fsync, corroborates/disagrees-with never merged away, unlimited readers, header-parents-never-unioned-with-edges, the treasury-boundary-event reserved kind, reference examples and the 80 percent coverage floor, stdlib-typed boundary signatures, no-partial-registration, documented restore path, and the CT-09 dual producer-and-consumer run. 54 tests written; two are permanently red by construction (assert False) so the suite can never go green.",see qa/epics/epic_02_qmf-registry/L6-REVIEW.md section 2
QMX-D003,lane-L6,E3 qmf-data,FR-010;FR-011;FR-012;FR-013;FR-016;CT-10;CT-11;CT-12;CT-13;CT-25;DEC-0103;DEC-0118;DEC-0131,high,VERIFICATION-DEBT,qa/epics/epic_03_qmf-data/L6-REVIEW.md section 2,"About 24 ratified requirement clauses across Stories 3.1-3.6 with no test and NOT listed in PLAN section 8 as blocked, so silently uncovered rather than knowingly deferred: fsync durability, rotation ordinal monotonicity, engine swappability, the CT-11 format-version migration law, cross-world observation reads, derived-values-carrying-lineage, the ordering-key USE rule, rebuild pinning, deletion-path gating, the CT-12 default-width rule, indicator knowledge time, lineage edges on re-derivation, cross-world manifests, manifest format version, the sealed-window registry key, display_time, evidence-versus-display encoding, journaled-on-recovery, the suppressed control-action subtype, the promotion-event schema, correlation_id propagation, cross-world journal writes, unlimited readers, and the Book-definition fingerprint on risk-authored events. 71 tests written, 0 findings filed - L6 says at least 4 rows are owed.",see qa/epics/epic_03_qmf-data/L6-REVIEW.md section 2
QMX-D004,lane-L6,E4 qmf-calendar-forex,FR-021;CT-02;AR-27,medium,VERIFICATION-DEBT,qa/epics/epic_04_qmf-calendar-forex/L6-REVIEW.md section Missed requirements,"8 missed requirement clauses (M1-M8): TZPATH forcing, the public-surface FM-1 refusal, Swap-Wednesday not modeled, the non-constant session-length witness, uv_build and the built-wheel shape, SemVer independent of the roster ladder, pin-and-version consistency (asserted in RESULTS prose with no test behind it), and the Tier-2 conformance suite wiring. 32 tests written. Genuine violations of source behaviour: 0 - every behaviour independently probed matched the requirement. The epic problems are in the EVIDENCE, not the code.",see qa/epics/epic_04_qmf-calendar-forex/L6-REVIEW.md
QMX-D005,lane-L6,E5 qmf-data-backup,FR-014;CT-14;CT-26;DEC-0106;DEC-0113;DEC-0118,medium,VERIFICATION-DEBT,qa/epics/epic_05_qmf-data-backup/L6-REVIEW.md section 2,"8 missed requirement clauses (M-1 to M-8), four behaviour gaps and four recording gaps, plus the W-1 refusal-category rewrite. 72 tests written across 9 files, all mapping to real functions with no phantom tests. Rule 5 (scope honesty) and rule 6 (findings completeness) both unmet for six clauses; what IS recorded is recorded correctly and the two filed defects are real.",see qa/epics/epic_05_qmf-data-backup/L6-REVIEW.md section 2
QMX-D006,lane-L6,E6 qmf-data source intake,FR-015;FR-017;FR-018;CT-15;CT-10;CT-13;DEC-0117,medium,VERIFICATION-DEBT,qa/epics/epic_06_qmf-data-source-intake/L6-REVIEW.md section 2,"7 missed requirement clauses (M1-M7), three of them implemented in source and asserted nowhere. 51 test functions (99 parametrized nodes by the L6 recount, which matches RESULTS exactly); 15 reds, all real and none softened - the strongest handling of R-007 in the phase. Duplicate-and-relabel across L2/L3 inflates the green count by three behaviours.",see qa/epics/epic_06_qmf-data-source-intake/L6-REVIEW.md section 2
QMX-D007,lane-L6,E7 qmf-indicators,FR-019;CT-16;AR-06;AR-18;AD-13,medium,VERIFICATION-DEBT,qa/epics/epic_07_qmf-indicators/L6-REVIEW.md section 2,"8 missed requirement rows (M1-M8) of which 6 are gaps and 2 are correct exclusions. 90 tests written, 0 defects filed while at least one (the undeclared numpy dependency) is visible from the read. findings.csv is legitimate under rule 6 only if RESULTS shows every owned requirement green under rules 1-5, and it does not.",see qa/epics/epic_07_qmf-indicators/L6-REVIEW.md section 2
QMX-D008,lane-L6,E8 qmf-venue,FR-023;FR-025;CT-18;CT-19;CT-20;CT-21;NFR-05;NFR-11;AR-21;AR-45;L27;L34;L35;SC-02,high,VERIFICATION-DEBT,qa/epics/epic_08_qmf-venue/L6-REVIEW.md section 2,"15 missed requirement clauses (M1-M15) with no test and, except where noted, no deferral entry: CT-19 stream granularity, CT-18 amend atomicity, the Spotware/Twisted SDK ban, undeclared order parameters, sequence-reset-on-boot with a durable cursor, the probe upstream-assumption contradiction note (a whole AC of the hoisted Wave-2 story), the five declared schedulable duties, continuous re-verification, the poe check secret-scan gate, protective-stop form per order type and the declared reference price, acknowledgement modes, the do-not-default boundary, venue-managed trailing, retry-after mapping, and the mandatory declared lookback. 97 tests written - materially the strongest suite in the phase on assertions it does make.",see qa/epics/epic_08_qmf-venue/L6-REVIEW.md section 2
QMX-D009,lane-L6,E9 qmf-structure,FR-020;CT-17;CT-16;NFR-11;DEC-0133,medium,VERIFICATION-DEBT,qa/epics/epic_09_qmf-structure/L6-REVIEW.md section 2,"14 owned clauses (M-1 to M-14) with neither a test nor an UNPROVEN row, four of them promised by the lane own PLAN rows and then dropped silently, and two of them looking unimplemented in source. 74 tests written, 6 rows filed (5 sound, 1 mis-justified). RESULTS headline ""no source defect was found"" is not warranted as written - it is true of what was asserted, not of what the epic owns.",see qa/epics/epic_09_qmf-structure/L6-REVIEW.md section 2
QMX-D010,lane-L6,E10 qmf-risk,FR-027;FR-028;FR-032;FR-033;FR-035;CT-22;CT-23;CT-24;CT-25;CT-28;CT-29;CT-30;CT-31;CT-32;L38;L39;SCN-0010,high,VERIFICATION-DEBT,qa/epics/epic_10_qmf-risk/L6-REVIEW.md section 2,"19 missed requirement clauses (M1-M19) across Stories 10.1-10.10 (about 60 ACs), one critical and five high. 107 tests written, 107 pass, findings.csv holds its header only. The L6 verdict on the clean sheet: it is not evidence that qmf-risk is clean, it is evidence that the two cross-cutting gates (P0-9 and R-009) were mechanized as assertions that cannot fail. About 90 of the 107 tests ARE genuinely falsifiable and their passes are real evidence.",see qa/epics/epic_10_qmf-risk/L6-REVIEW.md section 2
QMX-D011,lane-L6,E11 qml authoring,FR-047;CT-33;CT-34;AD-15;AD-22;AD-30;DEC-0172;DEC-0184,medium,VERIFICATION-DEBT,qa/epics/epic_11_qml-authoring/L6-REVIEW.md section Missed requirements,"9 AC clauses with no test, only three of which appear anywhere in the scope-honesty section; the rest are silent narrowing. 70 tests written, 6 rows filed (3 genuine violations, 1 wrongly-reasoned UNPROVEN, 2 correctly-recorded-but-avoidable). The suite is well above the tier-1 hollow-green baseline: fingerprints recomputed through qmf-core, refusals asserted as CT-04 category values, two static scanners with genuine self-falsification arms.",see qa/epics/epic_11_qml-authoring/L6-REVIEW.md
QMX-D012,lane-L6,E12 qml protocol,FR-048;FR-050;CT-33;CT-34;AD-25;AR-64;AR-68;ADR-0018,high,VERIFICATION-DEBT,qa/epics/epic_12_qml-protocol/L6-REVIEW.md section 3,"8 missed requirement rows (M1-M8) owned by Epic 12 with no test, six of them narrowed without an UNPROVEN row. 73 test functions across 10 modules. Rule 6 is not satisfied: findings.csv carries no genuine violation and no unproven-requirement row while RESULTS marks every owned requirement green - and the audit central scope ruling is factually wrong in the direction that hides the epic one candidate P0 (QMX-F005).",see qa/epics/epic_12_qml-protocol/L6-REVIEW.md section 3
QMX-D013,lane-L6,E13 qmb substrate,FR-036;CT-07;CT-22;CT-28;NFR-02;AD-5;AD-10;AD-16;AD-29;SCN-0012;DEC-0143,high,VERIFICATION-DEBT,qa/epics/epic_13_qmb-substrate/L6-REVIEW.md section 2,"14 requirement clauses in Epic 13 section of epics.md that no test covers, two of them part of the ratified Tier-1 command the AC names (eight of poe check ten steps were never run). 43 tests written, findings.csv holds its header only. L6 verdict: ""43 passed, 0 findings"" is an accurate report of what was EXECUTED and an overstatement of what was VERIFIED - an equal-fingerprint re-binding is never attempted, an always-unrated fold would pass, a door-side cache would pass, a fresher as-of mid-sweep is never introduced, and the CLI door never fingerprints anything. Three exit-criterion claims in RESULTS do not hold as stated.",see qa/epics/epic_13_qmb-substrate/L6-REVIEW.md section 2
QMX-D014,lane-L6,E14 qmb run loop,FR-036;FR-037;CT-12;CT-16;CT-23;CT-29;CT-32;AR-16;AR-56;AR-57;AR-58;B-2;B-7;B-11;QL-1;SCN-0012,high,VERIFICATION-DEBT,qa/epics/epic_14_qmb-run-loop/L6-REVIEW.md section 4,"9 rows of Epic-14 ACs with no covering test (4.1-4.9), in addition to the four blocked Story 14.8 scaffolds. One of those skips (R37 plain-Python ungoverned bot) is MIS-CLASSIFIED as blocked: SCN-0012 states the opposite and the suite demonstrates it incidentally in every Group B/D/F test. 51 tests written, findings.csv empty. L6 explicitly says no finding should be ADDED on the strength of the review - the gaps are evidence that the suite does not yet know whether the source is right, not that it is wrong.",see qa/epics/epic_14_qmb-run-loop/L6-REVIEW.md section 4
QMX-D015,lane-L6,E15 qmb orchestrator,FR-045;AR-17;AR-31;AR-35;AR-50;AR-51;AR-53;AR-59;B-4;B-5;AD-12;AD-14;AD-15;AD-40;CT-11;CT-13;CT-32,medium,VERIFICATION-DEBT,qa/epics/epic_15_qmb-orchestrator/L6-REVIEW.md section 2,"11 clause-level misses (M1-M11), each a rule-5 scope-honesty violation. All 21 requirement ids have at least one test and the PLAN R1-R21 decomposition of the 21 ACs is faithful and complete - no whole AC is unmapped. 44 tests written, 3 rows filed, all three honest UNPROVEN records where every checkable factual claim checked out against source. The flagship exactly-one-ledger-line law is genuinely proven on the single-run finish_run door.",see qa/epics/epic_15_qmb-orchestrator/L6-REVIEW.md section 2
QMX-D016,lane-L6,E16 qmb CLI doors,FR-046;AR-13;AR-58;B-1;B-4;B-9;B-15;R-006;SC-08,medium,VERIFICATION-DEBT,qa/epics/epic_16_qmb-cli-doors/L6-REVIEW.md section 3,"6 Epic-16 clauses with no test that can fail (3.1-3.6), every id confirmed to sit inside this epic epics.md section. 36 tests written, 5 rows filed (2 genuine violations, 2 correctly-recorded UNPROVEN, 1 UNPROVEN over-broadly scoped). The flagship derived door-parity contract is genuinely well built and produced two real, independently-verified findings - its unfiltered twin actually fails on a real divergence.",see qa/epics/epic_16_qmb-cli-doors/L6-REVIEW.md section 3
QMX-D017,lane-L6,E17 qmb execution ports,AR-39;AR-56;CT-01;CT-04;CT-12;CT-13;DEC-0153;LABEL-1;SC-06;GAP-0048,high,VERIFICATION-DEBT,qa/epics/epic_17_qmb-execution-ports/L6-REVIEW.md section 2,"6 AC clauses inside covered requirements with no test and no UNPROVEN row. All 33 roster rows R1-R33 map cleanly onto Stories 17.1-17.5 - the roster itself has no holes. 51 tests written, roughly 40 substantive and falsifiable. The RESULTS headline (""33 requirements green, all met by the source"") is false: two owned clauses are flatly unimplemented (composition-version change, stochastic seed) and were recorded UNPROVEN rather than as defects.",see qa/epics/epic_17_qmb-execution-ports/L6-REVIEW.md section 2
QMX-D018,lane-L6,E18 qmb data management,RQ1-RQ34;CT-10;CT-15;DEC-0105;DEC-0106;B-1;B-11;L18;R-007;R-011,high,VERIFICATION-DEBT,qa/epics/epic_18_qmb-data-management/L6-REVIEW.md section 2,"11 clause-level misses inside covered RQs that no test asserts and no UNPROVEN row records. RQ-level coverage is complete: every AC is represented in the PLAN RQ table and the epic-binding argument for RQ-CLOCK is explicit and defensible. 60 tests written, 10 rows filed (5 genuine violations covering 3 distinct defects, 5 UNPROVEN correctly recorded, 0 spurious). R-011 cannot stand as GREEN on the current evidence (see QMX-F022); R-007 is unaffected and honest.",see qa/epics/epic_18_qmb-data-management/L6-REVIEW.md section 2
QMX-D019,lane-L6,E19 qmb reports,AC19.1-AC19.5;R-RPT-4;R-RPT-8;R-RPT-9;R-RPT-10;R-RPT-11;R-RPT-13;R-RPT-21;R-RPT-22;CT-32;AR-59;DEC-0162;DEC-0163,high,VERIFICATION-DEBT,qa/epics/epic_19_qmb-reports/L6-REVIEW.md section 3,"10 Epic-19 clauses with no covering test (M1-M10), all confirmed present in this epic epics.md section. 71 tests written, 1 row filed. RESULTS corrections required: R18 PASS to FAIL, R29 PASS to UNPROVEN, and R20/R23/R10/R3/R17/R24 PASS to PARTIAL; the exit-gate line ""all 13 P0 requirements green"" is not supportable. The seven recorded boundaries are all cross-epic delegations, honestly and well argued; not one of the within-Epic-19 narrowings is disclosed.",see qa/epics/epic_19_qmb-reports/L6-REVIEW.md section 3
QMX-D020,lane-L6,E20 qmb sweeps,FR-034;B-1;B-4;B-10;B-12;B-15;CT-05;CT-32;AD-40;AR-50,medium,VERIFICATION-DEBT,qa/epics/epic_20_qmb-sweeps/L6-REVIEW.md section Missed requirements,"8 AC clauses (M1-M8) with no test and no UNPROVEN row, each a silent narrowing under rule 5, plus two clauses proven weakly. 28 tests written, 3 rows filed (0 genuine product violations, 0 wrong expectations, 3 correctly-recorded UNPROVEN or informational). The author found no defect in the sweep package and the L6 confirms that conclusion is defensible on the evidence read, including the F-20-01 non-reproduction. Note: the L6-REVIEW.md at this path previously held a review written by the same agent that wrote the tests; a lane author own ACCEPT is not an L6 verdict, and the file was replaced.",see qa/epics/epic_20_qmb-sweeps/L6-REVIEW.md
QMX-D021,lane-L6,E21 qmb optimization,CT-01;CT-04;CT-12;CT-32;B-7;SC-07;R-013;R-017;GAP-0048,medium,VERIFICATION-DEBT,qa/epics/epic_21_qmb-optimization/L6-REVIEW.md part 2,"9 Epic-21 clauses (M1-M9) confirmed to have live shipped surfaces, none untestable, none belonging to another epic, with no test. 34 tests written, 4 rows filed (1 genuine violation, 3 UNPROVEN of which one under-states its gap). 19 of 34 tests assert the requirement cleanly and the conftest fixture discipline (exact-integer money, fp1-canonical measures, recursive float and bytes scanners, returned-refusal harness) is genuinely good work.",see qa/epics/epic_21_qmb-optimization/L6-REVIEW.md part 2
QMX-D022,lane-L6,E22 qmb robustness,22.1-AC1..22.5-AC2;L20;SC-06;SC-11;B-4;B-7;B-14;B-15;AR-59;CT-04;CT-05;DEC-0109;NFR-11,medium,VERIFICATION-DEBT,qa/epics/epic_22_qmb-robustness/L6-REVIEW.md section 2,"8 Epic-22 ACs (M1-M8) that no test covers, four of them narrowed in PLAN section 7 or a RESULTS table cell but never reaching findings.csv, so a reader of findings.csv alone sees an epic with two defects and full coverage otherwise. 54 tests written; 15 carry at least one banned-shape assertion and 6 rest on one entirely. The arithmetic core is genuinely strong - the carve-out denominator discriminator, the exact OHLC cumulative-sum round-trip, the independently recomputed p-values, the order-invariance versus path-dependence discriminator, the only-last-bar-fired look-ahead refusal.",see qa/epics/epic_22_qmb-robustness/L6-REVIEW.md section 2
QMX-D023,lane-L6,E23 qmb synthetic data,23.1-AC1..23.4-AC6;B-7;R-006;R-007;R-008;FR-046;CT-10;CT-32;DEC-0105;DEC-0164;AD-7;AD-22;AR-15;AR-59,high,VERIFICATION-DEBT,qa/epics/epic_23_qmb-synthetic-data/L6-REVIEW.md section 3,"10 requirements in Epic 23 epics.md section that no test covers, ordered by how much of the epic safety promise they carry. 30 tests written, 3 rows filed - all three genuine violations, 0 wrong expectations, 0 correctly-recorded UNPROVEN. The pass reports ""UNPROVEN Epic-23-owned requirements: 0"" and that number is wrong: at least two owned acceptance clauses are green only because the test calls a function whose body is an unconditional return policy(...) or a constructor that stamps the asserted literals. Four highest-risk families (world derivation, replay-clock guard, namespace firewall, determinism and anchor) ARE genuinely proven.",see qa/epics/epic_23_qmb-synthetic-data/L6-REVIEW.md section 3
