article_id,url,title,author,published,section,platform,tags,series_title,series_part,fetch_status,error,sha256,md_relpath,md_bytes,approx_tokens
1,https://www.mql5.com/en/articles/1,,,,,,,,,failed,all Firecrawl keys exhausted (401/402),,,0,0
5,https://www.mql5.com/en/articles/5,,,,,,,,,failed,all Firecrawl keys exhausted (401/402),,,0,0
10,https://www.mql5.com/en/articles/10,,,,,,,,,failed,all Firecrawl keys exhausted (401/402),,,0,0
12,https://www.mql5.com/en/articles/12,,,,,,,,,failed,all Firecrawl keys exhausted (401/402),,,0,0
15,https://www.mql5.com/en/articles/15,,,,,,,,,failed,all Firecrawl keys exhausted (401/402),,,0,0
17,https://www.mql5.com/en/articles/17,,,,,,,,,failed,all Firecrawl keys exhausted (401/402),,,0,0
18,https://www.mql5.com/en/articles/18,,,,,,,,,failed,all Firecrawl keys exhausted (401/402),,,0,0
19,https://www.mql5.com/en/articles/19,,,,,,,,,failed,all Firecrawl keys exhausted (401/402),,,0,0
22,https://www.mql5.com/en/articles/22,,,,,,,,,failed,all Firecrawl keys exhausted (401/402),,,0,0
24,https://www.mql5.com/en/articles/24,,,,,,,,,failed,all Firecrawl keys exhausted (401/402),,,0,0
26,https://www.mql5.com/en/articles/26,,,,,,,,,failed,all Firecrawl keys exhausted (401/402),,,0,0
27,https://www.mql5.com/en/articles/27,,,,,,,,,failed,all Firecrawl keys exhausted (401/402),,,0,0
28,https://www.mql5.com/en/articles/28,,,,,,,,,failed,all Firecrawl keys exhausted (401/402),,,0,0
31,https://www.mql5.com/en/articles/31,,,,,,,,,failed,all Firecrawl keys exhausted (401/402),,,0,0
32,https://www.mql5.com/en/articles/32,,,,,,,,,failed,all Firecrawl keys exhausted (401/402),,,0,0
34,https://www.mql5.com/en/articles/34,,,,,,,,,failed,all Firecrawl keys exhausted (401/402),,,0,0
35,https://www.mql5.com/en/articles/35,,,,,,,,,failed,all Firecrawl keys exhausted (401/402),,,0,0
36,https://www.mql5.com/en/articles/36,,,,,,,,,failed,all Firecrawl keys exhausted (401/402),,,0,0
37,https://www.mql5.com/en/articles/37,,,,,,,,,failed,all Firecrawl keys exhausted (401/402),,,0,0
39,https://www.mql5.com/en/articles/39,,,,,,,,,failed,all Firecrawl keys exhausted (401/402),,,0,0
40,https://www.mql5.com/en/articles/40,,,,,,,,,failed,all Firecrawl keys exhausted (401/402),,,0,0
42,https://www.mql5.com/en/articles/42,,,,,,,,,failed,all Firecrawl keys exhausted (401/402),,,0,0
43,https://www.mql5.com/en/articles/43,,,,,,,,,failed,all Firecrawl keys exhausted (401/402),,,0,0
44,https://www.mql5.com/en/articles/44,,,,,,,,,failed,all Firecrawl keys exhausted (401/402),,,0,0
45,https://www.mql5.com/en/articles/45,,,,,,,,,failed,all Firecrawl keys exhausted (401/402),,,0,0
48,https://www.mql5.com/en/articles/48,,,,,,,,,failed,all Firecrawl keys exhausted (401/402),,,0,0
53,https://www.mql5.com/en/articles/53,,,,,,,,,failed,all Firecrawl keys exhausted (401/402),,,0,0
55,https://www.mql5.com/en/articles/55,,,,,,,,,failed,all Firecrawl keys exhausted (401/402),,,0,0
59,https://www.mql5.com/en/articles/59,,,,,,,,,failed,all Firecrawl keys exhausted (401/402),,,0,0
60,https://www.mql5.com/en/articles/60,,,,,,,,,failed,all Firecrawl keys exhausted (401/402),,,0,0
61,https://www.mql5.com/en/articles/61,,,,,,,,,failed,all Firecrawl keys exhausted (401/402),,,0,0
62,https://www.mql5.com/en/articles/62,,,,,,,,,failed,all Firecrawl keys exhausted (401/402),,,0,0
64,https://www.mql5.com/en/articles/64,,,,,,,,,failed,all Firecrawl keys exhausted (401/402),,,0,0
65,https://www.mql5.com/en/articles/65,,,,,,,,,failed,all Firecrawl keys exhausted (401/402),,,0,0
66,https://www.mql5.com/en/articles/66,,,,,,,,,failed,all Firecrawl keys exhausted (401/402),,,0,0
69,https://www.mql5.com/en/articles/69,,,,,,,,,failed,all Firecrawl keys exhausted (401/402),,,0,0
70,https://www.mql5.com/en/articles/70,,,,,,,,,failed,all Firecrawl keys exhausted (401/402),,,0,0
73,https://www.mql5.com/en/articles/73,,,,,,,,,failed,all Firecrawl keys exhausted (401/402),,,0,0
75,https://www.mql5.com/en/articles/75,,,,,,,,,failed,all Firecrawl keys exhausted (401/402),,,0,0
80,https://www.mql5.com/en/articles/80,,,,,,,,,failed,all Firecrawl keys exhausted (401/402),,,0,0
81,https://www.mql5.com/en/articles/81,,,,,,,,,failed,all Firecrawl keys exhausted (401/402),,,0,0
83,https://www.mql5.com/en/articles/83,,,,,,,,,failed,all Firecrawl keys exhausted (401/402),,,0,0
84,https://www.mql5.com/en/articles/84,,,,,,,,,failed,all Firecrawl keys exhausted (401/402),,,0,0
88,https://www.mql5.com/en/articles/88,,,,,,,,,failed,all Firecrawl keys exhausted (401/402),,,0,0
91,https://www.mql5.com/en/articles/91,,,,,,,,,failed,all Firecrawl keys exhausted (401/402),,,0,0
96,https://www.mql5.com/en/articles/96,,,,,,,,,failed,all Firecrawl keys exhausted (401/402),,,0,0
100,https://www.mql5.com/en/articles/100,,,,,,,,,failed,all Firecrawl keys exhausted (401/402),,,0,0
101,https://www.mql5.com/en/articles/101,,,,,,,,,failed,all Firecrawl keys exhausted (401/402),,,0,0
102,https://www.mql5.com/en/articles/102,,,,,,,,,failed,all Firecrawl keys exhausted (401/402),,,0,0
105,https://www.mql5.com/en/articles/105,,,,,,,,,failed,all Firecrawl keys exhausted (401/402),,,0,0
106,https://www.mql5.com/en/articles/106,,,,,,,,,failed,all Firecrawl keys exhausted (401/402),,,0,0
109,https://www.mql5.com/en/articles/109,,,,,,,,,failed,all Firecrawl keys exhausted (401/402),,,0,0
112,https://www.mql5.com/en/articles/112,,,,,,,,,failed,all Firecrawl keys exhausted (401/402),,,0,0
113,https://www.mql5.com/en/articles/113,,,,,,,,,failed,all Firecrawl keys exhausted (401/402),,,0,0
114,https://www.mql5.com/en/articles/114,,,,,,,,,failed,all Firecrawl keys exhausted (401/402),,,0,0
115,https://www.mql5.com/en/articles/115,,,,,,,,,failed,all Firecrawl keys exhausted (401/402),,,0,0
116,https://www.mql5.com/en/articles/116,,,,,,,,,failed,all Firecrawl keys exhausted (401/402),,,0,0
117,https://www.mql5.com/en/articles/117,,,,,,,,,failed,all Firecrawl keys exhausted (401/402),,,0,0
125,https://www.mql5.com/en/articles/125,,,,,,,,,failed,all Firecrawl keys exhausted (401/402),,,0,0
127,https://www.mql5.com/en/articles/127,,,,,,,,,failed,all Firecrawl keys exhausted (401/402),,,0,0
130,https://www.mql5.com/en/articles/130,,,,,,,,,failed,all Firecrawl keys exhausted (401/402),,,0,0
131,https://www.mql5.com/en/articles/131,,,,,,,,,failed,all Firecrawl keys exhausted (401/402),,,0,0
132,https://www.mql5.com/en/articles/132,,,,,,,,,failed,all Firecrawl keys exhausted (401/402),,,0,0
134,https://www.mql5.com/en/articles/134,,,,,,,,,failed,all Firecrawl keys exhausted (401/402),,,0,0
135,https://www.mql5.com/en/articles/135,,,,,,,,,failed,all Firecrawl keys exhausted (401/402),,,0,0
136,https://www.mql5.com/en/articles/136,,,,,,,,,failed,all Firecrawl keys exhausted (401/402),,,0,0
137,https://www.mql5.com/en/articles/137,,,,,,,,,failed,all Firecrawl keys exhausted (401/402),,,0,0
138,https://www.mql5.com/en/articles/138,,,,,,,,,failed,all Firecrawl keys exhausted (401/402),,,0,0
139,https://www.mql5.com/en/articles/139,,,,,,,,,failed,all Firecrawl keys exhausted (401/402),,,0,0
143,https://www.mql5.com/en/articles/143,,,,,,,,,failed,all Firecrawl keys exhausted (401/402),,,0,0
145,https://www.mql5.com/en/articles/145,,,,,,,,,failed,all Firecrawl keys exhausted (401/402),,,0,0
148,https://www.mql5.com/en/articles/148,,,,,,,,,failed,all Firecrawl keys exhausted (401/402),,,0,0
150,https://www.mql5.com/en/articles/150,,,,,,,,,failed,all Firecrawl keys exhausted (401/402),,,0,0
155,https://www.mql5.com/en/articles/155,,,,,,,,,failed,all Firecrawl keys exhausted (401/402),,,0,0
156,https://www.mql5.com/en/articles/156,,,,,,,,,failed,all Firecrawl keys exhausted (401/402),,,0,0
159,https://www.mql5.com/en/articles/159,,,,,,,,,failed,all Firecrawl keys exhausted (401/402),,,0,0
163,https://www.mql5.com/en/articles/163,,,,,,,,,failed,all Firecrawl keys exhausted (401/402),,,0,0
171,https://www.mql5.com/en/articles/171,,,,,,,,,failed,all Firecrawl keys exhausted (401/402),,,0,0
173,https://www.mql5.com/en/articles/173,,,,,,,,,failed,all Firecrawl keys exhausted (401/402),,,0,0
174,https://www.mql5.com/en/articles/174,,,,,,,,,failed,all Firecrawl keys exhausted (401/402),,,0,0
178,https://www.mql5.com/en/articles/178,,,,,,,,,failed,all Firecrawl keys exhausted (401/402),,,0,0
179,https://www.mql5.com/en/articles/179,,,,,,,,,failed,all Firecrawl keys exhausted (401/402),,,0,0
180,https://www.mql5.com/en/articles/180,,,,,,,,,failed,all Firecrawl keys exhausted (401/402),,,0,0
185,https://www.mql5.com/en/articles/185,,,,,,,,,failed,all Firecrawl keys exhausted (401/402),,,0,0
189,https://www.mql5.com/en/articles/189,,,,,,,,,failed,all Firecrawl keys exhausted (401/402),,,0,0
190,https://www.mql5.com/en/articles/190,,,,,,,,,failed,all Firecrawl keys exhausted (401/402),,,0,0
192,https://www.mql5.com/en/articles/192,,,,,,,,,failed,all Firecrawl keys exhausted (401/402),,,0,0
196,https://www.mql5.com/en/articles/196,,,,,,,,,failed,all Firecrawl keys exhausted (401/402),,,0,0
197,https://www.mql5.com/en/articles/197,,,,,,,,,failed,all Firecrawl keys exhausted (401/402),,,0,0
200,https://www.mql5.com/en/articles/200,,,,,,,,,failed,all Firecrawl keys exhausted (401/402),,,0,0
211,https://www.mql5.com/en/articles/211,,,,,,,,,failed,all Firecrawl keys exhausted (401/402),,,0,0
217,https://www.mql5.com/en/articles/217,,,,,,,,,failed,all Firecrawl keys exhausted (401/402),,,0,0
219,https://www.mql5.com/en/articles/219,,,,,,,,,failed,all Firecrawl keys exhausted (401/402),,,0,0
222,https://www.mql5.com/en/articles/222,,,,,,,,,failed,all Firecrawl keys exhausted (401/402),,,0,0
226,https://www.mql5.com/en/articles/226,,,,,,,,,failed,all Firecrawl keys exhausted (401/402),,,0,0
228,https://www.mql5.com/en/articles/228,,,,,,,,,failed,all Firecrawl keys exhausted (401/402),,,0,0
230,https://www.mql5.com/en/articles/230,,,,,,,,,failed,all Firecrawl keys exhausted (401/402),,,0,0
231,https://www.mql5.com/en/articles/231,,,,,,,,,failed,all Firecrawl keys exhausted (401/402),,,0,0
232,https://www.mql5.com/en/articles/232,,,,,,,,,failed,all Firecrawl keys exhausted (401/402),,,0,0
234,https://www.mql5.com/en/articles/234,,,,,,,,,failed,all Firecrawl keys exhausted (401/402),,,0,0
235,https://www.mql5.com/en/articles/235,,,,,,,,,failed,all Firecrawl keys exhausted (401/402),,,0,0
236,https://www.mql5.com/en/articles/236,,,,,,,,,failed,all Firecrawl keys exhausted (401/402),,,0,0
238,https://www.mql5.com/en/articles/238,,,,,,,,,failed,all Firecrawl keys exhausted (401/402),,,0,0
239,https://www.mql5.com/en/articles/239,,,,,,,,,failed,all Firecrawl keys exhausted (401/402),,,0,0
240,https://www.mql5.com/en/articles/240,,,,,,,,,failed,all Firecrawl keys exhausted (401/402),,,0,0
242,https://www.mql5.com/en/articles/242,,,,,,,,,failed,all Firecrawl keys exhausted (401/402),,,0,0
244,https://www.mql5.com/en/articles/244,,,,,,,,,failed,all Firecrawl keys exhausted (401/402),,,0,0
247,https://www.mql5.com/en/articles/247,,,,,,,,,failed,all Firecrawl keys exhausted (401/402),,,0,0
248,https://www.mql5.com/en/articles/248,,,,,,,,,failed,all Firecrawl keys exhausted (401/402),,,0,0
249,https://www.mql5.com/en/articles/249,,,,,,,,,failed,all Firecrawl keys exhausted (401/402),,,0,0
250,https://www.mql5.com/en/articles/250,,,,,,,,,failed,all Firecrawl keys exhausted (401/402),,,0,0
252,https://www.mql5.com/en/articles/252,,,,,,,,,failed,all Firecrawl keys exhausted (401/402),,,0,0
253,https://www.mql5.com/en/articles/253,,,,,,,,,failed,all Firecrawl keys exhausted (401/402),,,0,0
257,https://www.mql5.com/en/articles/257,,,,,,,,,failed,all Firecrawl keys exhausted (401/402),,,0,0
259,https://www.mql5.com/en/articles/259,,,,,,,,,failed,all Firecrawl keys exhausted (401/402),,,0,0
260,https://www.mql5.com/en/articles/260,,,,,,,,,failed,all Firecrawl keys exhausted (401/402),,,0,0
261,https://www.mql5.com/en/articles/261,,,,,,,,,failed,all Firecrawl keys exhausted (401/402),,,0,0
269,https://www.mql5.com/en/articles/269,,,,,,,,,failed,all Firecrawl keys exhausted (401/402),,,0,0
270,https://www.mql5.com/en/articles/270,,,,,,,,,failed,all Firecrawl keys exhausted (401/402),,,0,0
271,https://www.mql5.com/en/articles/271,,,,,,,,,failed,all Firecrawl keys exhausted (401/402),,,0,0
272,https://www.mql5.com/en/articles/272,,,,,,,,,failed,all Firecrawl keys exhausted (401/402),,,0,0
273,https://www.mql5.com/en/articles/273,,,,,,,,,failed,all Firecrawl keys exhausted (401/402),,,0,0
275,https://www.mql5.com/en/articles/275,,,,,,,,,failed,all Firecrawl keys exhausted (401/402),,,0,0
276,https://www.mql5.com/en/articles/276,,,,,,,,,failed,all Firecrawl keys exhausted (401/402),,,0,0
283,https://www.mql5.com/en/articles/283,,,,,,,,,failed,all Firecrawl keys exhausted (401/402),,,0,0
286,https://www.mql5.com/en/articles/286,,,,,,,,,failed,all Firecrawl keys exhausted (401/402),,,0,0
287,https://www.mql5.com/en/articles/287,,,,,,,,,failed,all Firecrawl keys exhausted (401/402),,,0,0
288,https://www.mql5.com/en/articles/288,,,,,,,,,failed,all Firecrawl keys exhausted (401/402),,,0,0
292,https://www.mql5.com/en/articles/292,,,,,,,,,failed,all Firecrawl keys exhausted (401/402),,,0,0
302,https://www.mql5.com/en/articles/302,,,,,,,,,failed,all Firecrawl keys exhausted (401/402),,,0,0
303,https://www.mql5.com/en/articles/303,,,,,,,,,failed,all Firecrawl keys exhausted (401/402),,,0,0
304,https://www.mql5.com/en/articles/304,,,,,,,,,failed,all Firecrawl keys exhausted (401/402),,,0,0
310,https://www.mql5.com/en/articles/310,,,,,,,,,failed,all Firecrawl keys exhausted (401/402),,,0,0
311,https://www.mql5.com/en/articles/311,,,,,,,,,failed,all Firecrawl keys exhausted (401/402),,,0,0
313,https://www.mql5.com/en/articles/313,,,,,,,,,failed,all Firecrawl keys exhausted (401/402),,,0,0
318,https://www.mql5.com/en/articles/318,,,,,,,,,failed,all Firecrawl keys exhausted (401/402),,,0,0
320,https://www.mql5.com/en/articles/320,,,,,,,,,failed,all Firecrawl keys exhausted (401/402),,,0,0
322,https://www.mql5.com/en/articles/322,,,,,,,,,failed,all Firecrawl keys exhausted (401/402),,,0,0
324,https://www.mql5.com/en/articles/324,,,,,,,,,failed,all Firecrawl keys exhausted (401/402),,,0,0
330,https://www.mql5.com/en/articles/330,,,,,,,,,failed,all Firecrawl keys exhausted (401/402),,,0,0
331,https://www.mql5.com/en/articles/331,,,,,,,,,failed,all Firecrawl keys exhausted (401/402),,,0,0
334,https://www.mql5.com/en/articles/334,,,,,,,,,failed,all Firecrawl keys exhausted (401/402),,,0,0
335,https://www.mql5.com/en/articles/335,,,,,,,,,failed,all Firecrawl keys exhausted (401/402),,,0,0
336,https://www.mql5.com/en/articles/336,,,,,,,,,failed,all Firecrawl keys exhausted (401/402),,,0,0
337,https://www.mql5.com/en/articles/337,,,,,,,,,failed,all Firecrawl keys exhausted (401/402),,,0,0
339,https://www.mql5.com/en/articles/339,,,,,,,,,failed,all Firecrawl keys exhausted (401/402),,,0,0
341,https://www.mql5.com/en/articles/341,,,,,,,,,failed,all Firecrawl keys exhausted (401/402),,,0,0
342,https://www.mql5.com/en/articles/342,,,,,,,,,failed,all Firecrawl keys exhausted (401/402),,,0,0
344,https://www.mql5.com/en/articles/344,,,,,,,,,failed,all Firecrawl keys exhausted (401/402),,,0,0
345,https://www.mql5.com/en/articles/345,,,,,,,,,failed,all Firecrawl keys exhausted (401/402),,,0,0
346,https://www.mql5.com/en/articles/346,,,,,,,,,failed,all Firecrawl keys exhausted (401/402),,,0,0
347,https://www.mql5.com/en/articles/347,,,,,,,,,failed,all Firecrawl keys exhausted (401/402),,,0,0
349,https://www.mql5.com/en/articles/349,,,,,,,,,failed,all Firecrawl keys exhausted (401/402),,,0,0
350,https://www.mql5.com/en/articles/350,,,,,,,,,failed,all Firecrawl keys exhausted (401/402),,,0,0
351,https://www.mql5.com/en/articles/351,,,,,,,,,failed,all Firecrawl keys exhausted (401/402),,,0,0
357,https://www.mql5.com/en/articles/357,,,,,,,,,failed,all Firecrawl keys exhausted (401/402),,,0,0
358,https://www.mql5.com/en/articles/358,,,,,,,,,failed,all Firecrawl keys exhausted (401/402),,,0,0
359,https://www.mql5.com/en/articles/359,,,,,,,,,failed,all Firecrawl keys exhausted (401/402),,,0,0
361,https://www.mql5.com/en/articles/361,,,,,,,,,failed,all Firecrawl keys exhausted (401/402),,,0,0
362,https://www.mql5.com/en/articles/362,,,,,,,,,failed,all Firecrawl keys exhausted (401/402),,,0,0
363,https://www.mql5.com/en/articles/363,,,,,,,,,failed,all Firecrawl keys exhausted (401/402),,,0,0
364,https://www.mql5.com/en/articles/364,,,,,,,,,failed,all Firecrawl keys exhausted (401/402),,,0,0
367,https://www.mql5.com/en/articles/367,,,,,,,,,failed,all Firecrawl keys exhausted (401/402),,,0,0
368,https://www.mql5.com/en/articles/368,,,,,,,,,failed,all Firecrawl keys exhausted (401/402),,,0,0
378,https://www.mql5.com/en/articles/378,,,,,,,,,failed,all Firecrawl keys exhausted (401/402),,,0,0
384,https://www.mql5.com/en/articles/384,,,,,,,,,failed,all Firecrawl keys exhausted (401/402),,,0,0
385,https://www.mql5.com/en/articles/385,,,,,,,,,failed,all Firecrawl keys exhausted (401/402),,,0,0
386,https://www.mql5.com/en/articles/386,,,,,,,,,failed,all Firecrawl keys exhausted (401/402),,,0,0
387,https://www.mql5.com/en/articles/387,,,,,,,,,failed,all Firecrawl keys exhausted (401/402),,,0,0
392,https://www.mql5.com/en/articles/392,,,,,,,,,failed,all Firecrawl keys exhausted (401/402),,,0,0
396,https://www.mql5.com/en/articles/396,,,,,,,,,failed,all Firecrawl keys exhausted (401/402),,,0,0
401,https://www.mql5.com/en/articles/401,,,,,,,,,failed,all Firecrawl keys exhausted (401/402),,,0,0
403,https://www.mql5.com/en/articles/403,,,,,,,,,failed,all Firecrawl keys exhausted (401/402),,,0,0
405,https://www.mql5.com/en/articles/405,,,,,,,,,failed,all Firecrawl keys exhausted (401/402),,,0,0
407,https://www.mql5.com/en/articles/407,,,,,,,,,failed,all Firecrawl keys exhausted (401/402),,,0,0
408,https://www.mql5.com/en/articles/408,,,,,,,,,failed,all Firecrawl keys exhausted (401/402),,,0,0
412,https://www.mql5.com/en/articles/412,,,,,,,,,failed,all Firecrawl keys exhausted (401/402),,,0,0
439,https://www.mql5.com/en/articles/439,,,,,,,,,failed,all Firecrawl keys exhausted (401/402),,,0,0
442,https://www.mql5.com/en/articles/442,,,,,,,,,failed,all Firecrawl keys exhausted (401/402),,,0,0
443,https://www.mql5.com/en/articles/443,,,,,,,,,failed,all Firecrawl keys exhausted (401/402),,,0,0
446,https://www.mql5.com/en/articles/446,,,,,,,,,failed,all Firecrawl keys exhausted (401/402),,,0,0
447,https://www.mql5.com/en/articles/447,,,,,,,,,failed,all Firecrawl keys exhausted (401/402),,,0,0
451,https://www.mql5.com/en/articles/451,,,,,,,,,failed,all Firecrawl keys exhausted (401/402),,,0,0
465,https://www.mql5.com/en/articles/465,,,,,,,,,failed,all Firecrawl keys exhausted (401/402),,,0,0
476,https://www.mql5.com/en/articles/476,,,,,,,,,failed,all Firecrawl keys exhausted (401/402),,,0,0
481,https://www.mql5.com/en/articles/481,,,,,,,,,failed,all Firecrawl keys exhausted (401/402),,,0,0
488,https://www.mql5.com/en/articles/488,,,,,,,,,failed,all Firecrawl keys exhausted (401/402),,,0,0
491,https://www.mql5.com/en/articles/491,,,,,,,,,failed,all Firecrawl keys exhausted (401/402),,,0,0
495,https://www.mql5.com/en/articles/495,,,,,,,,,failed,all Firecrawl keys exhausted (401/402),,,0,0
496,https://www.mql5.com/en/articles/496,,,,,,,,,failed,all Firecrawl keys exhausted (401/402),,,0,0
497,https://www.mql5.com/en/articles/497,,,,,,,,,failed,all Firecrawl keys exhausted (401/402),,,0,0
498,https://www.mql5.com/en/articles/498,,,,,,,,,failed,all Firecrawl keys exhausted (401/402),,,0,0
502,https://www.mql5.com/en/articles/502,,,,,,,,,failed,all Firecrawl keys exhausted (401/402),,,0,0
503,https://www.mql5.com/en/articles/503,,,,,,,,,failed,all Firecrawl keys exhausted (401/402),,,0,0
505,https://www.mql5.com/en/articles/505,,,,,,,,,failed,all Firecrawl keys exhausted (401/402),,,0,0
522,https://www.mql5.com/en/articles/522,,,,,,,,,failed,all Firecrawl keys exhausted (401/402),,,0,0
523,https://www.mql5.com/en/articles/523,,,,,,,,,failed,all Firecrawl keys exhausted (401/402),,,0,0
524,https://www.mql5.com/en/articles/524,,,,,,,,,failed,all Firecrawl keys exhausted (401/402),,,0,0
525,https://www.mql5.com/en/articles/525,,,,,,,,,failed,all Firecrawl keys exhausted (401/402),,,0,0
527,https://www.mql5.com/en/articles/527,,,,,,,,,failed,all Firecrawl keys exhausted (401/402),,,0,0
529,https://www.mql5.com/en/articles/529,,,,,,,,,failed,all Firecrawl keys exhausted (401/402),,,0,0
530,https://www.mql5.com/en/articles/530,,,,,,,,,failed,all Firecrawl keys exhausted (401/402),,,0,0
531,https://www.mql5.com/en/articles/531,,,,,,,,,failed,all Firecrawl keys exhausted (401/402),,,0,0
532,https://www.mql5.com/en/articles/532,,,,,,,,,failed,all Firecrawl keys exhausted (401/402),,,0,0
533,https://www.mql5.com/en/articles/533,,,,,,,,,failed,all Firecrawl keys exhausted (401/402),,,0,0
535,https://www.mql5.com/en/articles/535,,,,,,,,,failed,all Firecrawl keys exhausted (401/402),,,0,0
536,https://www.mql5.com/en/articles/536,,,,,,,,,failed,all Firecrawl keys exhausted (401/402),,,0,0
537,https://www.mql5.com/en/articles/537,,,,,,,,,failed,all Firecrawl keys exhausted (401/402),,,0,0
538,https://www.mql5.com/en/articles/538,,,,,,,,,failed,all Firecrawl keys exhausted (401/402),,,0,0
539,https://www.mql5.com/en/articles/539,,,,,,,,,failed,all Firecrawl keys exhausted (401/402),,,0,0
540,https://www.mql5.com/en/articles/540,,,,,,,,,failed,all Firecrawl keys exhausted (401/402),,,0,0
541,https://www.mql5.com/en/articles/541,,,,,,,,,failed,all Firecrawl keys exhausted (401/402),,,0,0
543,https://www.mql5.com/en/articles/543,,,,,,,,,failed,all Firecrawl keys exhausted (401/402),,,0,0
544,https://www.mql5.com/en/articles/544,,,,,,,,,failed,all Firecrawl keys exhausted (401/402),,,0,0
545,https://www.mql5.com/en/articles/545,,,,,,,,,failed,all Firecrawl keys exhausted (401/402),,,0,0
546,https://www.mql5.com/en/articles/546,,,,,,,,,failed,all Firecrawl keys exhausted (401/402),,,0,0
547,https://www.mql5.com/en/articles/547,,,,,,,,,failed,all Firecrawl keys exhausted (401/402),,,0,0
548,https://www.mql5.com/en/articles/548,,,,,,,,,failed,all Firecrawl keys exhausted (401/402),,,0,0
549,https://www.mql5.com/en/articles/549,,,,,,,,,failed,all Firecrawl keys exhausted (401/402),,,0,0
550,https://www.mql5.com/en/articles/550,,,,,,,,,failed,all Firecrawl keys exhausted (401/402),,,0,0
551,https://www.mql5.com/en/articles/551,,,,,,,,,failed,all Firecrawl keys exhausted (401/402),,,0,0
552,https://www.mql5.com/en/articles/552,,,,,,,,,failed,all Firecrawl keys exhausted (401/402),,,0,0
553,https://www.mql5.com/en/articles/553,,,,,,,,,failed,all Firecrawl keys exhausted (401/402),,,0,0
554,https://www.mql5.com/en/articles/554,,,,,,,,,failed,all Firecrawl keys exhausted (401/402),,,0,0
555,https://www.mql5.com/en/articles/555,,,,,,,,,failed,all Firecrawl keys exhausted (401/402),,,0,0
556,https://www.mql5.com/en/articles/556,,,,,,,,,failed,all Firecrawl keys exhausted (401/402),,,0,0
557,https://www.mql5.com/en/articles/557,,,,,,,,,failed,all Firecrawl keys exhausted (401/402),,,0,0
560,https://www.mql5.com/en/articles/560,,,,,,,,,failed,all Firecrawl keys exhausted (401/402),,,0,0
561,https://www.mql5.com/en/articles/561,,,,,,,,,failed,all Firecrawl keys exhausted (401/402),,,0,0
562,https://www.mql5.com/en/articles/562,,,,,,,,,failed,all Firecrawl keys exhausted (401/402),,,0,0
563,https://www.mql5.com/en/articles/563,,,,,,,,,failed,all Firecrawl keys exhausted (401/402),,,0,0
564,https://www.mql5.com/en/articles/564,,,,,,,,,failed,all Firecrawl keys exhausted (401/402),,,0,0
567,https://www.mql5.com/en/articles/567,,,,,,,,,failed,all Firecrawl keys exhausted (401/402),,,0,0
572,https://www.mql5.com/en/articles/572,,,,,,,,,failed,all Firecrawl keys exhausted (401/402),,,0,0
576,https://www.mql5.com/en/articles/576,,,,,,,,,failed,all Firecrawl keys exhausted (401/402),,,0,0
577,https://www.mql5.com/en/articles/577,,,,,,,,,failed,all Firecrawl keys exhausted (401/402),,,0,0
578,https://www.mql5.com/en/articles/578,,,,,,,,,failed,all Firecrawl keys exhausted (401/402),,,0,0
580,https://www.mql5.com/en/articles/580,,,,,,,,,failed,all Firecrawl keys exhausted (401/402),,,0,0
583,https://www.mql5.com/en/articles/583,,,,,,,,,failed,all Firecrawl keys exhausted (401/402),,,0,0
584,https://www.mql5.com/en/articles/584,,,,,,,,,failed,all Firecrawl keys exhausted (401/402),,,0,0
585,https://www.mql5.com/en/articles/585,,,,,,,,,failed,all Firecrawl keys exhausted (401/402),,,0,0
586,https://www.mql5.com/en/articles/586,,,,,,,,,failed,all Firecrawl keys exhausted (401/402),,,0,0
588,https://www.mql5.com/en/articles/588,,,,,,,,,failed,all Firecrawl keys exhausted (401/402),,,0,0
591,https://www.mql5.com/en/articles/591,,,,,,,,,failed,all Firecrawl keys exhausted (401/402),,,0,0
594,https://www.mql5.com/en/articles/594,,,,,,,,,failed,all Firecrawl keys exhausted (401/402),,,0,0
598,https://www.mql5.com/en/articles/598,,,,,,,,,failed,all Firecrawl keys exhausted (401/402),,,0,0
599,https://www.mql5.com/en/articles/599,,,,,,,,,failed,all Firecrawl keys exhausted (401/402),,,0,0
606,https://www.mql5.com/en/articles/606,,,,,,,,,failed,all Firecrawl keys exhausted (401/402),,,0,0
607,https://www.mql5.com/en/articles/607,,,,,,,,,failed,all Firecrawl keys exhausted (401/402),,,0,0
608,https://www.mql5.com/en/articles/608,,,,,,,,,failed,all Firecrawl keys exhausted (401/402),,,0,0
610,https://www.mql5.com/en/articles/610,,,,,,,,,failed,all Firecrawl keys exhausted (401/402),,,0,0
618,https://www.mql5.com/en/articles/618,,,,,,,,,failed,all Firecrawl keys exhausted (401/402),,,0,0
619,https://www.mql5.com/en/articles/619,,,,,,,,,failed,all Firecrawl keys exhausted (401/402),,,0,0
621,https://www.mql5.com/en/articles/621,,,,,,,,,failed,all Firecrawl keys exhausted (401/402),,,0,0
622,https://www.mql5.com/en/articles/622,,,,,,,,,failed,all Firecrawl keys exhausted (401/402),,,0,0
623,https://www.mql5.com/en/articles/623,Interview with Sergey Pankratyev (ATC 2012),,2012-12-27T05:53Z,Interviews,MetaTrader 5,[],,,ok,,c2bfa494bb2c5ad7fc4aa0ce02d259cf456375c0ef403e11c0bd46188aa7773d,md/623.md,13476,3369
624,https://www.mql5.com/en/articles/624,Interview with Alexey Masterov (ATC 2012),,2013-01-08T06:22Z,Interviews,MetaTrader 5,[],,,ok,,eee32a5332287ec293f04ee30fea9a9c52ebdef443ca3455a4255fc552d28ca5,md/624.md,11574,2893
625,https://www.mql5.com/en/articles/625,MetaTrader 5 on Linux,,2013-01-18T07:18Z,Trading,MetaTrader 5,[],,,ok,,bb03dd55eac677e65e1ff03b39f169c7810a3ecc88242b6bc0d1f193324f28f8,md/625.md,6618,1654
626,https://www.mql5.com/en/articles/626,MetaTrader 4 and MetaTrader 5 Trading Signals Widgets,,2013-01-25T06:49Z,Trading,MetaTrader 5,[],,,ok,,a5d1627fd987e79e215a0d2c433f09617f5e5502c050458a754e926d51f2e416,md/626.md,8626,2156
632,https://www.mql5.com/en/articles/632,MQL5 Market Turns One Year Old,,2013-01-31T13:51Z,Trading systems,MetaTrader 5,[],,,ok,,30f7ed93bb59bed083bda76f7bf93b102180b8a1395bff31077d47a9ba5ace8d,md/632.md,11305,2826
638,https://www.mql5.com/en/articles/638,MQL5 Cookbook: Using Different Print Modes,,2013-02-27T13:01Z,Examples,MetaTrader 5,[],,,ok,,8c7d64955155658030db88612a08ddaf6f164c8511ea45b02405cc5b80195152,md/638.md,22465,5616
639,https://www.mql5.com/en/articles/639,MQL5 Cookbook: Getting Position Properties,,2013-03-04T08:40Z,Examples,MetaTrader 5,[],,,ok,,73477eac83679eee0bf50d5afa48378373ab2a6de681149fb03e55ead1912166,md/639.md,24057,6014
641,https://www.mql5.com/en/articles/641,MQL5 Cookbook: Position Properties on the Custom Info Panel,,2013-03-14T14:00Z,Examples,MetaTrader 5,[],,,ok,,e9e00f5cee1d7945ebb61c0241064f8bb4b2e43acb93fd0374740f9dd8b6bfa9,md/641.md,50330,12582
642,https://www.mql5.com/en/articles/642,MQL5 Cookbook: Analyzing Position Properties in the MetaTrader 5 Strategy Tester,,2013-03-25T13:36Z,Examples,MetaTrader 5,[],,,ok,,b0cae1e11683c4519c6ac3027e210743fed1fd4f4de7391acc4010255b2b64e7,md/642.md,28635,7158
643,https://www.mql5.com/en/articles/643,MQL5 Cookbook: How to Avoid Errors When Setting/Modifying Trade Levels,,2013-04-16T13:21Z,Examples,MetaTrader 5,[],,,ok,,05e4d7b3bb050931c0c392540e09e2a06213a81c7e5f011ee7a62c141bfc2d7e,md/643.md,51381,12845
644,https://www.mql5.com/en/articles/644,MQL5 Cookbook: The History of Deals And Function Library for Getting Position Properties,,2013-05-07T14:39Z,Examples,MetaTrader 5,[],,,ok,,965f1ffea2dc632228f8fc7a00cec5208bc97b3c2f5c6447370956ed0ee59be4,md/644.md,38847,9711
645,https://www.mql5.com/en/articles/645,MQL5 Cookbook: Using Indicators to Set Trading Conditions in Expert Advisors,,2013-05-24T10:07Z,Examples,MetaTrader 5,[],,,ok,,ba111e72a4c4085652d2c689feebf70a8f7a6a9131af214f890519147d608402,md/645.md,40532,10133
646,https://www.mql5.com/en/articles/646,The ZigZag Indicator: Fresh Approach and New Solutions,,2013-05-09T11:10Z,Trading systems,MetaTrader 5,[],,,ok,,534eaa7d47fcf802103be73edcde75488b61c1118d21b3534ed124985aa33ddd,md/646.md,37762,9440
647,https://www.mql5.com/en/articles/647,MQL5 Cookbook: Developing a Framework for a Trading System Based on the Triple Screen Strategy,,2013-05-29T15:13Z,Examples,MetaTrader 5,[],,,ok,,453379f4b885d68aab7cc3985e5986f365d6c6313166ee0ad7fcffc4f2ba64ec,md/647.md,30615,7653
648,https://www.mql5.com/en/articles/648,"MQL5 Cookbook: Multi-Currency Expert Advisor - Simple, Neat and Quick Approach",,2013-06-18T15:33Z,Examples,MetaTrader 5,[],,,ok,,a7d5845d0880b6c90ce8822ca04679f2a613e3c75ec61d23ca53dc3752d7b955,md/648.md,41190,10297
650,https://www.mql5.com/en/articles/650,MQL5 Cookbook: Developing a Multi-Currency Expert Advisor with Unlimited Number of Parameters,,2013-07-15T11:24Z,Examples,MetaTrader 5,[],,,ok,,e8828e89ba622cdf69889a303e625b51b9eb6c74b675fd63c77ae3db17059ab6,md/650.md,50248,12562
651,https://www.mql5.com/en/articles/651,MQL5 Cookbook: Writing the History of Deals to a File and Creating Balance Charts for Each Symbol in Excel,,2013-07-31T17:50Z,Examples,MetaTrader 5,[],,,ok,,721c3a4cc704f709e2777c5a3d54350422ffaf9bd5077abb22a78dbe7b761a1d,md/651.md,36281,9070
652,https://www.mql5.com/en/articles/652,MQL5 Cookbook: Reducing the Effect of Overfitting and Handling the Lack of Quotes,,2013-09-24T10:26Z,Examples,MetaTrader 5,[],,,ok,,e3f0e8c3da55b773e5616e22902e9e164418d7ab142165904e6cc5a037dab720,md/652.md,43409,10852
654,https://www.mql5.com/en/articles/654,Debugging MQL5 Programs,,2013-04-19T16:51Z,Examples,MetaTrader 5,[],,,ok,,0578d67b8996c8671c2a7dc5fc3e57ad5f24cec225078e59cb75f29ae049435e,md/654.md,34146,8536
656,https://www.mql5.com/en/articles/656,Indicator for Point and Figure Charting,,2013-05-16T12:10Z,Examples,MetaTrader 5,[],,,ok,,2c6b477c24cf27aa8d290b75e9a899b8a733705c2f6c420559c2bed2b4c0c545,md/656.md,47936,11984
665,https://www.mql5.com/en/articles/665,Jeremy Scott - Successful MQL5 Market Seller,,2013-03-20T09:39Z,Trading systems,MetaTrader 5,[],,,ok,,915c16468bac7ac831e54e32ff47b4170d549359cd348a9f318b6e6f5febaeb3,md/665.md,9227,2306
669,https://www.mql5.com/en/articles/669,MQL5 Cloud Network: Are You Still Calculating?,,2013-04-04T10:26Z,Tester,MetaTrader 5,[],,,ok,,134b6b65f35daaf2a3e3d36cd4ca76792a5050640762f1bef92cc42a60dc48f0,md/669.md,9474,2368
670,https://www.mql5.com/en/articles/670,MQL5 Market Results for Q1 2013,,2013-04-01T16:07Z,Trading systems,MetaTrader 5,[],,,ok,,d596fe862cc247abb3448fbcc37d00a7354a3fd14274d2ae0407c17f81ce49f7,md/670.md,8381,2095
689,https://www.mql5.com/en/articles/689,MQL5 Cookbook: Handling Typical Chart Events,,2014-10-13T11:38Z,Examples,MetaTrader 5,[],,,ok,,790082a811526b770996334d5caa717aaa764469d441457a27a5084395cb9016,md/689.md,45392,11348
690,https://www.mql5.com/en/articles/690,How to Install and Use OpenCL for Calculations,,2013-07-01T14:16Z,Examples,MetaTrader 5,[],,,ok,,81b66784fa81324e95ebd4403cf7d5752275ad92dff4b4d0f5d5e591526606f8,md/690.md,33555,8388
691,https://www.mql5.com/en/articles/691,Trading Signal Generator Based on a Custom Indicator,,2013-08-07T10:17Z,Examples,MetaTrader 5,[],,,ok,,c03d0dd6505ff60eec6d3188904f99c6963e0ace52eaf5efd0b3b25f68073153,md/691.md,57661,14415
698,https://www.mql5.com/en/articles/698,MQL5 Market Results for Q2 2013,,2013-07-03T15:44Z,Trading systems,MetaTrader 5,[],,,ok,,953d898000012ed114a82a81a7544d9fd9c05d35e208357117bb832ea4cb7700,md/698.md,10831,2707
701,https://www.mql5.com/en/articles/701,Social Trading with the MetaTrader 4 and MetaTrader 5 Trading Platforms,,2013-07-08T08:38Z,Trading,MetaTrader 5,[],,,ok,,72ba0c24782f600a8d52c99833543a20b55a322077c743c426117ea470d2e465,md/701.md,10121,2530
703,https://www.mql5.com/en/articles/703,Another MQL5 OOP Class,,2013-07-22T10:48Z,Examples,MetaTrader 5,[],,,ok,,31ee1adffa063c948a69b56bcfbce0a11ce0efb80029c321735eca923b9c8500,md/703.md,50415,12603
706,https://www.mql5.com/en/articles/706,Creating Neural Network EAs Using MQL5 Wizard and Hlaiman EA Generator,Ivan Negreshniy,2013-09-19T10:27Z,Expert Advisors,MetaTrader 5,[],,,ok,,58b6e0f56a99f2af0249799f7ab32d8f37a95aa62670e5f75bb5ad86a880c57c,md/706.md,51395,12848
709,https://www.mql5.com/en/articles/709,MQL5 Programming Basics: Lists,,2014-02-17T12:11Z,Examples,MetaTrader 5,[],,,ok,,553fb4c950760fb9d676f39fb36e7c3565e2414ba28a4ef833be7c55bc8f60d8,md/709.md,111165,27791
719,https://www.mql5.com/en/articles/719,Building an Automatic News Trader,,2013-08-02T13:38Z,Trading,MetaTrader 5,[],,,ok,,d2d64e1893138a45444e4d7298064b4736842a92a349ceb6353c493513586056,md/719.md,57332,14333
723,https://www.mql5.com/en/articles/723,MQL5 Wizard: How to Teach an EA to Open Pending Orders at Any Price,,2013-09-25T16:03Z,Examples,MetaTrader 5,[],,,ok,,ca7d2f16f8d71457c5b80fcae459d5932ee13dc93654f19a176cf469f09bf582,md/723.md,46357,11589
728,https://www.mql5.com/en/articles/728,Marvel Your MQL5 Customers with a Usable Cocktail of Technologies!,,2013-10-18T10:49Z,Examples,MetaTrader 5,[],,,ok,,3a49133d66a1895646fda995c7cce3b57a599aea1609a4cff43d6dfe546bf4ac,md/728.md,24963,6240
734,https://www.mql5.com/en/articles/734,Raise Your Linear Trading Systems to the Power,,2013-11-14T08:07Z,Trading systems,MetaTrader 5,[],,,ok,,5b8b82970bb42b0c0b95b514e17e39cc8dd5497b0d1de738a7fb090cc1e4056c,md/734.md,26092,6523
736,https://www.mql5.com/en/articles/736,Technical Indicators and Digital Filters,,2013-10-21T14:08Z,Integration,MetaTrader 5,[],,,ok,,4e249c931fdd76554d1a76f3b6cbdf8a9dfd23b263758af2df5107b61e08a1c6,md/736.md,32972,8243
741,https://www.mql5.com/en/articles/741,Extending MQL5 Standard Library and Reusing Code,,2013-09-10T16:26Z,Examples,MetaTrader 5,[],,,ok,,3f95bc752df8c714f9e1f06747899c6501dd4a18ae34c7cf144d8f39effe55bf,md/741.md,40981,10245
746,https://www.mql5.com/en/articles/746,MQL5 Cookbook: Saving Optimization Results of an Expert Advisor Based on Specified Criteria,,2013-10-15T16:34Z,Tester,MetaTrader 5,[],,,ok,,1035eec21072a39435617f041b8dfb6970b663237818106b24343a59024854a1,md/746.md,54291,13572
748,https://www.mql5.com/en/articles/748,MQL5 Cookbook: Sound Notifications for MetaTrader 5 Trade Events,,2013-10-23T11:38Z,Examples,MetaTrader 5,[],,,ok,,49b83072820248b19dbd3c09fad41ca6bef983cfa6d47ff1915e32316736f7db,md/748.md,39718,9929
749,https://www.mql5.com/en/articles/749,MQL5 Cookbook: Monitoring Multiple Time Frames in a Single Window,,2013-10-29T14:11Z,Examples,MetaTrader 5,[],,,ok,,4f560ff2daf5ab95da2f82cf3cfc420626b7a02eda7a91903886e2f97384e2db,md/749.md,70196,17549
750,https://www.mql5.com/en/articles/750,MQL5 Cookbook: Indicator Subwindow Controls - Buttons,,2013-11-04T10:02Z,Examples,MetaTrader 5,[],,,ok,,8f30d2586f376c3a359eabf9069411ad12c801db1afd0c0b955d1528357b1b2e,md/750.md,46267,11566
751,https://www.mql5.com/en/articles/751,MQL5 Cookbook: Indicator Subwindow Controls - Scrollbar,,2013-11-07T06:47Z,Examples,MetaTrader 5,[],,,ok,,aab0cf007ddc162869e245b130a345f71298cb98824e97a1d8a92d3b5f4c79c4,md/751.md,87732,21933
752,https://www.mql5.com/en/articles/752,MQL5 Cookbook: Developing a Multi-Symbol Volatility Indicator in MQL5,,2014-01-06T10:34Z,Examples,MetaTrader 5,[],,,ok,,6706e448104148c0c3ef7153c7d41102a228252efb23f2ca5f943cf66e358b2f,md/752.md,85320,21330
754,https://www.mql5.com/en/articles/754,MQL5 Cookbook: Development of a Multi-Symbol Indicator to Analyze Price Divergence,,2014-04-29T17:34Z,Examples,MetaTrader 5,[],,,ok,,9cccfe14a78db96bd1f921bdbf9937854356382924f18ac74dc9726e07e9dadb,md/754.md,63446,15861
755,https://www.mql5.com/en/articles/755,MQL5 Cookbook - Multi-Currency Expert Advisor and Working with Pending Orders in MQL5,,2014-08-21T13:57Z,Examples,MetaTrader 5,[],,,ok,,81502bf7ba2f87d236bc66462ddc3ebc58bc43cda582c212eec7b307b0fbadce,md/755.md,75310,18827
756,https://www.mql5.com/en/articles/756,How to Make Money from MetaTrader AppStore and Trading Signals Services If You Are Not a Seller or a Provider,,2013-09-23T15:54Z,Trading,MetaTrader 5,[],,,ok,,7a0b12f61d3e2d8f2405d521c1b20f70e28c4e9f85245f9038e044119fcda53e,md/756.md,9318,2329
769,https://www.mql5.com/en/articles/769,MetaTrader AppStore Results for Q3 2013,,2013-10-02T13:51Z,Trading systems,MetaTrader 5,[],,,ok,,3cf7ff78a3ea915f6e80971eca08200081c5225755f25ce62080b1ee6b8dea6b,md/769.md,11559,2889
770,https://www.mql5.com/en/articles/770,Creating a Multi-Currency Multi-System Expert Advisor,Maxim Khrolenko,2013-12-05T11:07Z,Examples,MetaTrader 5,[],,,ok,,f7d4fb5b257eef82ed9b799304b12113f90d835ba6e4d8e9430edeea641747b0,md/770.md,27944,6986
772,https://www.mql5.com/en/articles/772,Indicator for Kagi Charting,,2013-12-23T10:55Z,Examples,MetaTrader 5,[],,,ok,,199fde7fea8ec61a3305f3dc1f82966a6acfe56ebdc8266dd6bbbe087b67e9cf,md/772.md,95265,23816
792,https://www.mql5.com/en/articles/792,Indicator for Renko charting,,2014-06-11T13:07Z,Examples,MetaTrader 5,[],,,ok,,6c99e0c58c260a5304f5b80993e184da64ee7fbc9129273c24cd2c89daccee21,md/792.md,79321,19830
797,https://www.mql5.com/en/articles/797,Working with GSM Modem from an MQL5 Expert Advisor,,2014-02-17T15:56Z,Integration,MetaTrader 5,[],,,ok,,6cd261d5ccb4d7955e408982c4f60cc2d49c2455e22c808951acfdf7fecac95d,md/797.md,72598,18149
802,https://www.mql5.com/en/articles/802,Continuous futures contracts in MetaTrader 5,,2014-06-06T15:26Z,Indicators,MetaTrader 5,[],,,ok,,ba60c7afd64d303bbfcd0434dda335625e260c5ed60337758dbc2efdd9f657f7,md/802.md,35582,8895
812,https://www.mql5.com/en/articles/812,Creating Non-Lagging Digital Filters,,2014-01-21T09:00Z,Indicators,MetaTrader 5,[],,,ok,,4d871e84fcec15635d67b3f49b9dbd833c30a06977a379720484bb6dfa079651,md/812.md,28191,7047
821,https://www.mql5.com/en/articles/821,Video tutorial: MetaTrader Signals Service,,2013-11-29T09:42Z,Trading,MetaTrader 5,[],,,ok,,cbd7205be6e9b84451c7fd027d7734710fade25502a0f6ae2351613b91f87b0b,md/821.md,5710,1427
830,https://www.mql5.com/en/articles/830,Neural Networks Cheap and Cheerful - Link NeuroPro with MetaTrader 5,,2015-02-02T15:57Z,Integration,MetaTrader 5,[],,,ok,,fb6e882ab42399eca19aa95e1fa1324f6eba1bdf81bf7846a3f3f30178636f9e,md/830.md,65388,16347
862,https://www.mql5.com/en/articles/862,SQL and MQL5: Working with SQLite Database,,2014-04-18T12:53Z,Examples,MetaTrader 5,[],,,ok,,379e35e0e871fd3dfb52bc77f26f1d3240f1b8c06bdc26effa569f3343933162,md/862.md,42239,10559
902,https://www.mql5.com/en/articles/902,Indicator for Constructing a Three Line Break Chart,,2014-09-11T16:51Z,Examples,MetaTrader 5,[],,,ok,,0a023b03aca59bc9f4a18bd835b17c2372032d21ea52904679874dd410cfd947,md/902.md,74892,18723
910,https://www.mql5.com/en/articles/910,Tales of Trading Robots: Is Less More?,,2014-04-24T12:31Z,Trading,MetaTrader 5,[],,,ok,,2acfcd83b2223901e44824127d261f12a950f7736950b2550fe357d7ace1acf1,md/910.md,42955,10738
925,https://www.mql5.com/en/articles/925,"Building a Social Technology Startup, Part I: Tweet Your MetaTrader 5 Signals",,2014-06-17T09:52Z,Trading systems,MetaTrader 5,[],,,ok,,d7a6d9fbeb95725d71e08de850aa7b389584d0f2f49846bc7460e3b87e801b57,md/925.md,38622,9655
932,https://www.mql5.com/en/articles/932,How to Access the MySQL Database from MQL5 (MQL4),Eugeniy Lugovoy,2014-10-21T13:26Z,Integration,MetaTrader 5,[],,,ok,,131c70aa7bbdc62bd5c47cd808db7afd2f9e5786db8f4d55ee95938c61349400,md/932.md,33345,8336
975,https://www.mql5.com/en/articles/975,Cycle analysis using the Goertzel algorithm,,2023-07-25T15:59Z,Indicators,MetaTrader 5,[],,,ok,,273961417962c5e88be6d473546cfe6d32513d20c77f8f2c1291854a34b3a19d,md/975.md,50363,12590
987,https://www.mql5.com/en/articles/987,"MQL5 Wizard: Placing Orders, Stop-Losses and Take Profits on Calculated Prices. Standard Library Extension",Andrey Shpilev,2015-01-09T09:38Z,Examples,MetaTrader 5,[],,,ok,,eceb94f39f98a7e8272dd94555747356b5984a9fc499dbac65e925c7046fecaf,md/987.md,65579,16394
994,https://www.mql5.com/en/articles/994,How to Prepare a Trading Account for Migration to Virtual Hosting,,2014-10-01T11:03Z,Examples,MetaTrader 5,[],,,ok,,3531feb4bf2acb0171a5a2102beb0b1fdd762af54e55ec0fcb4ff0861f8a9585,md/994.md,19617,4904
999,https://www.mql5.com/en/articles/999,Tips for an Effective Product Presentation on the Market,,2014-08-08T16:44Z,Examples,MetaTrader 5,[],,,ok,,8494d68608cad2a10c8b8635f1420c8d6df4949f66cecc8a4159ca24631c8813,md/999.md,19373,4843
1009,https://www.mql5.com/en/articles/1009,Do Traders Need Services From Developers?,,2014-06-24T14:16Z,Trading systems,MetaTrader 5,[],,,ok,,1fe0937dac3103b5baf638833cd4e1f6311743e1dac5e1b10e15924f6bb7a04a,md/1009.md,9899,2474
1019,https://www.mql5.com/en/articles/1019,How to earn money by fulfilling traders' orders in the Freelance service,,2024-06-19T10:26Z,Trading systems,MetaTrader 5,[],,,ok,,806d0f35c34333ea31a5a02437d47a2fadbc4228f0b67c102d3eee28a964c28c,md/1019.md,12756,3189
1022,https://www.mql5.com/en/articles/1022,Freelance Jobs on MQL5.com - Developer's Favorite Place,,2014-07-31T14:15Z,Trading systems,MetaTrader 5,[],,,ok,,57888dd7d05e5af44d37f4d9bd4e4e93ae2d00e613b7fe189072b64b2e2654cc,md/1022.md,10197,2549
1038,https://www.mql5.com/en/articles/1038,MQL5.com Freelance: Developers' Source of Income (Infographic),,2014-07-03T15:06Z,Trading systems,MetaTrader 5,[],,,ok,,5b699776c029bcc1eb2787ba35a8b4f072b194451cd3a53e87c4a05156128975,md/1038.md,5590,1397
1044,https://www.mql5.com/en/articles/1044,"Building a Social Technology Startup, Part II: Programming an MQL5 REST Client",,2014-07-30T14:44Z,Trading,MetaTrader 5,[],,,ok,,f9867c52581ec53968fb8f2a8c82beee8f92c52ff123a7f345a3c985117583d0,md/1044.md,43621,10905
1045,https://www.mql5.com/en/articles/1045,"Johnpaul77 Signal Providers: ""Our Strategy Remains Profitable for More Than Three Years Now. So Why Would We Change It?""",,2014-07-11T16:22Z,Trading,MetaTrader 5,[],,,ok,,89f3889000b34e8b9cc395ed27bbf4742e3637b222b38dcbba0dabc4cb24b687,md/1045.md,14263,3565
1052,https://www.mql5.com/en/articles/1052,Optimization. A Few Simple Ideas,,2015-03-05T09:32Z,Examples,MetaTrader 5,[],,,ok,,7a2bdab35686845094b44166eeb03ffcc76f52a600752bd77c8c23d943fbfdd0,md/1052.md,25114,6278
1077,https://www.mql5.com/en/articles/1077,Outline of MetaTrader Market (Infographics),,2014-07-30T09:44Z,Trading,MetaTrader 5,[],,,ok,,00268223f6e91f76c874c4cd722338a7027ec364052156ce7758765c17727b61,md/1077.md,5846,1461
1087,https://www.mql5.com/en/articles/1087,Regression Analysis of the Influence of Macroeconomic Data on Currency Prices Fluctuation,Salavat Bulyakarov,2014-09-19T11:36Z,Statistics and analysis,MetaTrader 5,[],,,ok,,39a9ef7f000a73dc71b87baa18ebafdac00939f2ff9836f666df39799c3ecb90,md/1087.md,28550,7137
1100,https://www.mql5.com/en/articles/1100,How we developed the MetaTrader Signals service and Social Trading,,2014-08-28T17:16Z,Trading,MetaTrader 5,[],,,ok,,97bf3e07c10e92b4d751cc3842fb028ebe53ff59c672272bac1ec76c718a0ff7,md/1100.md,14754,3688
1103,https://www.mql5.com/en/articles/1103,Third Generation Neural Networks: Deep Networks,,2015-02-05T11:17Z,Indicators,MetaTrader 5,[],,,ok,,4a8cf5f92a2daa03ad34a62fefdb72ea6dbe9f52354ceb2ccd8d855196305ba1,md/1103.md,102049,25512
1111,https://www.mql5.com/en/articles/1111,MQL5 Cookbook: Processing of the TradeTransaction Event,,2014-10-09T10:34Z,Examples,MetaTrader 5,[],,,ok,,a1df02c3e03a2cb69b8080b3b7be7f3cd0e869428dd0346243cf612e5c838824,md/1111.md,61347,15336
1163,https://www.mql5.com/en/articles/1163,MQL5 Cookbook: Handling Custom Chart Events,,2014-10-17T16:02Z,Examples,MetaTrader 5,[],,,ok,,a9e8d1dd2278c381b0bde89b580f9c96b18f833108516202cee1126bf14a35e0,md/1163.md,41662,10415
1165,https://www.mql5.com/en/articles/1165,Random Forests Predict Trends,,2015-01-21T09:08Z,Trading systems,MetaTrader 5,[],,,ok,,5578c18bb0130a405ce517800dadb5b7a8328b2df40d24604b26364fa724caac,md/1165.md,41414,10353
1171,https://www.mql5.com/en/articles/1171,Why Virtual Hosting On The MetaTrader 4 And MetaTrader 5 Is Better Than Usual VPS,,2014-11-06T11:35Z,Examples,MetaTrader 5,[],,,ok,,c2e3114406aef45ffe8a6d511d44c10cad90daa702757506ba3f56dc3dfbc6c3,md/1171.md,11897,2974
1179,https://www.mql5.com/en/articles/1179,MQL5 Cookbook: Handling BookEvent,,2014-10-22T13:18Z,Examples,MetaTrader 5,[],,,ok,,4a7174eb8ef593758565c35a28cd92a3567311faffc7925ffbd4ed309cffffad,md/1179.md,31568,7892
1201,https://www.mql5.com/en/articles/1201,Plotting trend lines based on fractals using MQL4 and MQL5,,2015-05-06T11:00Z,Trading,MetaTrader 5,[],,,ok,,54eaef1dbe1b35877c0069f503c288a06cd37079127549f4d94eefd6e5ec109d,md/1201.md,37755,9438
1208,https://www.mql5.com/en/articles/1208,Liquid Chart,,2014-11-25T16:26Z,Trading,MetaTrader 5,[],,,ok,,cda2f75d3c8d378438fe5412ae4e0a2b221c07efb53a438ed26208aa720bf20a,md/1208.md,62135,15533
1210,https://www.mql5.com/en/articles/1210,MQL5 Programming Basics: Global Variables of the Terminal,,2014-11-19T10:48Z,Examples,MetaTrader 5,[],,,ok,,07835d2bbb41f67286caa4d00f74f621b119f089b92d05d647d5d1b1a8d2f3d2,md/1210.md,34646,8661
1240,https://www.mql5.com/en/articles/1240,Trader's Statistical Cookbook: Hypotheses,,2015-02-10T07:28Z,Statistics and analysis,MetaTrader 5,[],,,ok,,fe225126aaf56e7cf0ffd8e239ffc37a673cfcd0c898b711128e64b24eb927f5,md/1240.md,23185,5796
1246,https://www.mql5.com/en/articles/1246,Programming EA's Modes Using Object-Oriented Approach,,2015-01-28T12:04Z,Examples,MetaTrader 5,[],,,ok,,71fd4d527df1a8d94ae489a4436b0a0448f22724b8dc101bad760bf9f1030f18,md/1246.md,40932,10233
1284,https://www.mql5.com/en/articles/1284,Principles of Exchange Pricing through the Example of Moscow Exchange's Derivatives Market,,2015-02-26T14:12Z,Trading,MetaTrader 5,[],,,ok,,c8ea6bfcf271f66e3f740c77700fe2fd106dc340988db64d875c930acd7fb2f6,md/1284.md,96304,24076
1297,https://www.mql5.com/en/articles/1297,"Bi-Directional Trading and Hedging of Positions in MetaTrader 5 Using the HedgeTerminal Panel, Part 1",,2015-03-02T14:25Z,Trading,MetaTrader 5,[],"Bi-Directional Trading and Hedging of Positions in MetaTrader 5 Using the HedgeTerminal Panel,",1,ok,,a5416cdf959ba379a057d4bb842f180e1ffdf53a42bd26f9dd1e0efb64e0c43c,md/1297.md,153783,38445
1316,https://www.mql5.com/en/articles/1316,"Bi-Directional Trading and Hedging of Positions in MetaTrader 5 Using the HedgeTerminal API, Part 2",,2015-04-09T15:50Z,Trading systems,MetaTrader 5,[],"Bi-Directional Trading and Hedging of Positions in MetaTrader 5 Using the HedgeTerminal API,",2,ok,,a734d36fb6e16f77232e26ca45a557fbbcdcb95df95060844754a9bcc26de6b1,md/1316.md,171646,42911
1334,https://www.mql5.com/en/articles/1334,MQL5 Cookbook: Implementing an Associative Array or a Dictionary for Quick Data Access,,2015-06-02T16:49Z,Examples,MetaTrader 5,[],,,ok,,ac523a23468b4004fe56f3b4d94e47b1bc1d714938cba185528ab3692ce430fe,md/1334.md,130878,32719
1341,https://www.mql5.com/en/articles/1341,Studying the CCanvas Class. How to Draw Transparent Objects,,2015-03-05T14:09Z,Examples,MetaTrader 5,[],,,ok,,6304c0d63807840cbe7f3bd69aa781a94e88e73b749bf83f18c9ced5170846a8,md/1341.md,40247,10061
1345,https://www.mql5.com/en/articles/1345,Econometrics EURUSD One-Step-Ahead Forecast,,2012-04-23T10:29Z,Trading systems,MetaTrader 4,[],,,ok,,e6e61484c8fa33c6c47af71647060edfd3159ab3a3ad3145bfd06e4705793f75,md/1345.md,53881,13470
1347,https://www.mql5.com/en/articles/1347,Testing (Optimization) Technique and Some Criteria for Selection of the Expert Advisor Parameters,,2011-11-24T13:12Z,Tester,MetaTrader 4,[],,,ok,,bc457f1f057c03100a99d22a328fa002c670b7257217d55d8ab8705330530dab,md/1347.md,27255,6813
1349,https://www.mql5.com/en/articles/1349,The Golden Rule of Traders,,2012-06-15T12:38Z,Trading systems,MetaTrader 4,[],,,ok,,4028bed89d892c353b399b97f2d49c21d88e00e58a754dc9b84715fd8440d276,md/1349.md,25630,6407
1350,https://www.mql5.com/en/articles/1350,On Methods of Technical Analysis and Market Forecasting,Oles Filonenko,2012-03-22T11:17Z,Examples,MetaTrader 4,[],,,ok,,607b6fa1cb158f8eade196ced87ba8916df7f9295662c649ac8639d497b63cd8,md/1350.md,38073,9518
1351,https://www.mql5.com/en/articles/1351,Fractal Analysis of Joint Currency Movements,Руслан,2012-03-29T09:35Z,Examples,MetaTrader 4,[],,,ok,,ef240d1680c72445a22e96b6603f028679a926448e0d103e7473c4d9a44e9a2d,md/1351.md,19712,4928
1352,https://www.mql5.com/en/articles/1352,"Mechanical Trading System ""Chuvashov's Fork""",,2012-04-25T14:06Z,Trading systems,MetaTrader 4,[],,,ok,,66881a7a07287d06d78ccd56854fbfc9cf268457a4e8cb4bf4a58216aa12c64e,md/1352.md,26083,6520
1353,https://www.mql5.com/en/articles/1353,Synthetic Bars - A New Dimension to Displaying Graphical Information on Prices,,2012-05-04T13:18Z,Trading systems,MetaTrader 4,[],,,ok,,69737e339d9333b04b44f06166257c38bd9cfecdb9fb243f3e8853522f2466ef,md/1353.md,13144,3286
1354,https://www.mql5.com/en/articles/1354,Trader's Kit: Drag Trade Library,,2012-05-11T07:14Z,Examples,MetaTrader 4,[],,,ok,,bd76a0c1b3fe723795b77dacd8b4b1a0352fd8f6006c5cb099a7c133b9f05763,md/1354.md,24682,6170
1355,https://www.mql5.com/en/articles/1355,A Pause between Trades,,2006-08-08T09:54Z,Examples,MetaTrader 4,[],,,ok,,ade6f043028c4d357a0b20bdf721617e9be4a01e912c8dbebb3c46a488d4fcbf,md/1355.md,19414,4853
1356,https://www.mql5.com/en/articles/1356,MetaTrader 4 on macOS,,2024-07-02T10:52Z,Examples,MetaTrader 4,[],,,ok,,5cc89ec8b73e7affbebc67a9f3823752c22b8d54061e960016731e54bb6f904b,md/1356.md,8369,2092
1357,https://www.mql5.com/en/articles/1357,An Insight Into Accumulation/Distribution And Where It Can Get You,,2012-07-31T09:41Z,Examples,MetaTrader 4,[],,,ok,,877a6d4cf1803c99c5f9d14d535769dc2230d34b5af0a6134b61c93caeca43d5,md/1357.md,122430,30607
1358,https://www.mql5.com/en/articles/1358,MetaTrader 4 on Linux,,2012-11-23T14:12Z,Examples,MetaTrader 4,[],,,ok,,bc4fc3b56633fe62ccf1215391a595fc7fe99b50d9ad1d5535fd8e42c1154dab,md/1358.md,6568,1642
1359,https://www.mql5.com/en/articles/1359,"MagicNumber: ""Magic"" Identifier of the Order",,2006-07-24T12:02Z,Examples,MetaTrader 4,[],,,ok,,b8247dd645f29de446261d6746f3c6b42dc5c4191da1e4dc06b3ddbb643921ed,md/1359.md,25974,6493
1360,https://www.mql5.com/en/articles/1360,The Random Sandbox,Clerin,2013-06-07T14:24Z,Examples,MetaTrader 4,[],,,ok,,88ae71f76e928160ee83b4b18be469250cf57441e0b7813e6ee8bb1eb6b72d36,md/1360.md,23901,5975
1361,https://www.mql5.com/en/articles/1361,MetaTrader 4 Expert Advisor exchanges information with the outside world,,2013-02-22T08:11Z,Examples,MetaTrader 4,[],,,ok,,3a1e91cf3e75959c38f674d2b1afab149686b0f9e2a711bf5ab12501bb4c1560,md/1361.md,99276,24819
1363,https://www.mql5.com/en/articles/1363,Three Aspects of Manual Trading Automation. Part 1: Trading,,2013-06-13T14:07Z,Examples,MetaTrader 4,[],Three Aspects of Manual Trading Automation. : Trading,1,ok,,90faf573e41a1682d194d76656d34d00a443ce58af651adb0c302f1b0bf6f810,md/1363.md,52175,13043
1364,https://www.mql5.com/en/articles/1364,"Mechanical Trading System ""Chuvashov's Triangle""",,2013-06-20T13:49Z,Trading systems,MetaTrader 4,[],,,ok,,7f6d9936592bacabe1171802a0349d45b69a16235cc7c872f498e0c90528ca23,md/1364.md,22409,5602
1365,https://www.mql5.com/en/articles/1365,LibMatrix: Library of Matrix Algebra (Part One),,2013-06-21T07:26Z,Examples,MetaTrader 4,[],,,ok,,74395609bbc084ad3b102e48e9c7f23940b848cb3adc6aea7e40ffb9b49d2a9d,md/1365.md,33687,8421
1366,https://www.mql5.com/en/articles/1366,Reading RSS News Feeds by Means of MQL4,vgs,2013-06-26T07:49Z,Examples,MetaTrader 4,[],,,ok,,358b8ed860e1b958ce429e25dc6908bf20009fe97cbd375724e45463955010e7,md/1366.md,13921,3480
1367,https://www.mql5.com/en/articles/1367,Money Management Revisited,Hide,2013-07-23T10:42Z,Trading,MetaTrader 4,[],,,ok,,1cf09761f901683cd327dfc0a2642beb200a3b1bfb076e9f7dd51dcaab75a37e,md/1367.md,69000,17250
1368,https://www.mql5.com/en/articles/1368,Testing Expert Advisors on Non-Standard Time Frames,,2013-07-02T10:58Z,Tester,MetaTrader 4,[],,,ok,,de8d4987924d60f430db4b9f7040d3b7b8d4fea01b58b8278c1cb0a293c9fb46,md/1368.md,15861,3965
1370,https://www.mql5.com/en/articles/1370,Graphical Control of External Parameters of Indicators,,2013-07-08T10:04Z,Examples,MetaTrader 4,[],,,ok,,48abf691b24f4ae20d2d191a4d5157d66bb4c3587420ef9b5f1894039ffc9ff9,md/1370.md,19853,4963
1371,https://www.mql5.com/en/articles/1371,Alert and Comment for External Indicators. Multi-Currency Analysis Through External Scanning,,2013-07-19T09:23Z,Examples,MetaTrader 4,[],,,ok,,43a92bc1f44ac0191d627e9a2025089eefb32fbc5c850d584130652e0e91b827,md/1371.md,23298,5824
1372,https://www.mql5.com/en/articles/1372,Alert and Comment for External Indicators (Part Two),,2013-07-22T08:36Z,Examples,MetaTrader 4,[],,,ok,,a1fedf979cc55fd72b7757f91960b6544dd0e8bfc1bd1678f095b62e6eb3d513,md/1372.md,14850,3712
1373,https://www.mql5.com/en/articles/1373,How Reliable is Night Trading?,,2013-08-02T08:15Z,Trading systems,MetaTrader 4,[],,,ok,,9e1ef6f2e8a35dbc6e28bb925e4ee01a124253a2dfce6a19580f5acd01ecfa3d,md/1373.md,14761,3690
1374,https://www.mql5.com/en/articles/1374,Simple Methods of Forecasting Directions of the Japanese Candlesticks,,2013-08-07T06:59Z,Trading,MetaTrader 4,[],,,ok,,aa57962a11535482e1be72db0cd1239a97ffec01fc64a9005b3e8b158a22a4b4,md/1374.md,24176,6044
1375,https://www.mql5.com/en/articles/1375,Expert Advisor for Trading in the Channel,,2013-09-05T12:57Z,Examples,MetaTrader 4,[],,,ok,,c9319e75c80634b0ec446cbb6172e263586a74ee36751035e035503346bf7946,md/1375.md,43785,10946
1376,https://www.mql5.com/en/articles/1376,EA Status SMS Notifications,,2013-09-24T07:41Z,Examples,MetaTrader 4,[],,,ok,,a9703b12907dd4ac920727999b10f8d7418b8cc99b38654880900f65ad33eb47,md/1376.md,28396,7099
1378,https://www.mql5.com/en/articles/1378,Graphic Expert Advisor: AutoGraf,,2007-01-09T16:12Z,Examples,MetaTrader 4,[],,,ok,,6f4f8a8f5b6aacc18acd3b4475f79aaab944e2ea0607967da0d7ee7c4fa7130b,md/1378.md,39130,9782
1380,https://www.mql5.com/en/articles/1380,Lite_EXPERT2.mqh: Functional Kit for Developers of Expert Advisors,,2013-10-08T11:04Z,Trading systems,MetaTrader 4,[],,,ok,,9b1e65c2d4cbaf927cb839684bcadd485e94a7c64d70fcef1d15d2b601be66a1,md/1380.md,34018,8504
1381,https://www.mql5.com/en/articles/1381,Visual Optimization of Indicator and Signal Profitability,,2013-11-21T09:28Z,Examples,MetaTrader 4,[],,,ok,,faac003ded39ac6ea474ea85261dded58d30e69df5e7a8094cfd5825e315fa2c,md/1381.md,44514,11128
1382,https://www.mql5.com/en/articles/1382,Working with Files. An Example of Important Market Events Visualization,,2006-07-10T14:31Z,Examples,MetaTrader 4,[],,,ok,,fccbd4e53c80a6908632eac848ab67f989aa193307853ffaff1ef09098e67fcd,md/1382.md,13693,3423
1383,https://www.mql5.com/en/articles/1383,Advanced Analysis of a Trading Account,,2013-11-22T07:42Z,Trading,MetaTrader 4,[],,,ok,,ce5122f1137fb434e092fa43c225b7ce466dbfc0452aea7ddd7ecd39ea360453,md/1383.md,59256,14814
1384,https://www.mql5.com/en/articles/1384,Lite_EXPERT2.mqh: Expert Advisor Implementation Examples,,2013-11-25T08:22Z,Trading systems,MetaTrader 4,[],,,ok,,a634a8b5a9cfd94637a637863c7b1347720fdd79c1ad0b6c5fc593a9f0ba6769,md/1384.md,38299,9574
1385,https://www.mql5.com/en/articles/1385,Testing and Optimization of Expert Advisors,Michael,2013-11-27T14:21Z,Tester,MetaTrader 4,[],,,ok,,c651e85386a47594d23f925062d04f92dfa9e7c83b4d6c592c238bee1f2b5aba,md/1385.md,29033,7258
1387,https://www.mql5.com/en/articles/1387,Offline Charts in the New MQL4,,2014-02-04T07:32Z,Examples,MetaTrader 4,[],,,ok,,e57e396de1592e74616172113a197c8ce170f0f5bdd5f502ecfb9a27fb4e8c9f,md/1387.md,14450,3612
1388,https://www.mql5.com/en/articles/1388,Data Structure in MetaTrader 4 Build 600 and Higher,,2014-02-17T11:45Z,Examples,MetaTrader 4,[],,,ok,,a8838c8cb9abacb8b9cc02f1e9242564ce2bf3442518f54a351c1aad1d4a643e,md/1388.md,15809,3952
1389,https://www.mql5.com/en/articles/1389,Upgrade to MetaTrader 4 Build 600 and Higher,,2014-03-05T11:25Z,Examples,MetaTrader 4,[],,,ok,,2246d5f8f3cdd71caada6afae41a2ada24566554ec5afb6cae3ecbd09dd2da82,md/1389.md,15920,3980
1390,https://www.mql5.com/en/articles/1390,Considering Orders in a Large Program,,2006-08-28T16:30Z,Examples,MetaTrader 4,[],,,ok,,589f5bdca5115653fd5b0e2aec339ecbe0eb0437a534dd36c6a8b5879f1656da,md/1390.md,37506,9376
1391,https://www.mql5.com/en/articles/1391,Common Errors in MQL4 Programs and How to Avoid Them,,2014-03-25T13:58Z,Examples,MetaTrader 4,[],,,ok,,c514e43dcf892d4480a413413f6bf09b47ab8e7626d2f70c35ef46f57e354984,md/1391.md,24154,6038
1392,https://www.mql5.com/en/articles/1392,Why Is It Important to Update MetaTrader 4 to the Latest Build by August 1?,,2014-06-04T14:10Z,Examples,MetaTrader 4,[],,,ok,,9d1285c1d8e350c850a006d183895fdf751392b02f4efbbd1d06926bd6b6cd49,md/1392.md,10165,2541
1393,https://www.mql5.com/en/articles/1393,"Synchronization of Expert Advisors, Scripts and Indicators",,2007-04-04T08:36Z,Examples,MetaTrader 4,[],,,ok,,9c82322a417a886d87c53b5861c2995cad7a9038910556b62314495458da7446,md/1393.md,54052,13513
1399,https://www.mql5.com/en/articles/1399,Events in МetaТrader 4,,2007-04-12T13:30Z,Examples,MetaTrader 4,[],,,ok,,c11733102fb8f0675795e78c8ce9406df458dc874923b539113ab600a1cba1c8,md/1399.md,42717,10679
1400,https://www.mql5.com/en/articles/1400,How we developed the MetaTrader Signals service and Social Trading,,2014-08-29T08:30Z,Trading,MetaTrader 4,[],,,ok,,0fa78673c47e84668624b3e1ad98829f14d4124c01426e33cbebd4d75b5c9683,md/1400.md,13954,3488
1402,https://www.mql5.com/en/articles/1402,Requirements Applicable to Articles Offered for Publishing at MQL4.com,,2006-05-26T16:20Z,Examples,MetaTrader 4,[],,,ok,,e58b6d52f5ac324c05aac158e2314f67c6e031f9b4b7c359c90ff7470f10c138,md/1402.md,11956,2989
1403,https://www.mql5.com/en/articles/1403,How to Evaluate the Expert Testing Results,,2006-06-01T13:08Z,Tester,MetaTrader 4,[],,,ok,,b02999b9a4d902de8b2050eb6d5871d241aea8e590ce65e60f27bde913f53266,md/1403.md,17606,4401
1404,https://www.mql5.com/en/articles/1404,Orders Management - It's Simple,,2006-10-19T13:02Z,Trading,MetaTrader 4,[],,,ok,,966cb84766279908e158a075b16a1cb08e3c779d5a6120ce8325d80c8868d5da,md/1404.md,57168,14292
1405,https://www.mql5.com/en/articles/1405,Information Storage and View,,2006-07-07T12:55Z,Trading,MetaTrader 4,[],,,ok,,dd1902f0bd658fc766b687358d5c0f2ae0aa15a9dcde5a4669ded528955ee5cc,md/1405.md,21456,5364
1406,https://www.mql5.com/en/articles/1406,Expert System 'Commentator'. Practical Use of Embedded Indicators in an MQL4 Program,,2007-04-16T16:11Z,Trading,MetaTrader 4,[],,,ok,,06be7be1a5cdd8533d410e5b813422fdabbe9b121bd4a3bdd83d3db26c114618,md/1406.md,12543,3135
1407,https://www.mql5.com/en/articles/1407,Free-of-Holes Charts,,2006-06-20T12:39Z,Examples,MetaTrader 4,[],,,ok,,1c9d8a081e5243080eb51e28f61a16b4e9e3682af426f7876a989cf089854fc0,md/1407.md,43358,10839
1408,https://www.mql5.com/en/articles/1408,Genetic Algorithms: Mathematics,,2006-06-16T11:18Z,Tester,MetaTrader 4,[],,,ok,,cd37f2307e9483e7d35208c0c3762d5d30a16eab4896204191b0b817c95a1dba,md/1408.md,15390,3847
1409,https://www.mql5.com/en/articles/1409,Genetic Algorithms vs. Simple Search in the MetaTrader 4 Optimizer,,2007-04-20T15:22Z,Tester,MetaTrader 4,[],,,ok,,68fee38107d0bfe62f83718f42f1e2e15c1e93057d7ed57e44c1596c2ea5a203,md/1409.md,14658,3664
1410,https://www.mql5.com/en/articles/1410,"MQL4  as a Trader's Tool, or The Advanced Technical Analysis",,2007-03-22T17:20Z,Examples,MetaTrader 4,[],,,ok,,4346a4fc6fed73c45d9c4a1cccaaf6c8026f3c4437dfae907f3c63a725c2fe77,md/1410.md,11894,2973
1411,https://www.mql5.com/en/articles/1411,Multiple Null Bar Re-Count in Some Indicators,,2006-10-04T15:27Z,Examples,MetaTrader 4,[],,,ok,,e68e7acb998ed9c13279058619380c3d70efb3ee23e4c9f6fd15f69371386b14,md/1411.md,50321,12580
1412,https://www.mql5.com/en/articles/1412,"Error 146 (""Trade context busy"") and How to Deal with It",,2006-07-07T13:17Z,Examples,MetaTrader 4,[],,,ok,,ea45caf07029036d9001fe5dd4437bb8b8adb33a37c822bf3997c3bfecc8d724,md/1412.md,31088,7772
1413,https://www.mql5.com/en/articles/1413,"My First ""Grail""",,2006-09-05T12:06Z,Tester,MetaTrader 4,[],,,ok,,67a5a5bd847656540b3d3fc6ab0305b33cc3af59b8718b89c19c1e3c8bc1a8aa,md/1413.md,88742,22185
1414,https://www.mql5.com/en/articles/1414,How to Use Crashlogs to Debug Your Own DLLs,,2006-07-21T09:44Z,Examples,MetaTrader 4,[],,,ok,,e8e72f0b2f9132129e36cc9c82354da2da36d1a6158585bba4dcb95a5b07afa4,md/1414.md,15418,3854
1415,https://www.mql5.com/en/articles/1415,Secrets of MetaTrader 4 Client Terminal,,2006-09-12T11:35Z,Examples,MetaTrader 4,[],,,ok,,50439fd84a175c02e2e86999280a12910548747bf27e3fc4221a3826512af44d,md/1415.md,14264,3566
1416,https://www.mql5.com/en/articles/1416,Secrets of MetaTrader 4 Client Terminal: Alerting System,,2006-09-13T14:45Z,Examples,MetaTrader 4,[],,,ok,,e78230b9fad3f497ffc1f082014011bf122dd59c935906c0ed6eb6ac7d365279,md/1416.md,10276,2569
1417,https://www.mql5.com/en/articles/1417,Testing of Expert Advisors in the MetaTrader 4 Client Terminal: An Outward Glance,,2006-09-21T14:21Z,Tester,MetaTrader 4,[],,,ok,,23bd0ac3e0b37fbea2948816714bdb442b2e0696a1b259ed3455e92aa25bd913,md/1417.md,20611,5152
1418,https://www.mql5.com/en/articles/1418,Ten Basic Errors of a Newcomer in Trading,,2006-10-17T09:29Z,Trading,MetaTrader 4,[],,,ok,,29f4419370898b1084d000d07a3da76719e2da50ecfa83f26c0595b304386910,md/1418.md,8068,2017
1419,https://www.mql5.com/en/articles/1419,Trading Strategies,,2006-10-17T17:23Z,Trading systems,MetaTrader 4,[],,,ok,,14e41a825db98bb68a693ba48ae6d7717222e46ea355142b5b810bd40dad8a57,md/1419.md,10898,2724
1420,https://www.mql5.com/en/articles/1420,Testing Visualization: Functionality Enhancement,,2007-01-18T17:21Z,Tester,MetaTrader 4,[],,,ok,,5403c739ddefe4c58dda3e5fd2650b47dbec0c30726868ef8a0ce5d8b71eb555,md/1420.md,12994,3248
1422,https://www.mql5.com/en/articles/1422,Secrets of the MetaTrader 4 Client Terminal: Indicators,,2006-09-26T12:02Z,Examples,MetaTrader 4,[],,,ok,,77940edaa3975b9ef4f552f5ca8ab8908ca5ff4236ac76900052b635245e2632,md/1422.md,20490,5122
1424,https://www.mql5.com/en/articles/1424,"Ten ""Errors"" of a Newcomer in Trading?",rsi,2007-05-14T11:58Z,Trading systems,MetaTrader 4,[],,,ok,,1714fc3e09c0786d94e84a9dbded79edaeef548b562600d00502805da4ebac4a,md/1424.md,28851,7212
1425,https://www.mql5.com/en/articles/1425,Testing Visualization: Manual Trading,,2007-01-18T17:21Z,Tester,MetaTrader 4,[],,,ok,,11a2dedeb444855fddce79d35ee681d80439374101628cdc409957083a48ab5c,md/1425.md,18949,4737
1426,https://www.mql5.com/en/articles/1426,Creation of an Automated Trading System,,2007-08-10T09:41Z,Trading systems,MetaTrader 4,[],,,ok,,001f2de3849b069bde2571307615760b732d9c832deaa06419e5d3c623ff198c,md/1426.md,16832,4208
1427,https://www.mql5.com/en/articles/1427,Breakpoints in Tester: It's Possible!,Christo Tsvetanov,2007-08-15T16:00Z,Examples,MetaTrader 4,[],,,ok,,805c11f0adbc10e72e50fd221dda8878e3bf4bef0abfb47f970d5c39236729f8,md/1427.md,9582,2395
1428,https://www.mql5.com/en/articles/1428,Trading Tactics on Forex,,2006-12-11T15:31Z,Trading,MetaTrader 4,[],,,ok,,18e1f18286771f1eb183180e28e4bbc7d6f2d949ed83fbf1b99fe28e2f25b5f5,md/1428.md,15731,3932
1429,https://www.mql5.com/en/articles/1429,Construction of Fractal Lines,,2007-08-15T10:40Z,Examples,MetaTrader 4,[],,,ok,,0a21401d19c5d2d658957ee0981a0a2f7e357bee1b009c9b0c280af4e17941d7,md/1429.md,21352,5338
1430,https://www.mql5.com/en/articles/1430,Secrets of MetaTrader 4 Client Terminal: File Library in MetaEditor,,2006-10-19T13:05Z,Examples,MetaTrader 4,[],,,ok,,c534a76c59434dc883cfefc7842864eca1619ee033cc49338bfb155590c7fd43,md/1430.md,7456,1864
1431,https://www.mql5.com/en/articles/1431,Technical Analysis: Make the Impossible Possible!,,2007-08-16T12:49Z,Examples,MetaTrader 4,[],,,ok,,d8fd031efc2181bdd7314749982447b16519b80735dc2919915b2d34774fd660,md/1431.md,7637,1909
1432,https://www.mql5.com/en/articles/1432,Alternative Log File with the Use of HTML and CSS,,2007-05-14T09:25Z,Examples,MetaTrader 4,[],,,ok,,eb011362e142ee12884a7e7f53733bfbcf84f6afe9c3a185ba8772d432f1d756,md/1432.md,19173,4793
1433,https://www.mql5.com/en/articles/1433,Running MetaTrader 4 Client Terminal on Linux-Desktop,,2007-06-28T14:04Z,Examples,MetaTrader 4,[],,,ok,,095a297427794e7e51567c60c43032fac28734fba16bf4c69c11f4b2615075b1,md/1433.md,15115,3778
1434,https://www.mql5.com/en/articles/1434,How Not to Fall into Optimization Traps?,,2007-08-23T13:41Z,Tester,MetaTrader 4,[],,,ok,,4acc561f670acba62291e74b37cf4ff328a49f4a4293d50f40fc815b9f3b0e9f,md/1434.md,17094,4273
1435,https://www.mql5.com/en/articles/1435,Drawing Horizontal Break-Through Levels Using Fractals,,2008-09-05T14:06Z,Examples,MetaTrader 4,[],,,ok,,eee0d2be8061d13e7af4b595958943e7fe26468f5a6d0b3c245e50e0d7fb6f86,md/1435.md,18232,4558
1436,https://www.mql5.com/en/articles/1436,Sending Trading Signals in a Universal Expert Advisor,Igor Kim,2007-07-17T13:41Z,Examples,MetaTrader 4,[],,,ok,,60e1f3ecb393f7e25e29a9b4b3714979abefd64cc31d40233d5251f4d37911e6,md/1436.md,46080,11520
1437,https://www.mql5.com/en/articles/1437,Individual Psychology of a Trader,,2008-09-03T08:43Z,Trading,MetaTrader 4,[],,,ok,,93213c873cf739cf55e5c7d074168786fd31cdcbc1e7c70b4054e92dc96b6827,md/1437.md,38190,9547
1438,https://www.mql5.com/en/articles/1438,Trading Using Linux,,2007-08-30T08:13Z,Trading systems,MetaTrader 4,[],,,ok,,df33a09c051ee8c2bbb024f73b83c17651ce59271521d815297c2511f7a93856,md/1438.md,13059,3264
1439,https://www.mql5.com/en/articles/1439,A Method of Drawing the Support/Resistance Levels,,2007-04-25T17:07Z,Examples,MetaTrader 4,[],,,ok,,196b9c431be42c5ed4891ad7c5c1732d6e255fca83e5f91153f50b61060364ad,md/1439.md,12914,3228
1440,https://www.mql5.com/en/articles/1440,Displaying of Support/Resistance Levels,,2007-04-25T17:21Z,Examples,MetaTrader 4,[],,,ok,,9ce4aebe537656017bfb966e9c2a9c85be8f5f0b2f8ad4a5749d6edb4b8d18c9,md/1440.md,20496,5124
1441,https://www.mql5.com/en/articles/1441,Filtering by History,,2007-08-24T13:28Z,Trading systems,MetaTrader 4,[],,,ok,,b458b71b642cf130867c579e417acf8d43effdaf0a8ee5f4343b07671a4c7f58,md/1441.md,27875,6968
1442,https://www.mql5.com/en/articles/1442,Modelling Requotes in Tester and Expert Advisor Stability Analysis,Murashov Anton,2007-05-22T09:54Z,Trading systems,MetaTrader 4,[],,,ok,,691f39a4ebbcdc8e5cc1bff103fe7afb4f4133ba84bbc244261b857a3c243a79,md/1442.md,13200,3300
1443,https://www.mql5.com/en/articles/1443,Three-Dimensional Graphs - a Professional Tool of Market Analyzing,,2007-09-13T12:27Z,Examples,MetaTrader 4,[],,,ok,,7984e5e46d548fb20ff158084b59b40da11270752fe9d5e1a74bf56751e89e9c,md/1443.md,18489,4622
1444,https://www.mql5.com/en/articles/1444,Beginners' Mistakes when Working with MetaTrader 4 Client Terminal,,2007-01-09T16:13Z,Examples,MetaTrader 4,[],,,ok,,fc3255e51404a7712cab9f38dc4211d4712b3253a495f6d73b752c2a3bfdcbca,md/1444.md,8946,2236
1445,https://www.mql5.com/en/articles/1445,Problems of Technical Analysis Revisited,Constantin Tsarikhin,2007-09-25T13:12Z,Trading,MetaTrader 4,[],,,ok,,d64600c9a91f45905325f524627ea3809c99a3a2699872e52fec461c4d2c20e2,md/1445.md,49479,12369
1446,https://www.mql5.com/en/articles/1446,What Is a Martingale?,,2007-01-25T13:28Z,Trading,MetaTrader 4,[],,,ok,,97d7d98aad419fa756d3a299a5d1d713c23fc324c4a70c46592b73acc023415b,md/1446.md,18278,4569
1447,https://www.mql5.com/en/articles/1447,How to Develop a Profitable Trading Strategy,Yury Reshetov,2015-09-16T16:40Z,Trading systems,MetaTrader 4,[],,,ok,,f6cf9ff90eae2d4e84d62db953af749f2ad051e6997839abc1f3ebbc87411b31,md/1447.md,32301,8075
1448,https://www.mql5.com/en/articles/1448,Sound Alerts in Indicators,,2007-05-03T10:06Z,Trading,MetaTrader 4,[],,,ok,,bc8e2c036a927ebe44be466301a5a4e0d3bec31cf0ac89c6d7c658d7a2e697d6,md/1448.md,24085,6021
1449,https://www.mql5.com/en/articles/1449,MetaTrader 4 Working under Antiviruses and Firewalls,,2007-09-19T13:30Z,Examples,MetaTrader 4,[],,,ok,,e6755a4e40298c896127c108dcff81e265818b365e49f2cb27c5468d6079cdda,md/1449.md,6902,1725
1450,https://www.mql5.com/en/articles/1450,Effective Averaging Algorithms with Minimal Lag: Use in Indicators,,2007-02-08T09:39Z,Examples,MetaTrader 4,[],,,ok,,16f62ad31b412c315239c7fd9f9f0af2d2e7e93f29ea885d6ec8762db4ca16db,md/1450.md,69323,17330
1451,https://www.mql5.com/en/articles/1451,Tricolor Indicators and Some Opportunities for Maximal Simplification of Writing Indicators,,2007-07-13T13:36Z,Examples,MetaTrader 4,[],,,ok,,a15d0cdfa004bce53b40c75f2144e3f855e5438e64c64d703719f6f91c4c3780,md/1451.md,41726,10431
1452,https://www.mql5.com/en/articles/1452,Testing Visualization: Trade History,,2007-01-16T09:50Z,Tester,MetaTrader 4,[],,,ok,,d8cc92d6fdbc0af2c8114617924fc9e6e02afae384891d9ad08fda347920cae7,md/1452.md,10884,2721
1453,https://www.mql5.com/en/articles/1453,Forex Trading ABC,,2007-07-11T13:41Z,Examples,MetaTrader 4,[],,,ok,,46a32302279838af4b7e216dd4113db79e145f8f943dd4a80710d465d75f4c9d,md/1453.md,18903,4725
1454,https://www.mql5.com/en/articles/1454,Using Skype to Send Messages from an Expert Advisor,,2007-09-27T08:58Z,Examples,MetaTrader 4,[],,,ok,,955e43ffef1b70d1c346c941cfe38652bc6f42b8876509666a03aba6003df2ce,md/1454.md,28515,7128
1455,https://www.mql5.com/en/articles/1455,Principles of Time Transformation in Intraday Trading,,2007-08-21T14:31Z,Trading,MetaTrader 4,[],,,ok,,5a39a30849ebbfada3fa427e0f03200035dc7a5b540b2b546e21e51df9199f91,md/1455.md,23496,5874
1456,https://www.mql5.com/en/articles/1456,Transferring an Indicator Code into an Expert Advisor Code. Indicator Structure,,2007-09-25T07:40Z,Examples,MetaTrader 4,[],,,ok,,1fb8484fe633edd83f1dc39468d9cd60b0cac073c5e9823e6158c2d6e97a1e57,md/1456.md,39037,9759
1457,https://www.mql5.com/en/articles/1457,Transferring an Indicator Code into an Expert Advisor Code. General Structural Schemes of an Expert Advisor and Indicator Functions,,2007-09-25T13:57Z,Examples,MetaTrader 4,[],,,ok,,5e4c0c8ab1236e7510d68e202511429300ee6d15d6d97b02ce2ca10f829a8418,md/1457.md,35503,8875
1458,https://www.mql5.com/en/articles/1458,Terminal Service Client. How to Make Pocket PC a Big Brother's Friend,,2007-10-17T11:19Z,Trading,MetaTrader 4,[],,,ok,,9b93b4212e9afa9e533ccc9e05362a2ed903dc9f88a378a61ae9f10682388552,md/1458.md,9630,2407
1460,https://www.mql5.com/en/articles/1460,An Expert Advisor Made to Order. Manual for a Trader,,2008-02-15T08:48Z,Examples,MetaTrader 4,[],,,ok,,abd929432d3b876bb9a93b39a164cbe5a62fdf58beb7bc2cb962986ffde6f988,md/1460.md,22395,5598
1461,https://www.mql5.com/en/articles/1461,Simultaneous Displaying of the Signals of Several Indicators from the Four Timeframes,Pavel Chigirev,2007-05-04T11:10Z,Examples,MetaTrader 4,[],,,ok,,2e24d4271e32fd7e076f40de5527062416201e1294e94aebbce73aa73de63806,md/1461.md,20790,5197
1462,https://www.mql5.com/en/articles/1462,How to Develop a Reliable and Safe Trade Robot in MQL 4,,2007-06-05T10:06Z,Trading systems,MetaTrader 4,[],,,ok,,e3a3ea4031e6c4313e1d8bd071de0d776b00f8b7d3b1e1ef42f3073141f163de,md/1462.md,34650,8662
1463,https://www.mql5.com/en/articles/1463,Transferring an Indicator Code into an Expert Advisor Code. Conclusion,,2007-10-01T13:27Z,Examples,MetaTrader 4,[],,,ok,,6bd76d2f33cd4b1672340b8199b23968800e3343086dd2267b294c4828447299,md/1463.md,54443,13610
1464,https://www.mql5.com/en/articles/1464,Theoretical Basis of Building Cluster Indicators for FOREX,,2007-07-13T14:04Z,Examples,MetaTrader 4,[],,,ok,,5bf651e01bdaec7bb863efcfa52dfad2e2fd7d98557e4ddba0b922b4bc6ded19,md/1464.md,21985,5496
1465,https://www.mql5.com/en/articles/1465,Trading Strategy Based on Pivot Points Analysis,,2007-10-11T10:10Z,Trading,MetaTrader 4,[],,,ok,,c0e048526b9897d00f929f7a0c9cead38f825a8c221c762f9c5bb30992cd57f7,md/1465.md,14675,3668
1466,https://www.mql5.com/en/articles/1466,Pivot Points Helping to Define Market Trends,,2007-04-19T12:25Z,Examples,MetaTrader 4,[],,,ok,,3756d5c291df50cfbff2b8847b4ac6c8f81bca6faa30a3761af199b9d1f81524,md/1466.md,16099,4024
1467,https://www.mql5.com/en/articles/1467,Automated Optimization of a Trading Robot in Real Trading,Igor Malcev,2007-10-04T12:06Z,Tester,MetaTrader 4,[],,,ok,,bb725947b42a152262ed4dbdcde20703c04020196fc108142e02a432d7ccab94,md/1467.md,39662,9915
1468,https://www.mql5.com/en/articles/1468,ZUP - Universal ZigZag with Pesavento Patterns. Part 1,,2007-07-09T11:37Z,Examples,MetaTrader 4,[],ZUP - Universal ZigZag with Pesavento Patterns.,1,ok,,999097c013254624931cf47d1bf7fb95878f97c1c93ab32e77abdf1d20be4a71,md/1468.md,44320,11080
1469,https://www.mql5.com/en/articles/1469,"Indicator Alternative Ichimoku – Setup, Examples of Usage",Victor Lukashuck,2007-09-19T09:26Z,Examples,MetaTrader 4,[],,,ok,,83eb5e565fb7f7994e1aadc74e78a89208d3483bce4b789644ba798baa25ef4f,md/1469.md,16661,4165
1470,https://www.mql5.com/en/articles/1470,ZUP - Universal ZigZag with Pesavento Patterns. Part 2,,2007-08-02T12:44Z,Examples,MetaTrader 4,[],ZUP - Universal ZigZag with Pesavento Patterns.,2,ok,,7c311c55796d16230f352bbd5a49671974797644fadfae7fdc6e1dd8779fb652,md/1470.md,49222,12305
1471,https://www.mql5.com/en/articles/1471,Poll: Traders’ Estimate of the Mobile Terminal,,2007-03-28T14:16Z,Trading,MetaTrader 4,[],,,ok,,6dbeb7ae3f259291c0747be1f3f05012bcdc7933130b8cb1c56f661c76067ad4,md/1471.md,9228,2307
1472,https://www.mql5.com/en/articles/1472,Practical Application of Cluster Indicators in FOREX,,2007-09-03T15:30Z,Examples,MetaTrader 4,[],,,ok,,716ef62c992c83c12deb1dbc52a4b0229ae4bcd49bb7a5ae342dfa8ece7b51cd,md/1472.md,24467,6116
1473,https://www.mql5.com/en/articles/1473,How to Make the Detection and Recovery of Errors in an Expert Advisor Code Easier,,2007-09-14T09:50Z,Trading systems,MetaTrader 4,[],,,ok,,0d392f5c7d5c805b1b0c495426be4dcfc6ed87f7447691fc28a950afe1cc9847,md/1473.md,19992,4998
1474,https://www.mql5.com/en/articles/1474,Strings: Table of ASCII Symbols and Its Use,,2007-07-27T13:04Z,Examples,MetaTrader 4,[],,,ok,,a2eb17af2854c28ad6aba721b994dcd734d55ed18659a0e022d0e180266dc9f2,md/1474.md,25315,6328
1475,https://www.mql5.com/en/articles/1475,MQL4 Language for Newbies. Introduction,,2007-06-21T15:14Z,Examples,MetaTrader 4,[],,,ok,,3297bc1bd9e6bdae70cd90117e53cf44b31ff4f8b5adcdc577afba6760445b0e,md/1475.md,32064,8016
1476,https://www.mql5.com/en/articles/1476,Automated Choice of Brokerage Company for an Efficient Operation of Expert Advisors,,2007-10-10T16:23Z,Trading,MetaTrader 4,[],,,ok,,8009b724c8f71b6ba2860fd82975c454e38617ca9c477a93393f5452ed188cc1,md/1476.md,31233,7808
1477,https://www.mql5.com/en/articles/1477,Can the Forex Market Be Forecasted? How to Create One's Own Trading Strategy?,DAO,2007-10-01T16:21Z,Examples,MetaTrader 4,[],,,ok,,107cf65e7fb2238c584631d8652eae3e9ea6d30e228020686a6ccb8d1fb9db2a,md/1477.md,25269,6317
1478,https://www.mql5.com/en/articles/1478,Practical Use of the Virtual Private Server (VPS) for Autotrading,Mykola Revych,2007-08-06T09:33Z,Examples,MetaTrader 4,[],,,ok,,7d8dab8eb5d9f276fc47d6a0f0a7b16c344be5204e89b5b006a9370d54a69c8a,md/1478.md,12774,3193
1479,https://www.mql5.com/en/articles/1479,The Basic of Coding A Hedge Expert Advisor,,2007-07-09T12:27Z,Examples,MetaTrader 4,[],,,ok,,cc0d4e024ac27cd1a09dadd615fb85fc394499a8a02627840fd658ef8e6a9e6a,md/1479.md,50327,12581
1480,https://www.mql5.com/en/articles/1480,Sending Trade Signal Via RSS Feed,,2007-07-10T08:39Z,Examples,MetaTrader 4,[],,,ok,,cb040165ed8b40624e7b70d156358af74c903cc8aa8d4952fa8f4a74ed5e5718,md/1480.md,12328,3082
1481,https://www.mql5.com/en/articles/1481,What is Martingale and Is It Reasonable to Use It?,,2007-08-15T11:11Z,Trading,MetaTrader 4,[],,,ok,,7f9e1a52bea39f634485c16ffc15b18836a5231ffa6151c759dd16c219ae039e,md/1481.md,10953,2738
1482,https://www.mql5.com/en/articles/1482,Price Forecasting Using Neural Networks,,2007-08-03T14:15Z,Trading,MetaTrader 4,[],,,ok,,4cc2790b1682ea591160cc62e01a07f2a461393ff3b5d7b31cd3a4126c9876c7,md/1482.md,21392,5348
1483,https://www.mql5.com/en/articles/1483,MQL4 Language for Newbies. Difficult Questions in Simple Phrases.,,2007-07-04T09:49Z,Examples,MetaTrader 4,[],,,ok,,5831e5b478e9fb9ea8002d36f55341121af32464abbe6a36b7c81bd4b119eec4,md/1483.md,35320,8830
1485,https://www.mql5.com/en/articles/1485,Non-standard Automated Trading,Leonid Borsky,2007-07-24T13:57Z,Trading systems,MetaTrader 4,[],,,ok,,bc3b3b83d4c79319ee5a65d1991666ab972f7ac39c21b7b85c8fb50f990bf228,md/1485.md,23756,5939
1486,https://www.mql5.com/en/articles/1486,What the Numbers in the Expert Testing Report Mean,,2006-05-05T10:01Z,Tester,MetaTrader 4,[],,,ok,,b464ab4d9560171f34ad9e5995d68fe6905c9d57a3f66ebfd0c885f4ba18d92c,md/1486.md,10193,2548
1487,https://www.mql5.com/en/articles/1487,Testing Visualization: Account State Charts,,2007-07-27T12:22Z,Tester,MetaTrader 4,[],,,ok,,1e24ad14dac354230dfbc08f7fbb0be2f9e2e430ee2553469ab8bd0ee6cef44a,md/1487.md,9087,2271
1488,https://www.mql5.com/en/articles/1488,MT4TerminalSync - System for the Synchronization of MetaTrader 4 Terminals,Valery V. Chesnokov,2007-10-08T09:02Z,Examples,MetaTrader 4,[],,,ok,,e1678f75c262cd99c0df174778093fec177806fcda75da1155d85a89c5e42ab5,md/1488.md,29082,7270
1489,https://www.mql5.com/en/articles/1489,Interaction between MetaTrader 4 and Matlab via CSV Files,,2007-07-17T14:45Z,Examples,MetaTrader 4,[],,,ok,,8a391008356f9d27c681ecfdd1e498ac6c9ddc030cf2fcaeed98a5c9b85357c1,md/1489.md,30210,7552
1490,https://www.mql5.com/en/articles/1490,Tester in the Terminal MetaTrader 4: It Should Be Known,,2007-07-23T12:32Z,Tester,MetaTrader 4,[],,,ok,,332de59b3678a8557702710ee77b55277ef644c3e63213f17f84cfa25e3fe197,md/1490.md,23605,5901
1491,https://www.mql5.com/en/articles/1491,How to Cut an EA Code for an Easier Life and Fewer Errors,,2007-08-09T06:05Z,Trading systems,MetaTrader 4,[],,,ok,,162c5f334f8d293718ab0b3d6b60a26433a3c5ca98dcbc8a99e1b9049a7f017f,md/1491.md,25868,6467
1492,https://www.mql5.com/en/articles/1492,Mathematics in Trading: How to Estimate Trade Results,,2007-08-15T15:52Z,Trading,MetaTrader 4,[],,,ok,,f3b8aec7441974b0d60c57d82f66e4d2ba3801922670d0a157ae14ddaf087d6f,md/1492.md,54425,13606
1493,https://www.mql5.com/en/articles/1493,Break Through The Strategy Tester Limit On Testing Hedge EA,,2007-08-30T11:07Z,Tester,MetaTrader 4,[],,,ok,,97b84408bd80c48fa59d1256e7c2f188c3935eccdc01d42efcfebc7b8e60916d,md/1493.md,68350,17087
1494,https://www.mql5.com/en/articles/1494,Features of Experts Advisors,,2005-08-18T16:57Z,Examples,MetaTrader 4,[],,,ok,,194b1fd7b883ebb75c7dcadf2a989d8812d49f05c9e510b21c050c7baa08e0f2,md/1494.md,10191,2547
1495,https://www.mql5.com/en/articles/1495,Universal Expert Advisor Template,,2007-08-22T11:34Z,Trading systems,MetaTrader 4,[],,,ok,,99efff9c8c5c70801fbe4ebc9f9591a7c630fff8e3d133b346633aa680585e07,md/1495.md,19125,4781
1496,https://www.mql5.com/en/articles/1496,MQL4 Language for Newbies. Technical Indicators and Built-In Functions,,2007-08-13T14:47Z,Examples,MetaTrader 4,[],,,ok,,eb2ec34f32469b1538550320088d69a559aa15db4b67133f562bd3c857eb2a44,md/1496.md,101078,25269
1497,https://www.mql5.com/en/articles/1497,Features of Custom Indicators Creation,,2005-08-18T17:27Z,Examples,MetaTrader 4,[],,,ok,,8b6131654a58009f53adee50ec616ac930cb75344f4325f30ce44b6221c90b67,md/1497.md,21599,5399
1498,https://www.mql5.com/en/articles/1498,How To Implement Your Own Optimization Criteria,Nikolai Shevchuk,2007-08-17T10:02Z,Tester,MetaTrader 4,[],,,ok,,158f7cb28586d9325151b0fee7d20f4a8c8f43df99369b0de4e218401bd9d493,md/1498.md,14327,3581
1499,https://www.mql5.com/en/articles/1499,Object Approach in MQL,,2007-10-15T10:21Z,Trading systems,MetaTrader 4,[],,,ok,,209767653b7a32e8ad2d2c9837bc0ecf7b293405e0601ac0fec5b97760ea2bfc,md/1499.md,21716,5429
1500,https://www.mql5.com/en/articles/1500,MQL4 Language for Newbies. Custom Indicators (Part 1),,2007-10-30T09:50Z,Examples,MetaTrader 4,[],MQL4 Language for Newbies. Custom Indicators (),1,ok,,7d0310a23ae9bf18dbbeee49c18ede261e0b7a0e46c9a32799579641d6c04c08,md/1500.md,43909,10977
1501,https://www.mql5.com/en/articles/1501,Indicator Taichi - a Simple Idea of Formalizing the Values of Ichimoku Kinko Hyo,Sergei Kazachenko,2007-10-30T11:14Z,Trading systems,MetaTrader 4,[],,,ok,,a3de283a948f0fd4291cb0d4b40204008d4eb6012e087c417ce66ba0d970364a,md/1501.md,17384,4346
1502,https://www.mql5.com/en/articles/1502,Displaying a News Calendar,,2007-11-23T16:08Z,Examples,MetaTrader 4,[],,,ok,,172f7275a202adedc87fa9de8eb0d00e1b48cb6b54bd14d11a0c2efc7486c077,md/1502.md,13674,3418
1503,https://www.mql5.com/en/articles/1503,MQL4 Language for Newbies. Custom Indicators (Part 2),,2008-01-17T18:53Z,Examples,MetaTrader 4,[],MQL4 Language for Newbies. Custom Indicators (),2,ok,,c1fb26a4d3ae0db6ef5c0150a9a08d1779f16a3fd8c861f245482d42840483e2,md/1503.md,48174,12043
1504,https://www.mql5.com/en/articles/1504,Equivolume Charting Revisited,,2008-01-28T21:52Z,Examples,MetaTrader 4,[],,,ok,,81335597f583c68c66603b6374e23b06d2ca510f9a60dd8bd7127c04ec11baf4,md/1504.md,15380,3845
1505,https://www.mql5.com/en/articles/1505,"Betting Modeling as Means of Developing ""Market Intuition""",,2008-01-21T11:29Z,Trading,MetaTrader 4,[],,,ok,,dc3dd2707249661d5f31fecc936ed7fbfc6bf5484f8446f582a97d3d41e425d8,md/1505.md,28207,7051
1506,https://www.mql5.com/en/articles/1506,Forecasting Financial Time-Series,,2008-08-12T07:33Z,Trading,MetaTrader 4,[],,,ok,,70314c4ca713061cd4a65435cd24d0ca4a04326f8e5adc05bca19018ebc75803,md/1506.md,50686,12671
1507,https://www.mql5.com/en/articles/1507,Trend Lines Indicator Considering T. Demark's Approach,,2008-08-07T08:34Z,Examples,MetaTrader 4,[],,,ok,,7e751516ec210dff238a2ed4c25de9ade38119cea1459e3d18a2188796aefdf5,md/1507.md,24500,6125
1508,https://www.mql5.com/en/articles/1508,Using MetaTrader 4 for a Time Based Pattern Analysis,Giampiero Raschetti,2008-02-05T12:27Z,Trading systems,MetaTrader 4,[],,,ok,,64c2540a740e22f1f0481ed0020d06bc0d66a450addb98f6f86f104cf1ba2742,md/1508.md,14039,3509
1509,https://www.mql5.com/en/articles/1509,Comfortable Scalping,,2008-06-13T07:02Z,Trading,MetaTrader 4,[],,,ok,,26c67f745b4b6c86f820c2e1e2ded4576e2f2a3c0ba4446bfdd6b3ad4503d02d,md/1509.md,24235,6058
1510,https://www.mql5.com/en/articles/1510,Expert Advisor Sample,,2006-05-05T10:16Z,Examples,MetaTrader 4,[],,,ok,,f29e2574a80ba0a455288de0e7a1b3243f8b4cad56529711ab9f71e98d9b5ed1,md/1510.md,24785,6196
1511,https://www.mql5.com/en/articles/1511,Strategy Tester: Modes of Modeling during Testing,,2005-09-13T13:10Z,Tester,MetaTrader 4,[],,,ok,,b3433290ecc720985ae0361df346d52094a695ec126b818d5010a8ce187bc069,md/1511.md,10390,2597
1512,https://www.mql5.com/en/articles/1512,Testing Features and Limits in MetaTrader 4,,2005-09-13T13:37Z,Examples,MetaTrader 4,[],,,ok,,3339987b58fe0bc408aec89a7b26688e2533928c72ab2221844de5908be7ce83,md/1512.md,6261,1565
1513,https://www.mql5.com/en/articles/1513,One-Minute Data Modelling Quality Rating,,2006-06-16T11:19Z,Tester,MetaTrader 4,[],,,ok,,4705158c0da5d9e1311695a6ca316ebb24bce6e057d85a54c2644f76f25689f1,md/1513.md,6258,1564
1514,https://www.mql5.com/en/articles/1514,MetaEditor:Templates as a Spot to Stand On,,2008-05-29T07:45Z,Examples,MetaTrader 4,[],,,ok,,d40e9961b9265ddf99151af30ec403dea18099468109cedc52cdf9757e7b7535,md/1514.md,108593,27148
1515,https://www.mql5.com/en/articles/1515,Trend-Hunting,,2008-08-01T07:46Z,Trading,MetaTrader 4,[],,,ok,,320387e54b2bed6b60fd87c49af98682c20565688b540219389dcfc282e31b57,md/1515.md,21359,5339
1516,https://www.mql5.com/en/articles/1516,Expert Advisors Based on Popular Trading Systems and Alchemy of Trading Robot Optimization,,2008-05-15T12:18Z,Trading systems,MetaTrader 4,[],,,ok,,160505948389ab05d57d468e953c307251c1be5a978a30f8418e1e8edcfa4930,md/1516.md,46644,11661
1517,https://www.mql5.com/en/articles/1517,Expert Advisors Based on Popular Trading Systems and Alchemy of Trading Robot Optimization (Part II),,2008-05-26T10:13Z,Trading systems,MetaTrader 4,[],,,ok,,77a405d963e3f0deffdebf968ee2bbc2f9cf5e6de0cdac15d210b1795b7c41b8,md/1517.md,49141,12285
1518,https://www.mql5.com/en/articles/1518,Comparative Analysis of 30 Indicators and Oscillators,Александр,2008-05-20T11:32Z,Trading,MetaTrader 4,[],,,ok,,4db664f294ff0d42be7204da595a205aebc8320a1511fe153786f6bc180db65c,md/1518.md,12718,3179
1519,https://www.mql5.com/en/articles/1519,A Trader's Assistant Based on Extended MACD Analysis,,2008-08-29T09:16Z,Examples,MetaTrader 4,[],,,ok,,35975da4dd8e6e7f788d0c1edacdd7e84776d5ad2da6b5c1937033596e65e75e,md/1519.md,16141,4035
1520,https://www.mql5.com/en/articles/1520,Easy Way to Publish a Video at MQL4.Community,,2008-04-03T13:06Z,Examples,MetaTrader 4,[],,,ok,,8c496c593cf82681dfcb9127b0e245d0d1f3c0bdd93a10f7e065a0b5ba41a836,md/1520.md,16021,4005
1521,https://www.mql5.com/en/articles/1521,Expert Advisors Based on Popular Trading Systems and Alchemy of Trading Robot Optimization (Part III),,2008-06-02T07:16Z,Trading systems,MetaTrader 4,[],,,ok,,1b1b093a856aeb9686a2af734ff9d1b6b27b4b680c1970a77738b30b6eba6972,md/1521.md,37144,9286
1522,https://www.mql5.com/en/articles/1522,Market Diagnostics by Pulse,,2008-07-04T08:33Z,Trading,MetaTrader 4,[],,,ok,,1db358dc661a72357626f669a82a5290cbb472722bb4200905d8b432c9ce583b,md/1522.md,16908,4227
1523,https://www.mql5.com/en/articles/1523,Expert Advisors Based on Popular Trading Systems and Alchemy of Trading Robot Optimization (Part IV),,2008-06-10T10:23Z,Trading systems,MetaTrader 4,[],,,ok,,d49c2e648d3e9cd6367c95276c58f9b718d1e381c2036a7968c0d7d92655a214,md/1523.md,46264,11566
1524,https://www.mql5.com/en/articles/1524,Metalanguage of Graphical Lines-Requests. Trading and Qualified Trading Learning,Aleksandr Pak,2008-05-14T07:14Z,Trading,MetaTrader 4,[],,,ok,,0204a3abca8b8b426d1398b3d7ef543eda4b6f7657580cb9cd0888aa2b8cdea4,md/1524.md,19699,4924
1525,https://www.mql5.com/en/articles/1525,Expert Advisors Based on Popular Trading Systems and Alchemy of Trading Robot Optimization (Part  V),,2008-06-17T06:15Z,Trading systems,MetaTrader 4,[],,,ok,,90047884c54013b1b4d6862d93b1ba5ee1e9a82576f0346eaad597f2c5a39cd7,md/1525.md,52482,13120
1526,https://www.mql5.com/en/articles/1526,"Fallacies, Part 1: Money Management is Secondary and Not Very Important",,2008-05-23T10:11Z,Examples,MetaTrader 4,[],"Fallacies, : Money Management is Secondary and Not Very Important",1,ok,,5e260c2a2ddfdb249a763cf5e7c2c5458d1843f2570e50b8902b05b03305c4f0,md/1526.md,32013,8003
1527,https://www.mql5.com/en/articles/1527,A Pattern Trailing Stop and Exit the Market,,2008-06-27T08:29Z,Tester,MetaTrader 4,[],,,ok,,bfcb6cb10bb4dc517fe9cd317235b50b2947778c30e6060767e4b687a1e22cec,md/1527.md,30378,7594
1528,https://www.mql5.com/en/articles/1528,Interaction between MetaTrader 4 and Matlab via DDE,,2008-08-05T08:16Z,Examples,MetaTrader 4,[],,,ok,,70101c3f68f6c4e1710652fcd36e3c343d9ec1b94a73f47f9906ed05dea2a304,md/1528.md,24599,6149
1529,https://www.mql5.com/en/articles/1529,Two-Stage Modification of Opened Positions,,2008-07-01T11:06Z,Examples,MetaTrader 4,[],,,ok,,b2b8ac4b20247d442b837838210b0e388e8167a7f3d6e00cac357f7d80edbddd,md/1529.md,21550,5387
1530,https://www.mql5.com/en/articles/1530,"Fallacies, Part 2. Statistics Is a Pseudo-Science, or a Chronicle of Nosediving Bread And Butter",,2009-03-13T07:20Z,Examples,MetaTrader 4,[],"Fallacies, . Statistics Is a Pseudo-Science, or a Chronicle of Nosediving Bread And Butter",2,ok,,2102aa04f9a901a8a731d7a807dc8e94a4eca87582e9f20070a1845d42375d70,md/1530.md,61769,15442
1531,https://www.mql5.com/en/articles/1531,"Show Must Go On, or Once Again about ZigZag",,2008-06-20T06:53Z,Trading systems,MetaTrader 4,[],,,ok,,1fe7e0f743fb50e2cf55e95bd2f7423604cc064036a617ff95592a45336f78db,md/1531.md,29885,7471
1532,https://www.mql5.com/en/articles/1532,What about Hedging Daily?,,2008-08-19T09:50Z,Trading systems,MetaTrader 4,[],,,ok,,5db6d13c04e8f441e6932bdd0d65ff045b30d67797a2daefdaf868cbeb16ae6b,md/1532.md,46458,11614
1533,https://www.mql5.com/en/articles/1533,Integrating MetaTrader 4  Client Terminal with MS SQL Server,,2008-06-24T07:17Z,Examples,MetaTrader 4,[],,,ok,,84ca5994563b0173efd8bd9e155caad3ada2236625582d2a916729ba3a53ffdb,md/1533.md,33591,8397
1534,https://www.mql5.com/en/articles/1534,A Non-Trading EA Testing Indicators,,2008-06-05T06:55Z,Examples,MetaTrader 4,[],,,ok,,ac182caadee048df25c5db5070c4ffeda05880163e4e56052a7322ca7eaa1387,md/1534.md,20045,5011
1535,https://www.mql5.com/en/articles/1535,Expert Advisors Based on Popular Trading Strategies and Alchemy of Trading Robot Optimization (Part VI),,2008-09-15T08:29Z,Trading systems,MetaTrader 4,[],,,ok,,2e73fd89b82602ef5ee68fca8fa7455b9d02b02796a065b503aa82652dbbfe20,md/1535.md,51549,12887
1536,https://www.mql5.com/en/articles/1536,The Statistic Analysis of Market Movements and Their Prognoses,,2008-07-18T12:09Z,Examples,MetaTrader 4,[],,,ok,,0c0626fd0c8b2fa8637d50accf32c19006befd72b8ef9455db6d52f80228aeb0,md/1536.md,26853,6713
1537,https://www.mql5.com/en/articles/1537,Layman's Notes: ZigZag…,Alexei Kharchenko,2008-07-29T08:32Z,Trading systems,MetaTrader 4,[],,,ok,,45c616e7382464e9daf3e86767d8038b4924f4414f93980ccbde00057a4ffc5a,md/1537.md,13831,3457
1538,https://www.mql5.com/en/articles/1538,Changing the External Parameters of MQL4 Programs without Restarting,,2008-09-08T07:33Z,Examples,MetaTrader 4,[],,,ok,,43ec587e302306a5208571ae9c1891b85badc7449c09dfa1c74ac8bcb937a4e5,md/1538.md,31983,7995
1539,https://www.mql5.com/en/articles/1539,How to Become a Participant of Automated Trading Championship 2008?,,2008-06-25T11:47Z,Trading systems,MetaTrader 4,[],,,ok,,f59310963ceff864782fae9400abe2dba9e777473da281ecdc291f8a6e274f9e,md/1539.md,10538,2634
1540,https://www.mql5.com/en/articles/1540,File Operations via WinAPI,,2008-08-15T09:10Z,Examples,MetaTrader 4,[],,,ok,,6a9be84b34511c8e3b3ef0d8218b70ac81bdd1c10daaadd3c75ab0e2a5e8a883,md/1540.md,30749,7687
1541,https://www.mql5.com/en/articles/1541,Automated Trading Championship: The Reverse of the Medal,,2008-07-02T15:25Z,Trading systems,MetaTrader 4,[],,,ok,,1f8047405a4c2a1f1667de11d0a31164fe4c9ef7aa5a7dd0f0a82bfaedf4856c,md/1541.md,10954,2738
1542,https://www.mql5.com/en/articles/1542,Expert Advisors Based on Popular Trading Systems and Alchemy of Trading Robot Optimization (Part VII),,2008-09-01T08:08Z,Trading systems,MetaTrader 4,[],,,ok,,a208e54ab37c2571b692ed3b090804942e48b18c630215313cadfc8945963060,md/1542.md,37549,9387
1543,https://www.mql5.com/en/articles/1543,Grouped File Operations,,2008-08-26T09:30Z,Examples,MetaTrader 4,[],,,ok,,ba9c6ec251ca8112f4cabdd14942185483d5c298e053f402d1ed5029fdda1d83,md/1543.md,20064,5016
1544,https://www.mql5.com/en/articles/1544,HTML Walkthrough Using MQL4,,2008-09-22T08:10Z,Examples,MetaTrader 4,[],,,ok,,a86c68e58a060078e5fcd0bbb40dee1e28d43eb3569048d600e391103d9b3a9c,md/1544.md,38071,9517
1545,https://www.mql5.com/en/articles/1545,How to Write Fast Non-Redrawing ZigZags,Candid,2008-09-12T10:51Z,Examples,MetaTrader 4,[],,,ok,,1f6f12f9adbcca04da21773a31843d2265326d011ac1f190b3198c548e7c805c,md/1545.md,19096,4774
1546,https://www.mql5.com/en/articles/1546,"Idleness is the Stimulus to Progress, or How to Work with Graphics Interacively",,2008-09-10T06:48Z,Examples,MetaTrader 4,[],,,ok,,34ca19dacb392c42dfe9d22138936db15c0fe992b53557a373839ec69c4d0b35,md/1546.md,20369,5092
1547,https://www.mql5.com/en/articles/1547,Method of Determining Errors in Code by Commenting,,2008-08-22T08:40Z,Examples,MetaTrader 4,[],,,ok,,c6da0b2b7bda799f91b6fba98cadfad4089da65d1f7abbc1b70f91f4b33640c1,md/1547.md,22396,5599
1548,https://www.mql5.com/en/articles/1548,All about Automated Trading Championship: Registration,,2008-08-01T13:57Z,Examples,MetaTrader 4,[],,,ok,,8c7547018ec95ef81cd8b4adadbc3f26ed225166a02df185be869fbc612cfd79,md/1548.md,5973,1493
1549,https://www.mql5.com/en/articles/1549,All about Automated Trading Championship: Statistical Reports,,2008-08-04T10:09Z,Examples,MetaTrader 4,[],,,ok,,282a26e6751102a2c404ac4d9cb4101a0c44c1faef2d26d4f9f0dd16360ada31,md/1549.md,7605,1901
1550,https://www.mql5.com/en/articles/1550,All about Automated Trading Championship: Interviews with the Participants'06,,2008-08-06T08:41Z,Examples,MetaTrader 4,[],,,ok,,f1c3c18bffe17c281a631bce7e0e3f39c2c4faaedcec4f2602e0724328d97699,md/1550.md,12783,3195
1551,https://www.mql5.com/en/articles/1551,All about Automated Trading Championship: Reporting the Championship 2006,,2008-08-09T07:46Z,Examples,MetaTrader 4,[],,,ok,,c4885fa0f791acf663168b1d282961d6207703d19dc159801c4d21410b3cb6d0,md/1551.md,8137,2034
1552,https://www.mql5.com/en/articles/1552,All about Automated Trading Championship: Interviews with the Participants'07,,2008-08-11T09:44Z,Examples,MetaTrader 4,[],,,ok,,a1a09a8fdd4bd058178162f23aa9a42c708439fc8686afcee77a1cbcba144605,md/1552.md,11763,2940
1553,https://www.mql5.com/en/articles/1553,All about Automated Trading Championship: Reporting the Championship 2007,,2008-08-13T08:19Z,Examples,MetaTrader 4,[],,,ok,,c0582d38415e188fc5b8079d9dadf9e729006230af8e3b78d4a26ed0d0bce089,md/1553.md,7826,1956
1554,https://www.mql5.com/en/articles/1554,All about Automated Trading Championship: Additional Materials of Championships 2006-2007,,2008-08-18T08:23Z,Examples,MetaTrader 4,[],,,ok,,6404816c6ece3af5a617bc3196372c9cb552b8a1b3c76dde1d55057c29e57b71,md/1554.md,7497,1874
1555,https://www.mql5.com/en/articles/1555,"View of Technical Analysis in the Context of Automatic Control Systems (ACS), or ""Reverse View""",Sergei Ivanov,2008-10-08T06:43Z,Trading,MetaTrader 4,[],,,ok,,df123d52baa6d0620f6714b4619e151d35c42acf1973cb7de132ec6032604530,md/1555.md,31993,7998
1556,https://www.mql5.com/en/articles/1556,Idleness is the Stimulus to Progress. Semiautomatic Marking a Template,,2008-09-30T07:11Z,Examples,MetaTrader 4,[],,,ok,,5636ba134b07e9488062d771ec9e52256501037e6242eb8080359337ac62cb62,md/1556.md,22759,5689
1557,https://www.mql5.com/en/articles/1557,Visual Testing of the Profitability of Indicators and Alerts,,2009-02-16T10:11Z,Examples,MetaTrader 4,[],,,ok,,df688037ce1369b7139294dad793bcb9ce4b89107a5c2d264a9d26a1b9e963d7,md/1557.md,39560,9890
1558,https://www.mql5.com/en/articles/1558,"To Sleep, or Not to Sleep?",Sergey Gridnev,2008-12-10T14:58Z,Examples,MetaTrader 4,[],,,ok,,3132009c0704fe810d23b0c8a6f33bc98532c2b5602416c2f5192109325eb2e6,md/1558.md,18796,4699
1560,https://www.mql5.com/en/articles/1560,Program Folder of MetaTrader 4 Client Terminal,,2009-02-25T10:54Z,Examples,MetaTrader 4,[],,,ok,,fdd391098df7f3ec7c04912dbd8039d8d9a4e0ee2799366c551799b2d8b093a1,md/1560.md,16390,4097
1561,https://www.mql5.com/en/articles/1561,Working with Doubles in MQL4,,2009-11-04T16:06Z,Examples,MetaTrader 4,[],,,ok,,59d95b7a7438708532384b6b602fc45e6d07a4ffd1f09a9128adb3e370e6f601,md/1561.md,14513,3628
1562,https://www.mql5.com/en/articles/1562,Recipes for Neuronets,,2009-03-30T06:55Z,Examples,MetaTrader 4,[],,,ok,,b730fec13819cb6915ffbcb86f4b66d4adfe3b42038fdab96fa0ff867c45d398,md/1562.md,41175,10293
1563,https://www.mql5.com/en/articles/1563,Effective Averaging Algorithms with Minimal Lag: Use in Indicators and Expert Advisors,,2009-04-22T01:46Z,Examples,MetaTrader 4,[],,,ok,,d2769b39ecfe62bede1d1d94bb10502a9bc1e0c85dfb75b5de10419a2707a7ab,md/1563.md,37801,9450
1564,https://www.mql5.com/en/articles/1564,Channels. Advanced Models. Wolfe Waves,,2009-05-05T06:55Z,Trading,MetaTrader 4,[],,,ok,,040d10f46dbfc7219ff78e4c9b13e6b9203cd2edfa7490bbcd36a379b22e8b32,md/1564.md,9004,2251
1565,https://www.mql5.com/en/articles/1565,Using Neural Networks In MetaTrader,Mariusz Woloszyn,2009-05-18T08:19Z,Examples,MetaTrader 4,[],,,ok,,fcea5d4f197e13cdd9d4bbd75406273958f84c4a32de2ca715b40721793a96bb,md/1565.md,42452,10613
1566,https://www.mql5.com/en/articles/1566,Easy Stock Market Trading with MetaTrader,,2010-02-18T13:22Z,Examples,MetaTrader 4,[],,,ok,,ed12f0504f9f63eb4bc1f1098057b3afc977dd1435754d046ec2043425c014d6,md/1566.md,25508,6377
1567,https://www.mql5.com/en/articles/1567,Interaction between MеtaTrader 4 and MATLAB Engine (Virtual MATLAB Machine),,2009-07-13T12:00Z,Examples,MetaTrader 4,[],,,ok,,31037da21539ff0a00ab7323bf8ffebdf1319480a49e59ce928d6e434b65be8c,md/1567.md,20320,5080
1568,https://www.mql5.com/en/articles/1568,Alert and Comment for External Indicators,,2009-05-11T13:33Z,Examples,MetaTrader 4,[],,,ok,,6a2d02fe9ea4fb420f430ff274ef52003b07478354cea7d972a93efa05dcac8b,md/1568.md,17576,4394
1569,https://www.mql5.com/en/articles/1569,Trader's Kit: Decorating Indicators,,2009-11-13T10:27Z,Examples,MetaTrader 4,[],,,ok,,fe477e59359b95354465cbf9d8b15aaabd663b55f683ab4ea8cff2ae84a6199e,md/1569.md,45441,11360
1570,https://www.mql5.com/en/articles/1570,Superposition and Interference of Financial Securities,Khristian Piligrim,2009-06-02T09:46Z,Examples,MetaTrader 4,[],,,ok,,0ec56b67d261a51d90ebc2a194947c1e6d2ef56e05090b22cade6b3316b50f37,md/1570.md,36459,9114
1571,https://www.mql5.com/en/articles/1571,On the Long Way to Be a Successful Trader - The Two Very First Steps,Andrea Bronzini,2009-05-26T06:22Z,Trading,MetaTrader 4,[],,,ok,,e82f5dbbe710f4b6bbd59e76ac9bd59f115562438152c6d0c198ba9a6026f5dd,md/1571.md,28423,7105
1572,https://www.mql5.com/en/articles/1572,"Protect Yourselves, Developers!",,2010-09-17T13:17Z,Examples,MetaTrader 4,[],,,ok,,4b313859fd7d116d2fd7efc66971dbaa3bf7ef0c0e06fe2d2defc8bdf87945d8,md/1572.md,35740,8935
1573,https://www.mql5.com/en/articles/1573,Meta COT Project - New Horizons for CFTC Report Analysis in MetaTrader 4,,2009-12-01T14:27Z,Examples,MetaTrader 4,[],,,ok,,6786099ef83f1295708f4f05bb56db867a20de56698101347c89863dc53411fc,md/1573.md,190906,47726
1574,https://www.mql5.com/en/articles/1574,FANN2MQL Neural Network Tutorial,Julien,2009-11-26T08:54Z,Examples,MetaTrader 4,[],,,ok,,9f6c2a94ef41eb604869edf6e4722ef1fb9050bcf1b7f1e7ff77d90afacb08c8,md/1574.md,21115,5278
1575,https://www.mql5.com/en/articles/1575,Checking the Myth: The Whole Day Trading Depends on How the Asian Session Is Traded,,2010-02-11T09:38Z,Trading,MetaTrader 4,[],,,ok,,572be35cf8458860d5f40765e362a96117a94e502cc4c2d39cb612c32b187369,md/1575.md,26937,6734
1576,https://www.mql5.com/en/articles/1576,Research of Statistical Recurrences of Candle Directions,,2010-06-14T10:04Z,Examples,MetaTrader 4,[],,,ok,,f020efca9c17be17de0d93fd157909330dc16eac6f1384046b2d3e31958c4ab6,md/1576.md,43495,10873
1577,https://www.mql5.com/en/articles/1577,The Magic of Filtration,,2010-06-03T13:59Z,Trading systems,MetaTrader 4,[],,,ok,,48e57d7193e9892a867218c64c673acd16c303dcf637e1f67f738fc030ef0ae4,md/1577.md,44302,11075
1578,https://www.mql5.com/en/articles/1578,Contest of Expert Advisors inside an Expert Advisor,Evgeniy Trofimov,2010-09-15T09:53Z,Trading systems,MetaTrader 4,[],,,ok,,83a1064fe7bf4476a26f0d2bd5d1a5c49de0e1debd7ad77a5c86304d490e3121,md/1578.md,22851,5712
1579,https://www.mql5.com/en/articles/1579,Enhancing the Quality of the Code with the Help of Unit Test,Андрей,2011-08-02T09:54Z,Examples,MetaTrader 4,[],,,ok,,54ddccb4cef4ae8908ed912022fc5764aad56404076a7ffd47de8d9b6941ef18,md/1579.md,25647,6411
1582,https://www.mql5.com/en/articles/1582,MQL5 Cookbook: ОСО Orders,,2015-02-12T16:21Z,Examples,MetaTrader 5,[],,,ok,,30378ff8575d4d1758f3cba770911c07111f9df2db7159440c9ae8e2a3c99cdc,md/1582.md,33568,8392
1589,https://www.mql5.com/en/articles/1589,Building an Interactive Application to Display RSS Feeds in MetaTrader 5,,2015-02-10T15:01Z,Expert Advisors,MetaTrader 5,[],,,ok,,502df97a3156a6af4516db04a28c74d898588b7363ee7381ac61b54c4a74553d,md/1589.md,104694,26173
1612,https://www.mql5.com/en/articles/1612,Studying the CCanvas Class. Anti-aliasing and Shadows,,2016-02-17T14:17Z,Examples,MetaTrader 5,[],,,ok,,5589dd06a9beddb5186ce45653ec20368a3501d65ecd1e5e7f4e1adf23748ea1,md/1612.md,38836,9709
1628,https://www.mql5.com/en/articles/1628,"Deep neural network with Stacked RBM. Self-training, self-control",,2016-04-26T12:27Z,Trading systems,MetaTrader 4,[],,,ok,,ad3efd7a0b7d83043154e6f55f77b38c36b08be8bc1fbe4ec14144d09f9e4323,md/1628.md,80910,20227
1683,https://www.mql5.com/en/articles/1683,How to Secure Your Expert Advisor While Trading on the Moscow Exchange,,2015-10-09T09:55Z,Examples,MetaTrader 5,[],,,ok,,510b27a523e347eeaef08b200e130471873445d6ed01e70198e55ad1bb46f0f2,md/1683.md,79616,19904
1699,https://www.mql5.com/en/articles/1699,Drawing Dial Gauges Using the CCanvas Class,,2015-07-21T12:34Z,Examples,MetaTrader 5,[],,,ok,,8bcc65777ac39f7c81e3e5c6303f771ec0674931fc6dfc59e3eeca6c52cb1d53,md/1699.md,74658,18664
1734,https://www.mql5.com/en/articles/1734,"Identifying Trade Setups by Support, Resistance and Price Action",MICHAEL JANUS,2015-06-17T12:33Z,Trading,MetaTrader 4,[],,,ok,,145e13f2e93b9035c573188b4ec213e9410ea6d8e7767437df1603d4d9623403,md/1734.md,29109,7277
1742,https://www.mql5.com/en/articles/1742,Drawing Resistance and Support Levels Using MQL5,Aleksandr Teleguz,2015-09-25T15:14Z,Examples,MetaTrader 5,[],,,ok,,444f0f6cbbd0cee3fbc8e729ed47de4e37e82424676a609380ca70db6e9e64a9,md/1742.md,37099,9274
1747,https://www.mql5.com/en/articles/1747,Trading Ideas Based on Prices Direction and Movement Speed,,2015-04-21T10:02Z,Examples,MetaTrader 4,[],,,ok,,020589b132240a610b51946afbb30fd713e6da23f7ff533b76330f5c200c9a62,md/1747.md,23605,5901
1771,https://www.mql5.com/en/articles/1771,Price Action. Automating the Inside Bar Trading Strategy,,2015-08-03T15:32Z,Examples,MetaTrader 4,[],,,ok,,3d096f163d7a18ae6a8ff70f4569e8d02c08505f27eb4b9a375ed06ea8e036cf,md/1771.md,52761,13190
1776,https://www.mql5.com/en/articles/1776,Tips for Purchasing a Product on the Market. Step-By-Step Guide,,2015-05-25T13:26Z,Trading,MetaTrader 5,[],,,ok,,778865b76723ef71ffc33c22d32584376789be8ab6bf8eb22fbe35ae4fad8400,md/1776.md,20978,5244
1793,https://www.mql5.com/en/articles/1793,MQL5 Cookbook: Implementing Your Own Depth of Market,,2015-10-09T10:10Z,Examples,MetaTrader 5,[],,,ok,,6ef84ce81b772f05efc7b699466c09aef206fd37112290e3c1eae5ff8b4c5802,md/1793.md,92704,23176
1800,https://www.mql5.com/en/articles/1800,Statistical Verification of the Labouchere Money Management System,Alexander Dubovik,2015-07-16T11:33Z,Statistics and analysis,MetaTrader 4,[],,,ok,,3341b65823ee980732067fec37f98730d8e7d5781eb781b7d90629faf0d482f8,md/1800.md,47059,11764
1825,https://www.mql5.com/en/articles/1825,Market Theory,,2016-01-06T11:22Z,Trading,MetaTrader 5,[],,,ok,,0f3068abd2477edb1814d0c40f99a606650eb49ff8c015dc1388bb597e97b3af,md/1825.md,28414,7103
1838,https://www.mql5.com/en/articles/1838,Tips for Selecting a Trading Signal to Subscribe. Step-By-Step Guide,,2015-06-08T15:16Z,Trading,MetaTrader 5,[],,,ok,,c1b6e08e08cf201d088fc233b144b63c0d9c8ae914d15719b5488dbd17077c44,md/1838.md,19832,4958
1844,https://www.mql5.com/en/articles/1844,Indicator for Spindles Charting,,2015-10-23T17:29Z,Examples,MetaTrader 5,[],,,ok,,4552270c4e2a59774814ba1c3bfa2a4322bbb2d5201d3a79a3c651d365a6fb32,md/1844.md,77062,19265
1862,https://www.mql5.com/en/articles/1862,MQL5 Cookbook - Programming moving channels,,2016-04-11T17:41Z,Examples,MetaTrader 5,[],,,ok,,aec85c570a15b9d79e8fffc9398d88cb705d11e4b0970e66b2f00452e5940ef3,md/1862.md,43830,10957
1863,https://www.mql5.com/en/articles/1863,MQL5 Cookbook - Trading signals of moving channels,,2016-09-13T14:47Z,Examples,MetaTrader 5,[],,,ok,,f167a3c7a181eec70e554aeb6a2ba8acccb43eb9e309df082c7d237f847b19dc,md/1863.md,63168,15792
1867,https://www.mql5.com/en/articles/1867,Using Layouts and Containers for GUI Controls: The CBox Class,,2015-07-09T13:55Z,Examples,MetaTrader 5,[],,,ok,,e42f92b4766e563c30b5a571ad10a870163400643dc2e1f697dbcecfe0ce0b29,md/1867.md,50315,12578
1903,https://www.mql5.com/en/articles/1903,Managing the MetaTrader Terminal via DLL,Sofiia Butenko,2015-07-30T16:50Z,Examples,MetaTrader 4,[],,,ok,,50f2b30b91a0d6fe1f0f8c81cc4073982fbc2321257c5c451640920e38b0d1fc,md/1903.md,21187,5296
1924,https://www.mql5.com/en/articles/1924,Evaluating the effectiveness of trading systems by analyzing their components,,2016-05-13T14:10Z,Tester,MetaTrader 4,[],,,ok,,fa5ccf7bb8385d143312fb892c6ab119ef58fc246a51c3f6d6108a86ff9e3264,md/1924.md,18244,4561
1946,https://www.mql5.com/en/articles/1946,Price Action. Automating the Engulfing Pattern Trading Strategy,,2015-09-22T12:49Z,Examples,MetaTrader 4,[],,,ok,,a65bfe3daca6526e44dd2fc7b0be586617dd833926a764c18e92f50b51b30dae,md/1946.md,55016,13754
1971,https://www.mql5.com/en/articles/1971,Handling ZIP Archives in Pure MQL5,,2015-10-29T15:28Z,Examples,MetaTrader 5,[],,,ok,,fd5a71346c5b23fc36b7a80de8389bcbe654e519f7124eae03ebb6126c414529,md/1971.md,114977,28744
1977,https://www.mql5.com/en/articles/1977,Using Assertions in MQL5 Programs,,2015-11-24T13:28Z,Examples,MetaTrader 5,[],,,ok,,c73dcd9a69de233f669b4a81863d7f44c09ca8e09e2114c5d0fbd23d542ff55b,md/1977.md,22866,5716
1979,https://www.mql5.com/en/articles/1979,MQL5 for beginners: Anti-vandal protection of graphic objects,Dina Paches,2015-12-22T15:33Z,Indicators,MetaTrader 5,[],,,ok,,189b7a7f968361b00e887666d1f20bbfcc554de30250bd44fbdf8a19797384c0,md/1979.md,113176,28294
1991,https://www.mql5.com/en/articles/1991,An Introduction to Fuzzy Logic,,2015-09-14T15:45Z,Examples,MetaTrader 5,[],,,ok,,89791b3cae748e07078d56ccf02f5abfde51d2a9f047a3629694ee6768f884cc,md/1991.md,39901,9975
1995,https://www.mql5.com/en/articles/1995,Thomas DeMark's contribution to technical analysis,Ivan Morozov,2016-03-28T14:42Z,Trading,MetaTrader 4,[],,,ok,,1975e6dd6b7aed3ac3f8f0dcf6c6837682374b2f962f8d7fc525fabfdab33d54,md/1995.md,47843,11960
1998,https://www.mql5.com/en/articles/1998,Using Layouts and Containers for GUI Controls: The CGrid Class,,2015-09-11T15:10Z,Examples,MetaTrader 5,[],,,ok,,d4d4dab58e1bde09fb579a0095ec87c1d0e9c2c24fcccc9b56e62b19c5ec7a22,md/1998.md,57203,14300
2027,https://www.mql5.com/en/articles/2027,Rope Indicator by Erik Nayman,Alexander Puzikov,2016-02-10T13:53Z,Examples,MetaTrader 5,[],,,ok,,513b1858a69008525fde1e6e3cbf53a963c97c49d09b5609efd87805d888ef94,md/2027.md,64801,16200
2029,https://www.mql5.com/en/articles/2029,Evaluation and selection of variables for machine learning models,,2015-11-10T10:29Z,Integration,MetaTrader 5,[],,,ok,,a67729fe1795a3d97ac13867242b28e6614e1844b577198dc3da42fa7b1faf03,md/2029.md,84475,21118
2032,https://www.mql5.com/en/articles/2032,Applying fuzzy logic in trading by means of MQL4,,2016-04-26T12:31Z,Examples,MetaTrader 4,[],,,ok,,4e1c6d06c0643ee2d8dcefa1657b34e4397962d8742a9486bd694032ffc87cb5,md/2032.md,48650,12162
2041,https://www.mql5.com/en/articles/2041,Error Handling and Logging in MQL5,,2015-11-17T14:08Z,Examples,MetaTrader 5,[],,,ok,,708542e06a0cfdb1a34f5830e5a493dc00ab2c4716a2964a6f08ae555c005378,md/2041.md,50028,12507
2043,https://www.mql5.com/en/articles/2043,Self-organizing feature maps (Kohonen maps) - revisiting the subject,,2016-05-17T15:54Z,Examples,MetaTrader 5,[],,,ok,,77cdea9a9989bd4d60fc7b8e376f72cc29897b2679824d130be87d9300f48e51,md/2043.md,31228,7807
2049,https://www.mql5.com/en/articles/2049,Trading signals module using the system by Bill Williams,VISUAL MARKETS SOFTWARE DEVELOPMENT CENTER - FZCO,2016-02-24T15:36Z,Trading systems,MetaTrader 5,[],,,ok,,b7805dc86a99a82758a445eb50ec5acfe33bc2d1e100c9ca08a45d8d199f6f6e,md/2049.md,27866,6966
2110,https://www.mql5.com/en/articles/2110,False trigger protection for Trading Robot,,2016-08-26T13:55Z,Trading systems,MetaTrader 4,[],,,ok,,96d58b8204b3af8b62b6c4314a642ab4b9c3a66ec09e892c0c99b5af945b0f89,md/2110.md,20164,5041
2118,https://www.mql5.com/en/articles/2118,Enhancing the StrategyTester to Optimize Indicators Solely on the Example of Flat and Trend Markets,,2016-04-13T15:27Z,Examples,MetaTrader 4,[],,,ok,,eaaecf72489a5e568bc120578d795567db86eb816153c6f84d008c29d03c845f,md/2118.md,49129,12282
2125,https://www.mql5.com/en/articles/2125,Graphical Interfaces I: Preparation of the Library Structure (Chapter 1),,2016-02-01T11:40Z,Examples,MetaTrader 5,[],,,ok,,f961eb0fde513bec3caa1bddb904046cbec63bcbfbae9c61673243c0534f74fe,md/2125.md,65164,16291
2126,https://www.mql5.com/en/articles/2126,Graphical Interfaces I: Form for Controls (Chapter 2),,2016-02-08T11:14Z,Examples,MetaTrader 5,[],,,ok,,8f91863494b050210b0918c7fb5da9e06a90810c847fd0fd1ffdf3581c268a77,md/2126.md,66113,16528
2127,https://www.mql5.com/en/articles/2127,Graphical Interfaces I: Animating the Graphical Interface (Chapter 3),,2016-02-15T10:10Z,Examples,MetaTrader 5,[],,,ok,,e577b3257e8afc322b9b9678ab7ff6846f2ca5fa35b9f1584547b89c83472e77,md/2127.md,55337,13834
2128,https://www.mql5.com/en/articles/2128,Graphical Interfaces I: Functions for the Form Buttons and Deleting Interface Elements (Chapter 4),,2016-02-18T11:31Z,Examples,MetaTrader 5,[],,,ok,,3d517b9bd9441bc8e65ad1fa4f41f6149282aaf0108625d9102422cb277d96f0,md/2128.md,28733,7183
2129,https://www.mql5.com/en/articles/2129,Graphical Interfaces I: Testing Library in Programs of Different Types and in the MetaTrader 4 Terminal (Chapter 5),,2016-02-25T09:00Z,Examples,MetaTrader 5,[],,,ok,,32b480e3f40c70232ec137bcf85309b4bdfd4e0b94c910ac63be12189135abd9,md/2129.md,46925,11731
2166,https://www.mql5.com/en/articles/2166,Universal Expert Advisor: Trading Modes of Strategies (Part 1),,2016-03-15T12:07Z,Examples,MetaTrader 5,[],Universal Expert Advisor: Trading Modes of Strategies (),1,ok,,1dc684647c927d39ae9a917b64699bdad1761891af141b069baedca6ff1658c0,md/2166.md,33092,8273
2169,https://www.mql5.com/en/articles/2169,Universal Expert Advisor: the Event Model and Trading Strategy Prototype (Part 2),,2016-03-18T13:45Z,Examples,MetaTrader 5,[],Universal Expert Advisor: the Event Model and Trading Strategy Prototype (),2,ok,,d188bd95204a8ed9c75aed0d2c1a37006f9e62e209538aa12427a75b44d9f116,md/2169.md,57232,14308
2170,https://www.mql5.com/en/articles/2170,Universal Expert Advisor: Custom Strategies and Auxiliary Trade Classes (Part 3),,2016-03-24T10:25Z,Examples,MetaTrader 5,[],Universal Expert Advisor: Custom Strategies and Auxiliary Trade Classes (),3,ok,,c908f75bbc363739e3acb93d22d379b793196203496cebaf09c79dfad99bbff8,md/2170.md,74859,18714
2171,https://www.mql5.com/en/articles/2171,Adding a control panel to an indicator or an Expert Advisor in no time,,2016-02-26T15:02Z,Examples,MetaTrader 5,[],,,ok,,f74eb988de4deea9ef593a0ce3f662282caa9a638e143e54e32e391210d6cdbd,md/2171.md,50564,12641
2179,https://www.mql5.com/en/articles/2179,Universal Expert Advisor: Trading in a Group and Managing a Portfolio of Strategies (Part 4),,2016-05-17T12:44Z,Examples,MetaTrader 5,[],Universal Expert Advisor: Trading in a Group and Managing a Portfolio of Strategies (),4,ok,,33f45e8eec7f567c9955818e1b42dc1079f6dad91e03ddc7a829d4c7c8963a9e,md/2179.md,42735,10683
2195,https://www.mql5.com/en/articles/2195,Fuzzy logic to create manual trading strategies,,2016-03-07T13:15Z,Trading,MetaTrader 4,[],,,ok,,b03371ce7dc13cc7468a04a9721dd0462c2ac91dd7b9af775ed585537d1eee09,md/2195.md,36270,9067
2200,https://www.mql5.com/en/articles/2200,Graphical Interfaces II: the Menu Item Element (Chapter 1),,2016-03-02T15:51Z,Examples,MetaTrader 5,[],,,ok,,c563d35203b0f05ff26ba90772874ba22d6b25aa27af6e1513bbeaf33906673f,md/2200.md,65756,16439
2202,https://www.mql5.com/en/articles/2202,Graphical Interfaces II: the Separation Line and Context Menu Elements (Chapter 2),,2016-03-11T13:46Z,Examples,MetaTrader 5,[],,,ok,,47dff655d86ba7ce145cde886a7a6a79dd53989f6f03bc9ef4ed61eadfc645a7,md/2202.md,83251,20812
2204,https://www.mql5.com/en/articles/2204,Graphical Interfaces II: Setting Up the Event Handlers of the Library (Chapter 3),,2016-03-21T13:39Z,Examples,MetaTrader 5,[],,,ok,,4cefef9e1624785052e5dcb6bb3134d953fc1162b8b31530ac5327480fc19728,md/2204.md,64547,16136
2207,https://www.mql5.com/en/articles/2207,Graphical Interfaces II: The Main Menu Element (Chapter 4),,2016-03-31T16:16Z,Examples,MetaTrader 5,[],,,ok,,1cf47e71be75eb9d670de45439fffb4ccf7dcf4c8fea1aa32d3fc68cd0ac74cd,md/2207.md,56945,14236
2225,https://www.mql5.com/en/articles/2225,Self-optimization of EA: Evolutionary and genetic algorithms,,2016-06-07T09:45Z,Trading systems,MetaTrader 5,[],,,ok,,6df620ca1b675e75a61b9381d51a4b3a11d0ffc1c1d95e62da4f192083f6ac94,md/2225.md,90328,22582
2249,https://www.mql5.com/en/articles/2249,Area method,,2016-03-18T09:37Z,Trading systems,MetaTrader 5,[],,,ok,,71f854f9dafec81054d83ae28a73140f05d67cd119be8fc4a56e08e30ed1e0b9,md/2249.md,48172,12043
2279,https://www.mql5.com/en/articles/2279,Neural network: Self-optimizing Expert Advisor,,2016-10-11T17:24Z,Trading systems,MetaTrader 5,[],,,ok,,67abac504f570f1b93809285411f17476e29b13fcf993bb9d3ec62adf831e12b,md/2279.md,66713,16678
2281,https://www.mql5.com/en/articles/2281,Creating an assistant in manual trading,,2016-06-23T15:59Z,Examples,MetaTrader 5,[],,,ok,,b47a66035b00af4a4da2966ab2bca278f6708485e1de2cfd5902fb97f5f97d77,md/2281.md,79146,19786
2296,https://www.mql5.com/en/articles/2296,Graphical Interfaces III: Simple and Multi-Functional Buttons (Chapter 1),,2016-03-31T16:25Z,Examples,MetaTrader 5,[],,,ok,,4e6de7d8f9c0a887ee48fed513c0b3b3d4934b5a87296cf78a79117896846f00,md/2296.md,91356,22839
2297,https://www.mql5.com/en/articles/2297,How to create an indicator of non-standard charts for MetaTrader Market,,2016-05-27T08:19Z,Examples,MetaTrader 4,[],,,ok,,65d7e5d189ae680a97df2ea1c70ebfd4539066717038636f2b6d0eb14dec3936,md/2297.md,62179,15544
2298,https://www.mql5.com/en/articles/2298,Graphical Interfaces III: Groups of Simple and Multi-Functional Buttons (Chapter 2),,2016-04-05T10:52Z,Examples,MetaTrader 5,[],,,ok,,c9d733cf3b3c3e92f5ac9d7f908f7840a3b74199912b7e8e5d1f740b3d4e432e,md/2298.md,66777,16694
2299,https://www.mql5.com/en/articles/2299,MetaTrader 5 features hedging position accounting system,,2016-03-21T13:11Z,Trading,MetaTrader 5,[],,,ok,,0b5ad8403c4148928423400ea31505981cc167b793cb325db8559d43c3af401e,md/2299.md,24483,6120
2307,https://www.mql5.com/en/articles/2307,Graphical Interfaces IV: Informational Interface Elements (Chapter 1),,2016-04-18T17:41Z,Examples,MetaTrader 5,[],,,ok,,6a4ae26969ab807ebb7db73e2ec7e919fb23c0838692ace14c1cf0c4d5e4e276,md/2307.md,57070,14267
2308,https://www.mql5.com/en/articles/2308,Graphical Interfaces IV: the Multi-Window Mode and System of Priorities (Chapter 2),,2016-04-19T11:22Z,Examples,MetaTrader 5,[],,,ok,,10baf7246ef6bd2608278605462cc6d89e74d303cb2259a37892395bd4b16595,md/2308.md,50308,12577
2329,https://www.mql5.com/en/articles/2329,Calculator of signals,,2016-05-05T12:35Z,Integration,MetaTrader 5,[],,,ok,,ccb41ec518d7d8908aa2f94ae8b7e4706c182455a3639a2e79197c68f520d615,md/2329.md,40361,10090
2355,https://www.mql5.com/en/articles/2355,How to create bots for Telegram in MQL5,,2016-06-27T16:56Z,Integration,MetaTrader 5,[],,,ok,,983c55e019fcf629103aca1fc226e785c00ec1ddd617a0bc55f436ed0c42446c,md/2355.md,45835,11458
2358,https://www.mql5.com/en/articles/2358,R-squared as an estimation of quality of the strategy balance curve,,2017-12-11T12:02Z,Trading,MetaTrader 5,[],,,ok,,2c213c1403ae39ab94fe7a9e7912a0f0b1110d87c8df1901a2adaac8a1702088,md/2358.md,65332,16333
2379,https://www.mql5.com/en/articles/2379,Graphical Interfaces V: The Vertical and Horizontal Scrollbar (Chapter 1),,2016-05-16T15:46Z,Examples,MetaTrader 5,[],,,ok,,15bd26bb0c97b7594ee04453a76e6b64a1d9ee829aa5ed7fb07f4205f72e5922,md/2379.md,56404,14101
2380,https://www.mql5.com/en/articles/2380,Graphical Interfaces V: The List View Element (Chapter 2),,2016-05-17T10:50Z,Examples,MetaTrader 5,[],,,ok,,e88bc8521df0e364fe3c2316b512b1e08d976783d527bacef4765ecd831826b6,md/2380.md,62332,15583
2381,https://www.mql5.com/en/articles/2381,Graphical Interfaces V: The Combobox Control (Chapter 3),,2016-05-25T09:58Z,Examples,MetaTrader 5,[],,,ok,,614b95d184a30802e6fdac11312079b2367845b208b646830be127ed3cc6c28a,md/2381.md,66991,16747
2404,https://www.mql5.com/en/articles/2404,Universal Expert Advisor: Pending Orders and Hedging Support (Part 5),,2016-05-31T10:26Z,Examples,MetaTrader 5,[],Universal Expert Advisor: Pending Orders and Hedging Support (),5,ok,,971004b164c72826464dc97c9d02bb41d44b1f2665a1aa186495c93cb6815c43,md/2404.md,60801,15200
2411,https://www.mql5.com/en/articles/2411,Universal Expert Advisor: A Custom Trailing Stop (Part 6),,2016-06-16T14:38Z,Examples,MetaTrader 5,[],Universal Expert Advisor: A Custom Trailing Stop (),6,ok,,77b6076b1960ad6b0d4b9568f902523472cb5155993a656c2b24573072221520,md/2411.md,49586,12396
2432,https://www.mql5.com/en/articles/2432,Regular expressions for traders,,2016-07-06T13:09Z,Examples,MetaTrader 5,[],,,ok,,88301c30dca4a2fcb31004d3338211cc587ff63cd8b5bd39b4d96c3c88c1076f,md/2432.md,32413,8103
2438,https://www.mql5.com/en/articles/2438,How to copy signals using an EA by your rules?,,2016-09-06T13:56Z,Examples,MetaTrader 5,[],,,ok,,16b712250f0c71a17d9efd6f937564091d69251608ac7c1eb031e40f099ba934,md/2438.md,26836,6709
2466,https://www.mql5.com/en/articles/2466,"Graphical Interfaces VI: the Checkbox Control, the Edit Control and their Mixed Types (Chapter 1)",,2016-06-01T17:00Z,Examples,MetaTrader 5,[],,,ok,,dd80d2568f1fb6ac317a4b0ce02e6395c69c3950f0f4a6f1618c37844f897896,md/2466.md,67713,16928
2468,https://www.mql5.com/en/articles/2468,Graphical Interfaces VI: the Slider and the Dual Slider Controls (Chapter 2),,2016-06-08T16:00Z,Examples,MetaTrader 5,[],,,ok,,5776c9320d351b5a4fb97132d3e6939adcced9758c34fd02ab98e3d411771ef9,md/2468.md,64088,16022
2500,https://www.mql5.com/en/articles/2500,Graphical Interfaces VII: the Tables Controls (Chapter 1),,2016-08-03T10:43Z,Examples,MetaTrader 5,[],,,ok,,850102de64ed5a686729d233324d81b26e88623121f240444d1c9be187c16ace,md/2500.md,104384,26096
2501,https://www.mql5.com/en/articles/2501,"LifeHack for Traders: Indicators of Balance, Drawdown, Load and Ticks during Testing",,2016-07-28T10:11Z,Examples,MetaTrader 5,[],,,ok,,dd108cc2242ada7fb48e368c72e2c25045b88c968caa5aab3d90b39e72acc46b,md/2501.md,11998,2999
2503,https://www.mql5.com/en/articles/2503,Graphical Interfaces VII: The Tabs Control (Chapter 2),,2016-08-04T15:28Z,Examples,MetaTrader 5,[],,,ok,,fa2882a409716e228d3006712f856dda8ac8fdcfe2b1aa5a2a2aee80dc956e03,md/2503.md,50040,12510
2513,https://www.mql5.com/en/articles/2513,Creating a trading robot for Moscow Exchange. Where to start?,,2016-06-28T08:16Z,Examples,MetaTrader 5,[],,,ok,,4ddc1abd49e53ddb00831847f21c1685a1654e0e76e27eac31c8bc06e00deb1a,md/2513.md,61656,15414
2537,https://www.mql5.com/en/articles/2537,Graphical Interfaces VIII: The Calendar Control (Chapter 1),,2016-08-11T11:03Z,Examples,MetaTrader 5,[],,,ok,,38abc2b351a227b82a630ad4325496fdc9b91c0b2f7d34217e38a0b9c603601c,md/2537.md,97138,24284
2539,https://www.mql5.com/en/articles/2539,Graphical Interfaces VIII: The Tree View Control (Chapter 2),,2016-08-12T13:32Z,Examples,MetaTrader 5,[],,,ok,,7e0ef3289874154a928a7f03457736b2799de2c9aa86ded2649bc5cdc3a3b462,md/2539.md,152110,38027
2540,https://www.mql5.com/en/articles/2540,Universal Expert Advisor: Integration with Standard MetaTrader Modules of Signals (Part 7),,2016-07-22T15:19Z,Examples,MetaTrader 5,[],Universal Expert Advisor: Integration with Standard MetaTrader Modules of Signals (),7,ok,,bc2dfeae56ffd679fe8dbd2a9cefc431ddb7072a5a307c75c53a945c9fee7d2a,md/2540.md,59037,14759
2541,https://www.mql5.com/en/articles/2541,Graphical Interfaces VIII: the File Navigator Control (Chapter 3),,2016-08-18T09:48Z,Examples,MetaTrader 5,[],,,ok,,f98123dd1d93e625cfebcb0789f2c11bdc788a3c356b81087d01702a5882e456,md/2541.md,74906,18726
2552,https://www.mql5.com/en/articles/2552,LifeHack for trader: four backtests are better than one,,2016-08-23T12:35Z,Tester,MetaTrader 5,[],,,ok,,65c9d43f5426db8140b71b3aa366d8499286d46bcb7d110ef934797ed1900c63,md/2552.md,88261,22065
2555,https://www.mql5.com/en/articles/2555,The checks a trading robot must pass before publication in the Market,,2016-08-01T09:30Z,Examples,MetaTrader 5,[],,,ok,,8adead1817a6ae634acf19bc5032d3e21af74463f50aeeeab6045f4c1c9d50f4,md/2555.md,62997,15749
2564,https://www.mql5.com/en/articles/2564,"Using text files for storing input parameters of Expert Advisors, indicators and scripts",,2016-07-19T16:32Z,Indicators,MetaTrader 4,[],,,ok,,304c2d0b7ec2aea49acc13212948ad7cae7aeca2c865c17632f4c767e2a10bb6,md/2564.md,23485,5871
2569,https://www.mql5.com/en/articles/2569,Cross-Platform Expert Advisor: Introduction,,2016-08-15T10:32Z,Integration,MetaTrader 5,[],,,ok,,59f16ae996a40481bcc0af73d1af1ea73993491df20178be7d062a45671dede8,md/2569.md,55742,13935
2574,https://www.mql5.com/en/articles/2574,Cross-Platform Expert Advisor: Reuse of Components from the MQL5 Standard Library,,2016-08-23T14:03Z,Integration,MetaTrader 5,[],,,ok,,347dd33cfd76bc2e9097674b31fa6cf2e6954062cf1e420cc810706677410518,md/2574.md,81820,20455
2579,https://www.mql5.com/en/articles/2579,Graphical Interfaces IX: The Color Picker Control (Chapter 1),,2016-08-23T14:06Z,Examples,MetaTrader 5,[],,,ok,,88ffe56afe84e424dec8d05347602097f3c4bad3f7cd566ce5f5d204c84fffbc,md/2579.md,64482,16120
2580,https://www.mql5.com/en/articles/2580,Graphical Interfaces IX: The Progress Bar and Line Chart Controls (Chapter 2),,2016-08-26T09:45Z,Examples,MetaTrader 5,[],,,ok,,da917c5bde71da8134978673d37cd52a113a2feca6a33df6ff078d08a722d3b4,md/2580.md,70558,17639
2590,https://www.mql5.com/en/articles/2590,Cross-Platform Expert Advisor: Orders,,2016-09-16T10:55Z,Integration,MetaTrader 5,[],,,ok,,36975a153deecbbee003c1ae4906b47b8408448adfe6b41c94dad420dad370b4,md/2590.md,31351,7837
2599,https://www.mql5.com/en/articles/2599,"Working with sockets in MQL, or How to become a signal provider",,2016-07-20T09:50Z,Examples,MetaTrader 5,[],,,ok,,0e14c03500793077e58374df4fb2fa9e60604851acd14f2745c74f953922e55d,md/2599.md,58285,14571
2612,https://www.mql5.com/en/articles/2612,Testing trading strategies on real ticks,,2016-08-04T10:44Z,Examples,MetaTrader 5,[],,,ok,,5386c60fe1e6e244c27200622599a7a194bdc255ee30aca09c4a956f8efdb9c5,md/2612.md,15624,3906
2626,https://www.mql5.com/en/articles/2626,"LifeHack for trader: ""Quiet"" optimization or Plotting trade distributions",,2016-09-23T09:40Z,Examples,MetaTrader 5,[],,,ok,,c546fdb960fa9d5431f8e8c2a359d69c8f2989aee05ecc4c35ffc98b55328368,md/2626.md,48986,12246
2634,https://www.mql5.com/en/articles/2634,Graphical Interfaces X: Updates for Easy And Fast Library (Build 2),,2016-08-29T15:21Z,Examples,MetaTrader 5,[],,,ok,,757104865e084a083cea60d4a8ddcfc5b1bf27497ea8eb44f6f36fa6c72f2d3e,md/2634.md,46140,11535
2635,https://www.mql5.com/en/articles/2635,MQL5 vs QLUA - Why trading operations in MQL5 are up to 28 times faster?,,2016-09-21T09:20Z,Examples,MetaTrader 5,[],,,ok,,ba4edc5dd3d19ebb3d78f4bf393f3648396dab68aa65d3bdeb3d930a1aa19d4e,md/2635.md,14208,3552
2646,https://www.mql5.com/en/articles/2646,Portfolio trading in MetaTrader 4,הטרנסצנדנטלי בעל-חזון,2016-09-28T13:39Z,Examples,MetaTrader 4,[],,,ok,,756a009d09a47d9621f330082e670f1586899a1130e0e9da578ba4283d1a9218,md/2646.md,66737,16684
2653,https://www.mql5.com/en/articles/2653,Universal Expert Advisor: CUnIndicator and Use of Pending Orders (Part 9),,2017-10-20T10:06Z,Examples,MetaTrader 5,[],Universal Expert Advisor: CUnIndicator and Use of Pending Orders (),9,ok,,65aadb34bf39eda2f181475c4166fc2d85a3f91e33feed4884476d0669fe83c3,md/2653.md,75785,18946
2660,https://www.mql5.com/en/articles/2660,Working with currency baskets in the Forex market,,2016-10-04T11:58Z,Trading,MetaTrader 4,[],,,ok,,d66bd86cf625b88053933da1ff6c597cdf7299b9db97121018d55880c4973733,md/2660.md,24734,6183
2661,https://www.mql5.com/en/articles/2661,How to quickly develop and debug a trading strategy in MetaTrader 5,,2016-09-12T09:26Z,Examples,MetaTrader 5,[],,,ok,,f5f8b62531cc82af9d6119afd8cc20455b1130d9784d0f44a2335a844fae27c0,md/2661.md,31841,7960
2704,https://www.mql5.com/en/articles/2704,"The Easy Way to Evaluate a Signal: Trading Activity, Drawdown/Load and MFE/MAE Distribution Charts",,2016-09-28T14:08Z,Trading,MetaTrader 5,[],,,ok,,582d72ab7a094436df9e8e14586e1a000e7a46810d805e546a06b8375b1bfc49,md/2704.md,15125,3781
2714,https://www.mql5.com/en/articles/2714,Statistical distributions in the form of histograms without indicator buffers and arrays,,2017-01-16T08:36Z,Examples,MetaTrader 5,[],,,ok,,4a5efabf40da376950553f538c77fce9a4d50f8431e11a0dc86ca268d4c61faf,md/2714.md,52814,13203
2717,https://www.mql5.com/en/articles/2717,The 'Turtle Soup' trading system and its 'Turtle Soup Plus One' modification,,2016-12-05T15:30Z,Examples,MetaTrader 5,[],,,ok,,91cb0af56ce7533ab98ee67c1ba945bbeaa73ccb0c7194cf3b560fc9787ce435,md/2717.md,60496,15124
2720,https://www.mql5.com/en/articles/2720,MQL5 Programming Basics: Files,,2016-11-04T15:19Z,Examples,MetaTrader 5,[],,,ok,,3bcc563114015189d0d5d45a5a213443a489c863750ca528d18b4d208ce67fcc,md/2720.md,90708,22677
2723,https://www.mql5.com/en/articles/2723,Graphical Interfaces X: Updates for Easy And Fast Library (Build 3),,2016-10-17T17:48Z,Examples,MetaTrader 5,[],,,ok,,1e7209850dc2076d368932bd18393a56884e371e8587a77bb802fe415904d48a,md/2723.md,62368,15592
2731,https://www.mql5.com/en/articles/2731,LifeHack for Trader: A comparative report of several tests,,2016-12-21T12:29Z,Examples,MetaTrader 5,[],,,ok,,43a2e3c3e3b52ea68e4d1b4a630bf7b2ff5a80ca3a8600a3dcd5435d9350dc3d,md/2731.md,60785,15196
2739,https://www.mql5.com/en/articles/2739,An Example of Developing a Spread Strategy for Moscow Exchange Futures,,2017-02-07T08:32Z,Examples,MetaTrader 5,[],,,ok,,67bbccf65274cba8dd3d115696f8ba752ca12994737796e002eb218cd05f0a6d,md/2739.md,36097,9024
2742,https://www.mql5.com/en/articles/2742,Statistical Distributions in MQL5 - taking the best of R and making it faster,,2016-10-10T10:06Z,Statistics and analysis,MetaTrader 5,[],,,ok,,975ec5d83783576424c851cbb5d0a9c2f12cd3b2bce8782a113f05921407fdb0,md/2742.md,384842,96210
2744,https://www.mql5.com/en/articles/2744,MQL5 Programming Basics: Global Variables of the  MetaTrader 5 Terminal,,2016-11-25T13:11Z,Examples,MetaTrader 5,[],,,ok,,2a3b3628e14e5ff2c6a94b0e166c5dfccfa19bfa2aed5157a9ad93d291672f6a,md/2744.md,43938,10984
2763,https://www.mql5.com/en/articles/2763,Graphical Interfaces X: The Standard Chart Control (build 4),,2016-11-11T08:45Z,Examples,MetaTrader 5,[],,,ok,,607674ff4a373e3a7541b24657708fdfb4428aabf8a1300899d16e07594da802,md/2763.md,67456,16864
2773,https://www.mql5.com/en/articles/2773,Thomas DeMark's Sequential (TD SEQUENTIAL) using artificial intelligence,Mihail Marchukajtes,2017-06-14T12:16Z,Examples,MetaTrader 5,[],,,ok,,56e29cf425e7c8491e9f35fc2035f2e0a388c8e1adf34531740ffe6dd1c52033,md/2773.md,42031,10507
2774,https://www.mql5.com/en/articles/2774,Universal ZigZag,,2016-12-23T14:20Z,Examples,MetaTrader 5,[],,,ok,,0a612e4e109b6b52af072b901e81977f6d082050fb50c3b1f3fb3686ac7f42eb,md/2774.md,57459,14364
2785,https://www.mql5.com/en/articles/2785,80-20 trading strategy,,2016-12-22T09:46Z,Trading systems,MetaTrader 5,[],,,ok,,6dfdc4bc5c683c8cba038d7c7e8adb17cac49368da7c9d85ef84093c2959b323,md/2785.md,53712,13428
2788,https://www.mql5.com/en/articles/2788,Universal Oscillator with a GUI,,2017-01-11T08:48Z,Examples,MetaTrader 5,[],,,ok,,f0d09f5012fcc8122194debdad283a0b3f935366276e76d50f39223c19ee0b73,md/2788.md,74018,18504
2816,https://www.mql5.com/en/articles/2816,Patterns available when trading currency baskets,,2017-01-27T13:40Z,Trading,MetaTrader 5,[],,,ok,,621d634bdfbaeae565674aaf26616218b30e9726be228bd4cba3238c24c19433,md/2816.md,50957,12739
2817,https://www.mql5.com/en/articles/2817,Auto detection of extreme points based on a specified price variation,Sergey Strutinskiy,2017-02-08T09:01Z,Trading,MetaTrader 5,[],,,ok,,de1fc5d0d8fbe06ec7150ca09d75466df52db41821c8ccab2877d94076e08625,md/2817.md,61351,15337
2820,https://www.mql5.com/en/articles/2820,How to build and test a Binary Options strategy with the MetaTrader 4 Strategy Tester,Martin Amiri,2016-12-22T14:39Z,Examples,MetaTrader 4,[],,,ok,,a8f1362c2a650501d0bc92a33b0c463b874f672a1e224ba31ac9e635a27ef0b0,md/2820.md,51923,12980
2825,https://www.mql5.com/en/articles/2825,Momentum Pinball trading strategy,,2018-01-08T15:00Z,Examples,MetaTrader 5,[],,,ok,,183b4f44cffe938d84d9c37128222b97a3da154d77423c0d91603708fd97ad7f,md/2825.md,60155,15038
2828,https://www.mql5.com/en/articles/2828,3D Modeling in MQL5,,2017-02-17T09:27Z,Examples,MetaTrader 5,[],,,ok,,83ff03461adfad75f1b2840bc7c2a062832daa087686c169d1a4a0c16d668601,md/2828.md,55541,13885
2829,https://www.mql5.com/en/articles/2829,"Graphical Interfaces X: Text Edit box, Picture Slider and simple controls (build 5)",,2017-01-11T15:34Z,Examples,MetaTrader 5,[],,,ok,,41cd8badac444d2ed285421ac260c77c00ceec19027e73f5ea05ab82c9468817,md/2829.md,70968,17742
2837,https://www.mql5.com/en/articles/2837,MTF indicators as the technical analysis tool,,2019-05-09T10:48Z,Indicators,MetaTrader 5,[],,,ok,,ae5b0cd795040a0e0b525134b8d23499a70c43ebf1f82a6988e6b789ba27fa68,md/2837.md,75086,18771
2853,https://www.mql5.com/en/articles/2853,MQL5 Cookbook - Pivot trading signals,,2017-05-16T17:29Z,Examples,MetaTrader 5,[],,,ok,,84e640187152765b39ee6eae0b6c107642461cb33f5f2d4b9745a4625bbe0b9b,md/2853.md,52127,13031
2866,https://www.mql5.com/en/articles/2866,Visualize this! MQL5 graphics library similar to 'plot' of R language,,2017-03-23T12:27Z,Examples,MetaTrader 5,[],,,ok,,845d71ec1150fcb5fc8edb1d2163049a779aefd0c06cf1f329ccad3129d11f60,md/2866.md,34587,8646
2888,https://www.mql5.com/en/articles/2888,A Universal Channel with the Graphical Interface,,2017-04-05T10:14Z,Examples,MetaTrader 5,[],,,ok,,e509ceeece4f856b85d21bafcf5a7c7a1326d14050d4f1dec04d5886ee268250,md/2888.md,95039,23759
2895,https://www.mql5.com/en/articles/2895,"Integrating MQL-based Expert Advisors and databases (SQL Server, .NET and C#)",Сергей Ткаченко,2018-09-10T12:21Z,Examples,MetaTrader 5,[],,,ok,,3afe6ce80df6fca06bc78f853a312cb6d8d21293cafc9d0ffbd053be796f90c1,md/2895.md,44858,11214
2897,https://www.mql5.com/en/articles/2897,"Graphical Interfaces X: Time control, List of checkboxes control and table sorting (build 6)",,2017-02-03T14:40Z,Examples,MetaTrader 5,[],,,ok,,552b9e0b1f267f327925654bb61329d9d290eec40c836c1fd66c281de33bc3d4,md/2897.md,60252,15063
2930,https://www.mql5.com/en/articles/2930,Calculating the Hurst exponent,Dmitriy Piskarev,2017-04-03T15:20Z,Trading,MetaTrader 5,[],,,ok,,dfb6128edf26deaf7c96af5e5afac8b4e755fdcd06fd94b440f81065e8318815,md/2930.md,58555,14638
2943,https://www.mql5.com/en/articles/2943,Graphical interfaces X: Advanced management of lists and tables. Code optimization (build 7),,2017-02-07T08:38Z,Examples,MetaTrader 5,[],,,ok,,9e60561b9ac2b406f7196eb31b8a30c61c6d0e9c580e1d48a7944af9df37163c,md/2943.md,64801,16200
2960,https://www.mql5.com/en/articles/2960,Patterns available when trading currency baskets. Part II,,2017-04-19T14:18Z,Trading,MetaTrader 5,[],,,ok,,b6fd7a116586ee129989d869026b52f4394fcf441ef2942a4801a04ee67ed8bb,md/2960.md,34749,8687
2961,https://www.mql5.com/en/articles/2961,Cross-Platform Expert Advisor: Order Manager,,2017-05-25T14:59Z,Integration,MetaTrader 5,[],,,ok,,71bc5d9315bc48a9729cb14eaba79bb498b21f6bb3c607b8a8b13b4c73be4b23,md/2961.md,49146,12286
2966,https://www.mql5.com/en/articles/2966,ZUP - universal ZigZag with Pesavento patterns. Graphical interface,,2017-03-02T12:33Z,Integration,MetaTrader 4,[],,,ok,,f0d049e0136c216c81b461d0a46424b5268b1ea10ac09b81459d2218e3831322,md/2966.md,35789,8947
2990,https://www.mql5.com/en/articles/2990,ZUP - Universal ZigZag with Pesavento patterns. Search for patterns,,2018-06-07T13:05Z,Integration,MetaTrader 5,[],,,ok,,72fca85e93d4e0b751857d6c34a4fbf29b6ee94d212637d60846cc41dbab2cf3,md/2990.md,35992,8998
3004,https://www.mql5.com/en/articles/3004,Graphical Interfaces X: The Multiline Text box control (build 8),,2017-03-09T13:14Z,Examples,MetaTrader 5,[],,,ok,,b6e088cd846a66069599f7692529c7c64e722b0e863acb71666ec4b83b0994df,md/3004.md,145739,36434
3018,https://www.mql5.com/en/articles/3018,Universal Trend with the Graphical Interface,,2017-04-27T17:32Z,Examples,MetaTrader 5,[],,,ok,,a1f5dd722689906dcbea4ed467873607d46590c67416daf45085702fd5aa17c0,md/3018.md,66703,16675
3024,https://www.mql5.com/en/articles/3024,Embed MetaTrader 4/5 WebTerminal on your website for free and make a profit,,2017-02-13T15:49Z,Integration,MetaTrader 5,[],,,ok,,bbd3e1572b1adc3a0650e0bc2dee4a001829bc9507277d9d8c3114d6d9a12c8b,md/3024.md,17426,4356
3030,https://www.mql5.com/en/articles/3030,Graphical interfaces X: New features for the Rendered table (build 9),,2017-03-22T16:06Z,Examples,MetaTrader 5,[],,,ok,,42a5b38ff244094c48b571313afdd85ebbccfecaaa5eb9304b06e8489a84ef19,md/3030.md,63037,15759
3039,https://www.mql5.com/en/articles/3039,Learn how to design a trading system by Bollinger Bands,,2022-02-18T16:12Z,Trading,MetaTrader 5,[],,,ok,,f4fdd9003e1b0e34c721ac06308d3c00f70e16ddf1e7c81d5e0673af85b60d5e,md/3039.md,43851,10962
3040,https://www.mql5.com/en/articles/3040,Learn how to design different Moving Average systems,,2022-02-04T08:32Z,Trading,MetaTrader 5,[],,,ok,,f839c7e72fc45aca24c1eb8216f235c141d09e13ea0104c7d5dc680be5314cc5,md/3040.md,24696,6174
3042,https://www.mql5.com/en/articles/3042,Graphical Interfaces X: Updates for the Rendered table and code optimization (build 10),,2017-03-27T18:18Z,Examples,MetaTrader 5,[],,,ok,,79a4f1ef973c92d6cc2de09fe486594d7b153ce2dc49ff45557a759cf31d9111,md/3042.md,61763,15440
3046,https://www.mql5.com/en/articles/3046,Analyzing Balance/Equity graphs by symbols and EAs' ORDER_MAGIC,,2017-06-14T13:35Z,Statistics and analysis,MetaTrader 5,[],,,ok,,ef4f82d62b45a076ddbbfc118bce0715d64ad3bd93814e6562c0197e60ff2c49,md/3046.md,38345,9586
3047,https://www.mql5.com/en/articles/3047,MQL5 Cookbook - Creating a ring buffer for fast calculation of indicators in a sliding window,,2017-06-07T15:08Z,Examples,MetaTrader 5,[],,,ok,,cec28841af4c257165152ae3584c68df58f19505ef33c288fc2676a391471eb6,md/3047.md,95488,23872
3061,https://www.mql5.com/en/articles/3061,DiNapoli trading system,Roman Vashchilin,2017-07-07T15:28Z,Trading,MetaTrader 5,[],,,ok,,70912028b6c3c2a41ae1500fa7b28dead290904be28398a1809af3902ebb76c1,md/3061.md,35390,8847
3068,https://www.mql5.com/en/articles/3068,Ready-made Expert Advisors from the MQL5 Wizard work in MetaTrader 4,,2017-05-16T14:01Z,Integration,MetaTrader 5,[],,,ok,,bbaffe909e4f1321e5e1dda006f87f5926ea4d0160be138ca9ae3a93eb01554e,md/3068.md,48527,12131
3074,https://www.mql5.com/en/articles/3074,Comparative Analysis of 10 Trend Strategies,,2017-05-24T12:30Z,Tester,MetaTrader 5,[],,,ok,,d9fc1129d9f264462b042e7bf05b5b16b83ecc8e3f0009e991cad5c5c7c0c135,md/3074.md,78707,19676
3104,https://www.mql5.com/en/articles/3104,"Graphical Interfaces X: Sorting, rebuilding the table and controls in the cells (build 11)",,2017-04-12T11:42Z,Examples,MetaTrader 5,[],,,ok,,3eba823b9dec2751eca4cbd003827a33d14d5867be9ee1dadc27061c1030141d,md/3104.md,59974,14993
3112,https://www.mql5.com/en/articles/3112,Creating Documentation Based on MQL5 Source Code,,2017-08-07T13:59Z,Integration,MetaTrader 5,[],,,ok,,3bc9a48669aade8e4a0305dd117358498e702e9d2e4be1e76b7c33fdbf0c535a,md/3112.md,27562,6890
3118,https://www.mql5.com/en/articles/3118,Sorting methods and their visualization using MQL5,,2017-08-07T14:22Z,Statistics and analysis,MetaTrader 5,[],,,ok,,a376fbc755666c91be3ac1fc047b57a35d1ccb1d004f1e61f5c9323179cf057f,md/3118.md,42033,10508
3131,https://www.mql5.com/en/articles/3131,Wolfe Waves,,2017-06-21T10:18Z,Examples,MetaTrader 5,[],,,ok,,eea6911e811c6de95f55da479d844e69fa6dc2939b817b8d9172d33665446d76,md/3131.md,80295,20073
3133,https://www.mql5.com/en/articles/3133,Developing multi-module Expert Advisors,,2018-07-06T10:06Z,Trading,MetaTrader 5,[],,,ok,,97fd00ab3ff54f22c2c9adbf3746da26d2689c9da8a023eb0b6f95d6e2c84238,md/3133.md,73009,18252
3146,https://www.mql5.com/en/articles/3146,Trading with Donchian Channels,,2017-06-02T16:49Z,Tester,MetaTrader 5,[],,,ok,,b0bf9d20659621ddff61f710c1be5cced635ef174bee016160d26651e2aa552d,md/3146.md,45101,11275
3150,https://www.mql5.com/en/articles/3150,Triangular arbitrage,Alexey Oreshkin,2017-11-30T13:26Z,Trading,MetaTrader 5,[],,,ok,,d640e0eca045d897299ec236b6e60a9f48e9fe71782c19c7cc1fba2f42b25491,md/3150.md,97582,24395
3166,https://www.mql5.com/en/articles/3166,How to conduct a qualitative analysis of trading signals and select the best of them,,2017-09-06T14:56Z,Examples,MetaTrader 4,[],,,ok,,b59282ef2b7cb033b7ccdf704eaaa9a1b01976a649ef0a62094089f6fc6420a5,md/3166.md,29034,7258
3172,https://www.mql5.com/en/articles/3172,Forecasting market movements using the Bayesian classification and indicators based on Singular Spectrum Analysis,,2017-07-11T15:51Z,Trading systems,MetaTrader 5,[],,,ok,,1fec19fdffdd008e8187edfb2cd42ed0917ae2a5013e7f4ef898a7293288e93f,md/3172.md,31368,7842
3173,https://www.mql5.com/en/articles/3173,Graphical Interfaces X: Word wrapping algorithm in the Multiline Text box (build 12),,2017-05-10T16:24Z,Examples,MetaTrader 5,[],,,ok,,1c5e52bda5a9ba2976b245a27b18d7665388c971437810cfd59764a0b1570c82,md/3173.md,54056,13514
3186,https://www.mql5.com/en/articles/3186,An example of an indicator drawing Support and Resistance lines,Andrey Kisselyov,2017-07-07T12:26Z,Examples,MetaTrader 5,[],,,ok,,2c67d4cb85b6cedba916342360ee13b0b0b637903781e0839ffc426d72843ee4,md/3186.md,24791,6197
3188,https://www.mql5.com/en/articles/3188,How Long Is the Trend?,,2017-05-25T10:03Z,Tester,MetaTrader 5,[],,,ok,,3f34533d7114534606dc42d0f1979a2505678457b651c472b6116b836502f997,md/3188.md,31010,7752
3197,https://www.mql5.com/en/articles/3197,Graphical Interfaces X: Text selection in the Multiline Text box (build 13),,2017-06-27T13:18Z,Examples,MetaTrader 5,[],,,ok,,97dfb36f11c41cc64fd61b6504abec7aa19f7663d080aa36321289cb87499848,md/3197.md,54369,13592
3215,https://www.mql5.com/en/articles/3215,Automatic construction of support and resistance lines,Vladimir Mametov,2018-02-23T12:46Z,Trading,MetaTrader 5,[],,,ok,,257d615afa0ca4c8e5a31d2da42f59475f40f19d2c903f752674f39cd8cb1d24,md/3215.md,32422,8105
3229,https://www.mql5.com/en/articles/3229,The Flag Pattern,,2017-09-18T10:55Z,Examples,MetaTrader 5,[],,,ok,,68cb24997c7ddfc3e7c0252bf09370b27a9a66cb31456c7fef71effabc24947b,md/3229.md,82915,20728
3236,https://www.mql5.com/en/articles/3236,Developing custom indicators using CCanvas class,,2017-07-19T17:40Z,Indicators,MetaTrader 5,[],,,ok,,4caa42b61e0a7aceae358cd3fcc163f07ccc9b62c81c24eccd37b68358184f42,md/3236.md,76698,19174
3237,https://www.mql5.com/en/articles/3237,Angles in Trading. Further Study Required,Sergey Kozhevnikov,2017-08-18T16:50Z,Examples,MetaTrader 4,[],,,ok,,eacccd907e430735f6e19ca173b84dfb53b0bc10ce1195712209e579147f401b,md/3237.md,23544,5886
3261,https://www.mql5.com/en/articles/3261,Cross-Platform Expert Advisor: Signals,,2017-06-08T10:04Z,Examples,MetaTrader 5,[],,,ok,,4da2b7ad8a889d1f32d124472cb09177656a7e9dcc4abce6d9fb43e35982a5ea,md/3261.md,46625,11656
3264,https://www.mql5.com/en/articles/3264,Naive Bayes classifier for signals of a set of indicators,,2017-09-04T12:38Z,Indicators,MetaTrader 5,[],,,ok,,69739dcad141c1f2a69ab6ecc7ad4a514e35f38a3a2e3e1777082d9342398700,md/3264.md,57771,14442
3266,https://www.mql5.com/en/articles/3266,Patterns available when trading currency baskets. Part III,,2017-08-17T11:01Z,Trading,MetaTrader 5,[],,,ok,,11732a10d7440a7b82b8ca9c76150df0c24f9942258ea5103209cc3c1ce65479,md/3266.md,30879,7719
3270,https://www.mql5.com/en/articles/3270,Universal Expert Advisor: Accessing Symbol Properties (Part 8),,2017-08-25T15:56Z,Examples,MetaTrader 5,[],Universal Expert Advisor: Accessing Symbol Properties (),8,ok,,9c177f58cf291ebb3688be3c216943ec93f55c83bdf69cd0ec65d47de92bd7b0,md/3270.md,40303,10075
3279,https://www.mql5.com/en/articles/3279,Custom Walk Forward optimization in MetaTrader 5,,2017-09-15T13:44Z,Tester,MetaTrader 5,[],,,ok,,49fad6f2963320535f504e0c5feca763845634bfb2b0b14ac3308d4a85cbbb00,md/3279.md,47062,11765
3280,https://www.mql5.com/en/articles/3280,Cross-Platform Expert Advisor: Money Management,,2017-07-11T16:37Z,Examples,MetaTrader 5,[],,,ok,,265f84723bb51b5ad1bd2b795710f1dc383a0a318fcc92a2284678b2da047b16,md/3280.md,34712,8678
3298,https://www.mql5.com/en/articles/3298,Custom indicators and infographics in CCanvas,,2017-07-28T18:33Z,Examples,MetaTrader 5,[],,,ok,,98209b02c50d8398f18d59667d5065bfcebc036092f0b9b276903e54f63f1c24,md/3298.md,60101,15025
3299,https://www.mql5.com/en/articles/3299,An Analysis of Why Expert Advisors Fail,Richard Poster,2022-02-22T07:41Z,Expert Advisors,MetaTrader 5,[],,,ok,,c52109755b0ccad1a46598ac61a5dcff1e4ac26e081771d1ea322141a52afffd,md/3299.md,18674,4668
3331,https://www.mql5.com/en/articles/3331,Using cloud storage services for data exchange between terminals,,2017-09-28T16:25Z,Examples,MetaTrader 5,[],,,ok,,426bb5cc0cbfd841cdff610cf19b7006891d2c99e1b890925ae477234d59a162,md/3331.md,68470,17117
3336,https://www.mql5.com/en/articles/3336,Implementing a Scalping Market Depth Using the CGraphic Library,,2017-10-26T10:30Z,Examples,MetaTrader 5,[],,,ok,,dc7df5e0c0e37019e6d0ff22e7815112fe49c22b887741f73fff684f20154ee6,md/3336.md,65915,16478
3339,https://www.mql5.com/en/articles/3339,Testing patterns that arise when trading currency pair baskets. Part I,,2017-08-25T15:05Z,Trading,MetaTrader 5,[],,,ok,,8030ba1fb15fa9f0f5f657b1bd971a1805d5b7c4f9f61389d15c3b4bc513d952,md/3339.md,52248,13062
3365,https://www.mql5.com/en/articles/3365,Graphical Interfaces XI: Refactoring the Library code (build 14.1),,2017-08-11T15:33Z,Examples,MetaTrader 5,[],,,ok,,c90e8379754d9966f5b73f630cc2494bcc7d7670ea6cc35f627a8c0109c45ca0,md/3365.md,63493,15873
3366,https://www.mql5.com/en/articles/3366,Graphical Interfaces XI: Rendered controls (build 14.2),,2017-08-21T10:47Z,Examples,MetaTrader 5,[],,,ok,,a8859b82ee2832cfd6c33a35d431f6fccf88164d01ac411481b74da1a167c4be,md/3366.md,89697,22424
3394,https://www.mql5.com/en/articles/3394,Graphical Interfaces XI: Text edit boxes and Combo boxes in table cells (build 15),,2017-09-28T14:53Z,Examples,MetaTrader 5,[],,,ok,,0aeff1b3908b6ffb6ae7d6ccd8748cb21881a1597ffbbbdab7cd26a1b7a3ec49,md/3394.md,67559,16889
3395,https://www.mql5.com/en/articles/3395,Cross-Platform Expert Advisor: Time Filters,,2017-07-21T08:34Z,Examples,MetaTrader 5,[],,,ok,,90718faede490b181171f123a8ed16899b89909568965717fa046a48db77b246,md/3395.md,51568,12892
3398,https://www.mql5.com/en/articles/3398,Automatic Selection of Promising Signals,,2018-01-30T15:31Z,Integration,MetaTrader 5,[],,,ok,,371c7c6228e5b6ff2b9c2b2eb63b4429796cae080b58182e503d20315ab34ded,md/3398.md,37360,9340
3442,https://www.mql5.com/en/articles/3442,TradeObjects: Automation of trading based on MetaTrader graphical objects,,2017-10-13T12:50Z,Tester,MetaTrader 5,[],,,ok,,68e8558d38cbdbd40e486d4b46b0e236292da2aea25c0bce5b371e357b63b857,md/3442.md,50855,12713
3456,https://www.mql5.com/en/articles/3456,Practical evaluation of the adaptive market following method,,2017-10-30T14:57Z,Examples,MetaTrader 5,[],,,ok,,2309307ba8a952868b960608dcd1e6e05aafbc77a6e5c3992bc33a076f447520,md/3456.md,55434,13858
3460,https://www.mql5.com/en/articles/3460,Auto search for divergences and convergences,,2017-10-25T13:20Z,Examples,MetaTrader 5,[],,,ok,,c3f3a4d6a9de4f2cc62260ee77be0c5354b7e513a50aa9573ce384f6a30a9e4d,md/3460.md,74220,18555
3473,https://www.mql5.com/en/articles/3473,"Deep Neural Networks (Part IV). Creating, training and testing a model of neural network",,2017-10-04T14:55Z,Trading,MetaTrader 5,[],,,ok,,881c5a3064d6002f7f28e09c1854fa6a67dea12f001f19cc7ade9ed8edc24269,md/3473.md,93065,23266
3486,https://www.mql5.com/en/articles/3486,Deep Neural Networks (Part I). Preparing Data,,2017-09-11T09:47Z,Integration,MetaTrader 5,[],,,ok,,c02226b2e0d3a2b16431556675b8811a6251f11d32cf2d94f77b7c12639482c3,md/3486.md,67499,16874
3507,https://www.mql5.com/en/articles/3507,Deep Neural Networks (Part II). Working out and selecting predictors,,2017-09-18T12:20Z,Integration,MetaTrader 5,[],,,ok,,0dc42f7634fa2b52a0636f071812cedc19a7f129ab561b344c6add9fdea30252,md/3507.md,85392,21348
3526,https://www.mql5.com/en/articles/3526,Deep Neural Networks (Part III). Sample selection and dimensionality reduction,,2017-10-02T10:10Z,Integration,MetaTrader 5,[],,,ok,,7dfa66fef9788cdac7e01f8ea3475d307db0d127330d241e2e92fe3c14293f5f,md/3526.md,59668,14917
3527,https://www.mql5.com/en/articles/3527,Graphical Interfaces XI: Integrating the Standard Graphics Library (build 16),,2017-10-16T11:16Z,Examples,MetaTrader 5,[],,,ok,,8187432696f693bd59881dffbf57959e21646dfde7af8dd382442bf041568bc9,md/3527.md,50883,12720
3540,https://www.mql5.com/en/articles/3540,Creating and testing custom symbols in MetaTrader 5,,2017-09-21T12:52Z,Examples,MetaTrader 5,[],,,ok,,2f42874a91a916a726c5237395baeb2b5b8336ae355bb587dc888ca24247dce5,md/3540.md,18336,4584
3620,https://www.mql5.com/en/articles/3620,Cross-Platform Expert Advisor: Stops,,2017-09-08T07:28Z,Examples,MetaTrader 5,[],,,ok,,bd0b1b6c3c8b87a4f093c894a7270abce8636e7da0eba3902a57f17e9664b412,md/3620.md,91770,22942
3621,https://www.mql5.com/en/articles/3621,"Cross-Platform Expert Advisor: Custom Stops, Breakeven and Trailing",,2017-10-03T15:05Z,Examples,MetaTrader 5,[],,,ok,,97af5ffdaf44ab24987ca034dddee057a56bfe6d15d7c2a2097642009b06e9f2,md/3621.md,60531,15132
3622,https://www.mql5.com/en/articles/3622,Cross-Platform Expert Advisor: The CExpertAdvisor and CExpertAdvisors Classes,,2017-10-23T12:52Z,Examples,MetaTrader 5,[],,,ok,,e590af2ec0eb98e59576a315e80d7472c4bfa965849e03642a82a12ce2fca92d,md/3622.md,57280,14320
3642,https://www.mql5.com/en/articles/3642,"Optimizing a strategy using balance graph and comparing results with ""Balance + max Sharpe Ratio"" criterion",,2017-11-08T13:03Z,Tester,MetaTrader 5,[],,,ok,,e8fece3850f4a77dc99681ff8455945cb9a691a7ba1c636e06e0cf2ba658f707,md/3642.md,69103,17275
3650,https://www.mql5.com/en/articles/3650,Risk Evaluation in the Sequence of Deals with One Asset,,2017-10-16T08:15Z,Statistics and analysis,MetaTrader 5,[],,,ok,,2d807743b0b8c118f1a004adc1272feb1ecb4ed3a36f59144f42dcd08712789d,md/3650.md,42019,10504
3686,https://www.mql5.com/en/articles/3686,A New Approach to Interpreting Classic and Hidden Divergence,,2017-11-10T13:20Z,Trading systems,MetaTrader 5,[],,,ok,,712d29c84f45d22c2b1fc114375ec9196958b1ab22218aabc663c12a9a58a77b,md/3686.md,37656,9414
3690,https://www.mql5.com/en/articles/3690,The NRTR indicator and trading modules based on NRTR for the MQL5 Wizard,,2017-12-28T06:22Z,Trading systems,MetaTrader 5,[],,,ok,,1d2ee27871d2082864e97f10536b1e2acd810f91be33c956fe8b0ca8f3c3ac8c,md/3690.md,41741,10435
3708,https://www.mql5.com/en/articles/3708,Developing stock indicators featuring volume control through the example of the delta indicator,,2018-09-20T13:51Z,Examples,MetaTrader 5,[],,,ok,,1c3fe7a2e03183b81e7ebd435f83811a6743005ba1bca7c3baa30995956cbf9e,md/3708.md,49902,12475
3791,https://www.mql5.com/en/articles/3791,Comparing different types of moving averages in trading,,2017-12-05T16:56Z,Indicators,MetaTrader 5,[],,,ok,,426e1549716b095dc50d9b69c1ec29ff2fc1fba9dbf5eb6cc1f1ca6170285e21,md/3791.md,48227,12056
3795,https://www.mql5.com/en/articles/3795,Fuzzy Logic in trading strategies,,2017-11-15T08:44Z,Examples,MetaTrader 5,[],,,ok,,9fc04983f90392166025f0176254246f53ae6b56f3c75f884b00ea08b649ff1b,md/3795.md,36745,9186
3818,https://www.mql5.com/en/articles/3818,Testing patterns that arise when trading currency pair baskets. Part II,,2017-12-27T10:20Z,Trading,MetaTrader 5,[],,,ok,,d35acbfd2891fc50f322989e9cefd607621ffcf2ab03163065eb238e7be266ae,md/3818.md,39398,9849
3856,https://www.mql5.com/en/articles/3856,Random Decision Forest in Reinforcement learning,,2018-07-06T16:12Z,Examples,MetaTrader 5,[],,,ok,,fae7f6e6f9cee1a82f1630e488c950231b3a485e5f35bf1d8bffe7f1f32e3e7b,md/3856.md,36662,9165
3886,https://www.mql5.com/en/articles/3886,Using the Kalman Filter for price direction prediction,,2017-12-13T08:19Z,Trading systems,MetaTrader 5,[],,,ok,,8fc990986dafad22ae72a2d886c0d598424cca1ca59c88585aedc288877e9917,md/3886.md,36101,9025
3965,https://www.mql5.com/en/articles/3965,Mini Market Emulator or Manual Strategy Tester,,2017-11-28T11:58Z,Tester,MetaTrader 5,[],,,ok,,2568bd144b677f81e664d93569f64df221d98a2080ca5be415b49e4389a46535,md/3965.md,48957,12239
3968,https://www.mql5.com/en/articles/3968,Resolving entries into indicators,,2017-12-13T11:14Z,Tester,MetaTrader 5,[],,,ok,,8000ac442dc21ca640f36fa5406d16427b181ae073c7e88ec9a4675863b759e6,md/3968.md,94852,23713
3973,https://www.mql5.com/en/articles/3973,Risk Evaluation in the Sequence of Deals with One Asset. Continued,,2018-01-24T14:56Z,Statistics and analysis,MetaTrader 5,[],,,ok,,fcb5874650b42d0859781237a052ee20ea563ec40c4e800064089fc9bbaee957,md/3973.md,42838,10709
4102,https://www.mql5.com/en/articles/4102,Night trading during the Asian session: How to stay profitable,,2018-01-15T14:02Z,Trading,MetaTrader 5,[],,,ok,,5a82c20171441b54272905ad59080981e732353823c21e2436fb3e5f0d0219f7,md/4102.md,39703,9925
4147,https://www.mql5.com/en/articles/4147,Trading DiNapoli levels,,2017-12-22T09:11Z,Examples,MetaTrader 5,[],,,ok,,4535c8cff4aa2984c51199858e8341718bbd944b5c49975693b0b636a8cd59da,md/4147.md,47172,11793
4149,https://www.mql5.com/en/articles/4149,Creating a custom news feed for MetaTrader 5,,2017-12-29T14:05Z,Examples,MetaTrader 5,[],,,ok,,8e36fc9ea03b7f08f034f59b088e34b7bcf7ea6178d9149fae94b57a99016a72,md/4149.md,84428,21107
4150,https://www.mql5.com/en/articles/4150,Controlled optimization: Simulated annealing,,2018-03-19T12:41Z,Tester,MetaTrader 5,[],,,ok,,bb1b0eb240c5734c157c21e170a8ff065c71b88da511e86c19f444da394c402e,md/4150.md,78884,19721
4162,https://www.mql5.com/en/articles/4162,Money Management by Vince. Implementation as a module for MQL5 Wizard,,2018-04-03T10:24Z,Trading systems,MetaTrader 5,[],,,ok,,2ba9330562c65d4e3f089631a70c6a5f3577d1231235ac5b46f4e4262e35b92f,md/4162.md,47393,11848
4191,https://www.mql5.com/en/articles/4191,Social Trading. Can a profitable signal be made even better?,,2018-07-27T10:21Z,Statistics and analysis,MetaTrader 5,[],,,ok,,b9b95b579debccc286568a5d62cf5351bbf95c643d6655ae105650e2b6a1a571,md/4191.md,24937,6234
4192,https://www.mql5.com/en/articles/4192,Creating a new trading strategy using a technology of resolving entries into indicators,,2017-12-19T13:10Z,Trading systems,MetaTrader 5,[],,,ok,,1e9b1040092067df4d7cf9f98db52f731b55753f118cd7a8ee8d6fed9b60629a,md/4192.md,56077,14019
4197,https://www.mql5.com/en/articles/4197,Testing patterns that arise when trading currency pair baskets. Part III,,2018-02-13T14:12Z,Trading,MetaTrader 5,[],,,ok,,4d376465419385a9cc921a6e4abf9aea657c49c7da1c8dc35db7aa72c96620bd,md/4197.md,22462,5615
4222,https://www.mql5.com/en/articles/4222,Movement continuation model - searching on the chart and execution statistics,,2018-11-30T12:45Z,Examples,MetaTrader 5,[],,,ok,,01fcc1d7f1bb7a594d3533ab817ddf8914d2b1d6f08d2ef5b8ab13f585ce9a21,md/4222.md,88568,22142
4225,https://www.mql5.com/en/articles/4225,Deep Neural Networks (Part V). Bayesian optimization of DNN hyperparameters,,2018-05-08T09:36Z,Examples,MetaTrader 5,[],,,ok,,617060373e8bb62e196ea02e64c4671d7309842e66779c9407dad7d610dd6572,md/4225.md,61953,15488
4226,https://www.mql5.com/en/articles/4226,Custom Strategy Tester based on fast mathematical calculations,,2018-02-27T12:31Z,Examples,MetaTrader 5,[],,,ok,,e90b2bf77bc2112bed42591266e79251442c083e34fab5ed7f9e61674d6e95eb,md/4226.md,107550,26887
4227,https://www.mql5.com/en/articles/4227,Deep Neural Networks (Part VI). Ensemble of neural network classifiers: bagging,,2018-07-31T13:53Z,Trading,MetaTrader 5,[],,,ok,,24b39eeaad1d73511206c188dd215158f806bc731fdc6dbbc110c4fe6fbe8046,md/4227.md,58815,14703
4228,https://www.mql5.com/en/articles/4228,Deep Neural Networks (Part VII). Ensemble of neural networks: stacking,,2018-08-28T13:16Z,Trading,MetaTrader 5,[],,,ok,,f9477abe6f4d4d566886d60a29e09cebe32725ffb680c4b1d17d9110064051d4,md/4228.md,63270,15817
4233,https://www.mql5.com/en/articles/4233,How to reduce trader's risks,,2018-01-31T14:06Z,Trading,MetaTrader 5,[],,,ok,,674517d57d49ee330bc2727f4a193ea72260c500d87d889140273ef4c2d98c0f,md/4233.md,116896,29224
4234,https://www.mql5.com/en/articles/4234,"How to make $1,000,000 off algorithmic trading? Use MQL5.com services!",,2021-01-21T14:16Z,Examples,MetaTrader 5,[],,,ok,,2d2e3233d4bc32bb4e898f491cfb06a3d723621f63e9d4b98badcbc2893dc315,md/4234.md,14578,3644
4236,https://www.mql5.com/en/articles/4236,Using OpenCL to test candlestick patterns,,2019-01-18T13:21Z,Examples,MetaTrader 5,[],,,ok,,8847d709f9ebefadd3cea3b33aca2f9180d16631e16a937fea7aa63444eea220,md/4236.md,110726,27681
4267,https://www.mql5.com/en/articles/4267,The Channel Breakout pattern,,2018-02-09T10:43Z,Examples,MetaTrader 5,[],,,ok,,84a694a88553f047ab000d9a5341ad2b1b6a8303d85053297e26dddc31cded77,md/4267.md,43343,10835
4304,https://www.mql5.com/en/articles/4304,How to create Requirements Specification for ordering an indicator,,2018-04-06T15:49Z,Examples,MetaTrader 5,[],,,ok,,23e180ecdc138e249ca42698ab6daeb7e1bb44bd397698cdcb5ac25f0ae33705,md/4304.md,37465,9366
4318,https://www.mql5.com/en/articles/4318,LifeHack for traders: Fast food made of indicators,,2018-03-09T14:45Z,Integration,MetaTrader 5,[],,,ok,,88a0ff40d8e1c1d6e1f0f45c0cde7776270cf47cbeefdac0382205f40decc097,md/4318.md,57155,14288
4332,https://www.mql5.com/en/articles/4332,LifeHack for traders: Blending ForEach with defines (#define),,2018-03-26T09:54Z,Examples,MetaTrader 5,[],,,ok,,d4dcc1efe59ae04bd87f3413b9d57b3a051512b3ad203b697adf0e91d3cb6d02,md/4332.md,62397,15599
4347,https://www.mql5.com/en/articles/4347,Applying the Monte Carlo method for optimizing trading strategies,,2018-08-07T16:34Z,Tester,MetaTrader 5,[],,,ok,,272a469ac76256952faab985d677f520a9a13fdff412782e7f991ef843890312,md/4347.md,33462,8365
4368,https://www.mql5.com/en/articles/4368,How to create Requirements Specification for ordering a trading robot,,2018-08-20T16:16Z,Examples,MetaTrader 5,[],,,ok,,275b33a6e7d5b321f68e2a591a5b91ff11040f00c7738c47d4bb56b801216ce1,md/4368.md,44420,11105
4388,https://www.mql5.com/en/articles/4388,Comparing speeds of self-caching indicators,,2018-05-04T13:56Z,Integration,MetaTrader 5,[],,,ok,,b38b4cf7aa568a3571ba4a2aa322c7726a60238f779ea6154c69f31c3cf2a91e,md/4388.md,55027,13756
4395,https://www.mql5.com/en/articles/4395,Visualizing trading strategy optimization in MetaTrader 5,,2018-04-20T17:20Z,Tester,MetaTrader 5,[],,,ok,,2ef546fa95a5eab97a044d7e8e3439900a98ad454d80b5dc8bb4f1d0ee7dba23,md/4395.md,62229,15557
4430,https://www.mql5.com/en/articles/4430,Multi-symbol balance graph in MetaTrader 5,,2018-05-24T13:29Z,Examples,MetaTrader 5,[],,,ok,,24d1a71dd006b4ddc41c03b78613e28b72eec6bb4aae3d0fe1fb249396b5b62a,md/4430.md,70895,17723
4465,https://www.mql5.com/en/articles/4465,Synchronizing several same-symbol charts on different timeframes,,2018-06-06T13:30Z,Examples,MetaTrader 5,[],,,ok,,dc60da7251d3880fd3cb96673b73155d662caf34e8cc020d7816d48f128443e2,md/4465.md,28260,7065
4502,https://www.mql5.com/en/articles/4502,Developing the oscillator-based ZigZag indicator. Example of executing a requirements specification,,2018-07-18T12:18Z,Examples,MetaTrader 5,[],,,ok,,fc84959e75b242abdf8e0a0185ee73b61f419ac4753677635c7cd4b2a5a456ad,md/4502.md,46205,11551
4503,https://www.mql5.com/en/articles/4503,How to create a graphical panel of any complexity level,,2018-04-26T09:37Z,Examples,MetaTrader 5,[],,,ok,,2452010a58ece34346830c59f72073595c987332bdffd7912a03dba01dcaf16d,md/4503.md,73663,18415
4534,https://www.mql5.com/en/articles/4534,Comparative analysis of 10 flat trading strategies,,2018-08-14T15:09Z,Trading systems,MetaTrader 5,[],,,ok,,9af4932a66aa6c7c0e62d6516f21ab54b26d12cda38e3361c7df500e55c7ac9e,md/4534.md,61547,15386
4543,https://www.mql5.com/en/articles/4543,Testing currency pair patterns: Practical application and real trading perspectives. Part IV,,2018-08-29T14:54Z,Trading,MetaTrader 5,[],,,ok,,1ce4cd97e44a16c23b56af363d8eec0d0b826a85b26504f12c002bb684aca3cc,md/4543.md,49752,12438
4562,https://www.mql5.com/en/articles/4562,Processing optimization results using the graphical interface,,2018-07-12T12:03Z,Tester,MetaTrader 5,[],,,ok,,b3bb42c7a009628a6edd8f4578934a8c4a36d4352c033f706333475387ef018c,md/4562.md,49739,12434
4566,https://www.mql5.com/en/articles/4566,Modeling time series using custom symbols according to specified distribution laws,,2018-10-30T11:49Z,Tester,MetaTrader 5,[],,,ok,,6966f5d454c73e2d40427d87ee7c38b6ea88bf54ccdffaf23d806edb0c6305e5,md/4566.md,102796,25699
4575,https://www.mql5.com/en/articles/4575,"Improving Panels: Adding transparency, changing background color and inheriting from CAppDialog/CWndClient",,2018-07-27T16:50Z,Examples,MetaTrader 5,[],,,ok,,9966dbfd65576068fb4c81a3c802e4cf0e2db87359766857180a416ae8b88ec9,md/4575.md,66038,16509
4602,https://www.mql5.com/en/articles/4602,Implementing indicator calculations into an Expert Advisor code,,2018-08-16T10:32Z,Examples,MetaTrader 5,[],,,ok,,3ed448a9c23edd50c42cc1d9d3c2dd8714020591a3d4a6497d0786e52bafc9f4,md/4602.md,39523,9880
4636,https://www.mql5.com/en/articles/4636,Visualizing optimization results using a selected criterion,,2018-08-31T16:38Z,Examples,MetaTrader 5,[],,,ok,,9a33c9da8601f257032c139c2a54bdebc10253aa26befb9f1ad6d067035b78c5,md/4636.md,44890,11222
4715,https://www.mql5.com/en/articles/4715,Expert Advisor featuring GUI: Creating the panel (part I),,2018-07-31T12:37Z,Examples,MetaTrader 5,[],,,ok,,be2e76ae5aa3723fe1e937f86ea63596d08bf34218dd135c72890ac343ff0bf3,md/4715.md,48774,12193
4722,https://www.mql5.com/en/articles/4722,Deep Neural Networks (Part VIII). Increasing the classification quality of bagging ensembles,,2018-09-28T14:33Z,Trading,MetaTrader 5,[],,,ok,,d1be59012fd2fc70dcdad99ce69e2881d243cfd7f93b21f6bf85234940ccefb0,md/4722.md,114319,28579
4727,https://www.mql5.com/en/articles/4727,Expert Advisor featuring GUI: Adding functionality (part II),,2018-09-13T14:02Z,Examples,MetaTrader 5,[],,,ok,,0e2b467cb695da9081766e3c0671c6d2131f27a541f67983993636c7f0fe862b,md/4727.md,76322,19080
4751,https://www.mql5.com/en/articles/4751,How to analyze the trades of the Signal selected in the chart,,2018-07-30T10:07Z,Examples,MetaTrader 5,[],,,ok,,e06bfb174941ee4ea03399c96ec0468057da7d727437bd7144db25f2e1fe0e38,md/4751.md,49555,12388
4777,https://www.mql5.com/en/articles/4777,Applying Monte Carlo method in reinforcement learning,,2019-02-26T15:52Z,Trading systems,MetaTrader 5,[],,,ok,,bf750edca9ef7a605d2acca1fb6cf577811a44d875291113aab8d700052075c3,md/4777.md,43388,10847
4803,https://www.mql5.com/en/articles/4803,Custom presentation of trading history and creation of report diagrams,,2018-09-19T11:13Z,Examples,MetaTrader 5,[],,,ok,,5f98d010be9f089af8f84bd60036d3422f73332cee52da465ab92d85c3ff92fe,md/4803.md,89478,22369
4820,https://www.mql5.com/en/articles/4820,PairPlot graph based on CGraphic for analyzing correlations between data arrays (time series),,2018-09-25T14:46Z,Examples,MetaTrader 5,[],,,ok,,157ed63a258ce4cf687e002237b27034d8b8d7da5987a6a7499e1debceabfcb4,md/4820.md,46419,11604
4828,https://www.mql5.com/en/articles/4828,Universal RSI indicator for working in two directions simultaneously,,2018-09-20T13:19Z,Examples,MetaTrader 5,[],,,ok,,23708c3d281ea934d16ebcc0ee8646f3d1318ed3514cee472fa5de747f06c0c8,md/4828.md,75061,18765
4830,https://www.mql5.com/en/articles/4830,MQL5 Cookbook: Getting properties of an open hedge position,,2018-10-08T17:14Z,Examples,MetaTrader 5,[],,,ok,,18cb6e84fc3f115e22b61d23becb0e9572fbe75bfb29a07b95915a8bbeaae8e7,md/4830.md,52608,13152
4907,https://www.mql5.com/en/articles/4907,Horizontal diagrams on MеtaTrader 5 charts,,2019-02-25T08:46Z,Examples,MetaTrader 5,[],,,ok,,e85b1f0ca22de54cb8909f3caa59da91257654cfcfa80743bcd012eb5ddbbacb,md/4907.md,43897,10974
4917,https://www.mql5.com/en/articles/4917,Automated Optimization of an EA for MetaTrader 5,BPASoftware Thai Co. Ltd,2018-10-05T09:31Z,Tester,MetaTrader 5,[],,,ok,,41ed3b9b0d89abb0057b58892ee5f5a90729fe94c20221d436e5eb745ef2afd9,md/4917.md,38108,9527
4951,https://www.mql5.com/en/articles/4951,Visual strategy builder. Creating trading robots without programming,Andrey Barinov,2018-07-24T14:33Z,Tester,MetaTrader 5,[],,,ok,,23fe76d2c4bec3808b6162eadd07179887cbc9062ce3e373a58fe4210cb050b7,md/4951.md,43473,10868
5008,https://www.mql5.com/en/articles/5008,Reversing: The holy grail or a dangerous delusion?,,2018-10-19T13:54Z,Trading systems,MetaTrader 5,[],,,ok,,936c31ada73f2a5b63bb58ef6c757b80ebf617496826d8190cbffe4225976a07,md/5008.md,40476,10119
5014,https://www.mql5.com/en/articles/5014,Elder-Ray (Bulls Power and Bears Power),,2018-10-04T12:10Z,Examples,MetaTrader 5,[],,,ok,,1dd8a77eb0fb0a41b11fa45625a8d4c87ad23f373171f5575ad75957af8d4b44,md/5014.md,89873,22468
5022,https://www.mql5.com/en/articles/5022,Combining trend and flat strategies,,2018-09-28T15:25Z,Trading systems,MetaTrader 5,[],,,ok,,18b042d49364c6f69d736c99bb715ca65b7092e13f5adc0e379d776b86d361e0,md/5022.md,33149,8287
5061,https://www.mql5.com/en/articles/5061,Using indicators for optimizing Expert Advisors in real time,,2018-10-18T14:45Z,Tester,MetaTrader 5,[],,,ok,,a4a3eb91b4ceb9e0be87973b99ab43d765689e193073d8157c3b972c969b4218,md/5061.md,54033,13508
5111,https://www.mql5.com/en/articles/5111,Reversing: Reducing maximum drawdown and testing other markets,,2018-12-20T16:20Z,Trading systems,MetaTrader 5,[],,,ok,,0b0d405f2ff86320051af526d29dfc7c013162918914f5adaa65bd75d4a894f6,md/5111.md,74582,18645
5166,https://www.mql5.com/en/articles/5166,EA remote control methods,,2018-11-22T13:17Z,Examples,MetaTrader 5,[],,,ok,,77eb566cf527bebc6eb2fa8dacbf68064ddec449d731f77d025b2974507b1640,md/5166.md,33416,8354
5178,https://www.mql5.com/en/articles/5178,Trading account monitoring is an indispensable trader's tool,,2018-09-14T10:51Z,Trading,MetaTrader 5,[],,,ok,,faabacad78729844ed2be5a0122a10d82b36780d9726520104e94834aa04a177,md/5178.md,6269,1567
5194,https://www.mql5.com/en/articles/5194,"14,000 trading robots in the MetaTrader Market",,2018-09-19T09:49Z,Trading,MetaTrader 5,[],,,ok,,34d88cab131a22f03e11735ae56c2090923620fbab43cd9bcc684c723b7fbb1d,md/5194.md,6491,1622
5204,https://www.mql5.com/en/articles/5204,Scraping bond yield data from the web,Steven Brown,2019-04-11T12:48Z,Indicators,MetaTrader 5,[],,,ok,,e263571132467df6d6b8c36e037ffbe2d3af0d3cc1d391d37a927211f805962b,md/5204.md,41653,10413
5206,https://www.mql5.com/en/articles/5206,Using limit orders instead of Take Profit without changing the EA's original code,,2018-12-07T08:58Z,Examples,MetaTrader 5,[],,,ok,,a5dcfab9b030218df244fcc8c2165340bfcfd3a93a5d5a8fb83f8681dab67d1e,md/5206.md,46304,11576
5211,https://www.mql5.com/en/articles/5211,950 websites broadcast the Economic Calendar from MetaQuotes,,2018-09-24T11:41Z,Trading,MetaTrader 5,[],,,ok,,636a5778296540df3e340483ff60d9a0092826cd70829da9f030458ada5a43c4,md/5211.md,6156,1539
5214,https://www.mql5.com/en/articles/5214,100 best optimization passes (part 1). Developing optimization analyzer,,2018-11-07T14:22Z,Tester,MetaTrader 5,[],100 best optimization passes (). Developing optimization analyzer,1,ok,,e9500b145685db0ea995d9ae6b2992e82adb618e6b282e05ff4322ddf78c795c,md/5214.md,119483,29870
5220,https://www.mql5.com/en/articles/5220,Gap - a profitable strategy or 50/50?,,2018-12-10T14:44Z,Trading,MetaTrader 5,[],,,ok,,2ffbea81ad704cda4b0517a29f8fe50ae46236f275752d89c3350d7763d6350e,md/5220.md,32856,8214
5226,https://www.mql5.com/en/articles/5226,"50,000 completed orders in the MQL5.com Freelance service",,2018-10-02T11:13Z,Trading systems,MetaTrader 5,[],,,ok,,bc607bd836d9dfbf07ddfa659fa3e60d2d0df648b8b99521919adb45803aad84,md/5226.md,5987,1496
5268,https://www.mql5.com/en/articles/5268,Reversing: Formalizing the entry point and developing a manual trading algorithm,,2019-01-08T14:55Z,Trading,MetaTrader 5,[],,,ok,,e5878af3861c060f886c90192ffa19e69fae3a36d6847ed78d47107aabef2294,md/5268.md,51421,12855
5269,https://www.mql5.com/en/articles/5269,Martingale as the basis for a long-term trading strategy,,2019-02-25T12:49Z,Trading,MetaTrader 5,[],,,ok,,5f0260e950e1567dc2b45b5bc0963e2d254e3585bbdb58010d8143908c3b299f,md/5269.md,29865,7466
5303,https://www.mql5.com/en/articles/5303,How to create and test custom MOEX symbols in MetaTrader 5,,2019-02-04T12:05Z,Integration,MetaTrader 5,[],,,ok,,949d1af8459e6b10449ff26704cf931631e1aa07f93dbfa2bbf2ead3edcb64af,md/5303.md,39432,9858
5319,https://www.mql5.com/en/articles/5319,Reversal patterns: Testing the Double top/bottom pattern,,2018-12-12T14:59Z,Examples,MetaTrader 5,[],,,ok,,143f03524703c3a228858d4133e935fa181b393d9bd5654edab4d5c8e4f576f9,md/5319.md,42911,10727
5337,https://www.mql5.com/en/articles/5337,DIY multi-threaded asynchronous MQL5 WebRequest,,2019-01-08T15:56Z,Expert Advisors,MetaTrader 5,[],,,ok,,36650daa746a573e2f7c11547634c66043c8d9e2719be510e36c2ac41b2875fa,md/5337.md,75709,18927
5348,https://www.mql5.com/en/articles/5348,Developing the symbol selection and navigation utility in MQL5 and MQL4,,2019-01-24T09:27Z,Statistics and analysis,MetaTrader 5,[],,,ok,,9ca394b190f89e065316c2deaa302606809c254ae5cad56efff0fe48ad97b878,md/5348.md,54255,13563
5358,https://www.mql5.com/en/articles/5358,Reversal patterns: Testing the Head and Shoulders pattern,,2018-12-20T15:04Z,Examples,MetaTrader 5,[],,,ok,,b11d131f76307a5e2425688f14bc5258f0c0afd3b84583b44de05a2e881358b3,md/5358.md,37316,9329
5373,https://www.mql5.com/en/articles/5373,Applying the probability theory to trading gaps,,2019-01-30T12:20Z,Statistics and analysis,MetaTrader 5,[],,,ok,,6e3e6172635d1c957ee1d7ddfeb12866e8e119c6b1cdaa9dcb685b1444173c7b,md/5373.md,57253,14313
5417,https://www.mql5.com/en/articles/5417,"Selection and navigation utility in MQL5 and MQL4: Adding ""homework"" tabs and saving graphical objects",,2019-02-05T10:54Z,Statistics and analysis,MetaTrader 5,[],,,ok,,15320036afda68306e1aa356089e7f266235a6be311f557c5bee601970dd7e2b,md/5417.md,58873,14718
5427,https://www.mql5.com/en/articles/5427,Separate optimization of a strategy on trend and flat conditions,,2019-02-08T10:01Z,Tester,MetaTrader 5,[],,,ok,,fe269e326e3d7148e24987168e8ed15354d4b9a7886320a2b8c2a003c43e0571,md/5427.md,43010,10752
5436,https://www.mql5.com/en/articles/5436,Analyzing trading results using HTML reports,,2019-02-19T09:02Z,Statistics and analysis,MetaTrader 5,[],,,ok,,16d0cd46a1ddc2506bbffd1c09f1842b6ca1323e6366e2e6dadc4dc1de6d020e,md/5436.md,55812,13953
5437,https://www.mql5.com/en/articles/5437,Color optimization of trading strategies,,2019-04-02T12:05Z,Tester,MetaTrader 5,[],,,ok,,2820189d42033e777b7c6ebbdcf70c86f352e2c0c21c8358e7c87283d68edc78,md/5437.md,47929,11982
5451,https://www.mql5.com/en/articles/5451,"Econometric approach to finding market patterns: Autocorrelation, Heat Maps and Scatter Plots",,2020-04-02T10:15Z,Trading systems,MetaTrader 5,[],,,ok,,e98207dbfe2243ffd73ff02e0ed52692dd6333171c5a9de98961d135803ec1a3,md/5451.md,32774,8193
5472,https://www.mql5.com/en/articles/5472,Practical Use of Kohonen Neural Networks in Algorithmic Trading. Part I. Tools,,2019-02-15T12:29Z,Expert Advisors,MetaTrader 5,[],,,ok,,cda812b48613147b562a24a28416b6903e20a5d18105aed2aee208814ab83107,md/5472.md,74034,18508
5473,https://www.mql5.com/en/articles/5473,Practical Use of Kohonen Neural Networks in Algorithmic Trading. Part II. Optimizing and forecasting,,2019-02-25T14:24Z,Tester,MetaTrader 5,[],,,ok,,a117c2bd2f6e749407b2f57885ac4b1a5119f537ef51375191e48c7674ae9331,md/5473.md,90869,22717
5481,https://www.mql5.com/en/articles/5481,Practical application of correlations in trading,,2019-03-06T08:24Z,Statistics and analysis,MetaTrader 5,[],,,ok,,f5c2fd1fa0dcd942b41faabfa865d88dbedd3104012922d50d9f6eebb322f51d,md/5481.md,40369,10092
5486,https://www.mql5.com/en/articles/5486,Programming a Deep Neural Network from Scratch using MQL Language,Anddy Cabrera,2021-10-20T10:33Z,Examples,MetaTrader 5,[],,,ok,,8d86d8f0b848f6c8003c8e296e9bd3d8dbf664ffbf2dbccf5b4c59496a979675,md/5486.md,26950,6737
5517,https://www.mql5.com/en/articles/5517,Selection and navigation utility in MQL5 and MQL4: Adding auto search for patterns and displaying detected symbols,,2019-02-18T13:57Z,Statistics and analysis,MetaTrader 5,[],,,ok,,183d80a00ea15a5415dd06cb8da02a5cec49933faab0a40926f9ebe6639249e0,md/5517.md,51222,12805
5543,https://www.mql5.com/en/articles/5543,The power of ZigZag (part I). Developing the base class of the indicator,,2019-03-07T09:15Z,Examples,MetaTrader 5,[],,,ok,,d5801bd6bbeb15096f9f892d63976064a0b63c47c70ac43ec98f8bc2bfdf1242,md/5543.md,83207,20801
5544,https://www.mql5.com/en/articles/5544,"The power of ZigZag (part II). Examples of receiving, processing and displaying data",,2019-03-19T13:24Z,Examples,MetaTrader 5,[],,,ok,,67c2863994eee2db9d74ebb9b29b3a0c73e3847456351d7fa08395f5799ebe6a,md/5544.md,75119,18779
5563,https://www.mql5.com/en/articles/5563,Developing graphical interfaces for Expert Advisors and indicators based on .Net Framework and C#,,2019-04-05T14:31Z,Examples,MetaTrader 5,[],,,ok,,a24b18a5d84639c6edf073874af0aae84e5ff4efe9c7a1596856391f76c9cab5,md/5563.md,64014,16003
5572,https://www.mql5.com/en/articles/5572,Using MATLAB 2018 computational capabilities in MetaTrader 5,,2019-05-10T10:04Z,Examples,MetaTrader 5,[],,,ok,,e83dd4dbe111af4813e4f8945816efb9217aadebe9cdfbe5ed41aae63de3084b,md/5572.md,40183,10045
5576,https://www.mql5.com/en/articles/5576,Studying candlestick analysis techniques (part I): Checking existing patterns,,2019-03-13T15:45Z,Tester,MetaTrader 5,[],,,ok,,30f96d4b777b7fd4d3962ad0121c6780f5f4dc550bcf3c42539c66d3c2abbb8e,md/5576.md,39823,9955
5596,https://www.mql5.com/en/articles/5596,Developing a cross-platform grider EA,,2019-05-13T12:19Z,Trading systems,MetaTrader 5,[],,,ok,,b75c0b94418cd905ab901f563d6d05d1025f8eeef81b55e9868ce0085ac4b158,md/5596.md,60746,15186
5614,https://www.mql5.com/en/articles/5614,Selection and navigation utility in MQL5 and MQL4: Adding data to charts,,2019-05-28T17:15Z,Statistics and analysis,MetaTrader 5,[],,,ok,,4d3f3f63615a626924f88248a5b48af2127b48df2185d6aa0941244abe954908,md/5614.md,45443,11360
5630,https://www.mql5.com/en/articles/5630,Studying candlestick analysis techniques (Part II): Auto search for new patterns,,2019-03-27T13:07Z,Tester,MetaTrader 5,[],,,ok,,e7e3790305ec10220f2ab0e0c16c286c6431f7d8b62eb550b9f0eaff7ec318e7,md/5630.md,51719,12929
5638,https://www.mql5.com/en/articles/5638,MQL Parsing by Means of MQL,,2019-03-27T09:32Z,Integration,MetaTrader 5,[],,,ok,,496e299ed473b8b3d5ac94791be2fa8693998fc70cf2fba2ea003c047cfcb6db,md/5638.md,124124,31031
5654,https://www.mql5.com/en/articles/5654,"Library for easy and quick development of MetaTrader programs (part I). Concept, data management and first results",,2019-04-15T14:10Z,Examples,MetaTrader 5,[],,,ok,,30249c492a094df6c02ec063736b422adf1b88fcd85bfc9057779c2343074aa0,md/5654.md,163061,40765
5669,https://www.mql5.com/en/articles/5669,Library for easy and quick development of MetaTrader programs (part II). Collection of historical orders and deals,,2019-04-22T16:44Z,Examples,MetaTrader 5,[],,,ok,,7a680488c4453df629eccae6b5c068a215076c390f3252a47a77a825f8990c54,md/5669.md,97535,24383
5687,https://www.mql5.com/en/articles/5687,"Library for easy and quick development of MetaTrader programs (part III). Collection of market orders and positions, search and sorting",,2019-05-08T12:28Z,Examples,MetaTrader 5,[],,,ok,,85d97629fd3c362d8b47f2b572f5349445567f206fd80fa7c38d687ab57d1258,md/5687.md,139677,34919
5691,https://www.mql5.com/en/articles/5691,MetaTrader 5 and Python integration: receiving and sending data,,2019-03-28T11:25Z,Trading,MetaTrader 5,[],,,ok,,6e7aeb279ae26a3da34df509b355522a4bf0ba84ffb4fe08d403a36bf528b0e9,md/5691.md,21499,5374
5703,https://www.mql5.com/en/articles/5703,A New Approach to Interpreting Classic and Hidden Divergence. Part II,,2019-10-16T09:05Z,Trading systems,MetaTrader 5,[],,,ok,,fc87f4b859ae787fa5229a3273afc98a35be9b5fd35885cf27977dcaad0c9c36,md/5703.md,83056,20764
5706,https://www.mql5.com/en/articles/5706,Extracting structured data from HTML pages using CSS selectors,,2019-05-06T10:11Z,Integration,MetaTrader 5,[],,,ok,,d64cafff42b86490e901a8913c45a7a90340bedf5459a88088e1610eaa608b09,md/5706.md,83340,20835
5724,https://www.mql5.com/en/articles/5724,Library for easy and quick development of MetaTrader programs (part IV): Trading events,,2019-05-23T12:03Z,Examples,MetaTrader 5,[],,,ok,,934c197ca2b7a151bf352c2b60d3a931656b6e949555f8820642f0a98d2d79c7,md/5724.md,185987,46496
5751,https://www.mql5.com/en/articles/5751,Studying candlestick analysis techniques (part III): Library for pattern operations,,2019-04-22T11:35Z,Indicators,MetaTrader 5,[],,,ok,,3026f7fac4f0f0319d00d974c3d3fc7a84e06d3fe1595389b89137864d1ab7be,md/5751.md,88052,22013
5798,https://www.mql5.com/en/articles/5798,A DLL for MQL5 in 10 Minutes (Part II): Creating with Visual Studio 2017,,2019-05-13T11:39Z,Trading systems,MetaTrader 5,[],,,ok,,a4e619b40421fe11b45b310c853764b0e072752c820e147b2cd570a7fe106ded,md/5798.md,32470,8117
5913,https://www.mql5.com/en/articles/5913,How to visualize multicurrency trading history based on HTML and CSV reports,,2019-05-22T09:24Z,Indicators,MetaTrader 5,[],,,ok,,31acc0031b222c54f00a63e16111f24acacde1c6ca151d1a2906647d2b75a966,md/5913.md,55069,13767
6211,https://www.mql5.com/en/articles/6211,"Library for easy and quick development of MetaTrader programs (part V): Classes and collection of trading events, sending events to the program",,2019-06-07T14:04Z,Examples,MetaTrader 5,[],,,ok,,be247d8668ec409ac5181cf0ff96e750453e07d9ad46b1185a3b64a0978c283b,md/6211.md,362872,90718
6301,https://www.mql5.com/en/articles/6301,Studying candlestick analysis techniques (part IV): Updates and additions to Pattern Analyzer,,2019-05-15T16:09Z,Trading systems,MetaTrader 5,[],,,ok,,3b16a7ffddef7db67d6c87c431dda4a7a1c5465a168206eaa0689f8e78ca7960,md/6301.md,60165,15041
6351,https://www.mql5.com/en/articles/6351,"Grokking market ""memory"" through differentiation and entropy analysis",,2019-07-17T14:48Z,Trading,MetaTrader 5,[],,,ok,,5d4eaff0b16e545571053ed65baf58221a87c89ed8ed6ebfabe016dc370604a2,md/6351.md,42550,10637
6383,https://www.mql5.com/en/articles/6383,Library for easy and quick development of MetaTrader programs (part VI): Netting account events,,2019-07-03T16:09Z,Examples,MetaTrader 5,[],,,ok,,72322cdd41774b677324af7e27e781c0197e8961ae7458cb42f685f61314cf36,md/6383.md,337670,84417
6482,https://www.mql5.com/en/articles/6482,"Library for easy and quick development of MetaTrader programs (part VII): StopLimit order activation events, preparing the functionality for order and position modification events",,2019-07-11T08:52Z,Examples,MetaTrader 5,[],,,ok,,497af093620d87fe39a1affbbc50eb5138076505d92279c25399fa7028298c1f,md/6482.md,133612,33403
6549,https://www.mql5.com/en/articles/6549,Developing graphical interfaces based on .Net Framework and C# (part 2): Additional graphical elements,,2019-06-25T13:08Z,Examples,MetaTrader 5,[],Developing graphical interfaces based on .Net Framework and C# (): Additional graphical elements,2,ok,,026d6e2f4740ff51e578bc8ce5e9e1dff170266cb7acb0672a4e3d663f97e638,md/6549.md,53971,13492
6595,https://www.mql5.com/en/articles/6595,Library for easy and quick development of MetaTrader programs (part VIII): Order and position modification events,,2019-07-23T13:23Z,Examples,MetaTrader 5,[],,,ok,,fb439f3814a32066f0422fa7a2b166016dbbbc3cbb4791b2cdece52b986c6068,md/6595.md,228371,57092
6602,https://www.mql5.com/en/articles/6602,Applying OLAP in trading (part 1): Online analysis of multidimensional data,,2019-06-25T15:33Z,Trading,MetaTrader 5,[],Applying OLAP in trading (): Online analysis of multidimensional data,1,ok,,dbf6a571923fb8a604ee1f188c827636ca8942e7b7bd2c1dc18a5baee731ef7f,md/6602.md,65411,16352
6603,https://www.mql5.com/en/articles/6603,Applying OLAP in trading (part 2): Visualizing the interactive multidimensional data analysis results,,2019-07-03T14:03Z,Trading,MetaTrader 5,[],Applying OLAP in trading (): Visualizing the interactive multidimensional data analysis results,2,ok,,fed664ef4b29ad4aff70338e973d3f708f7267d2b1b1a4eea427b4312f8239e8,md/6603.md,60775,15193
6651,https://www.mql5.com/en/articles/6651,Library for easy and quick development of MetaTrader programs (part IX): Compatibility with MQL4 - Preparing data,,2019-07-30T16:18Z,Examples,MetaTrader 5,[],,,ok,,e6b4779906e059c31eaec89c841e8a467a70296a63da2bf63022fe6ba0cff269,md/6651.md,72589,18147
6767,https://www.mql5.com/en/articles/6767,Library for easy and quick development of MetaTrader programs (part X): Compatibility with MQL4 - Events of opening a position and activating pending orders,,2019-08-07T13:01Z,Examples,MetaTrader 5,[],,,ok,,6ee955ca2a2c7a1119729692be34cd7d661021c261ca3ec9ff16f50b1b81669e,md/6767.md,96144,24036
6834,https://www.mql5.com/en/articles/6834,Evaluating the ability of Fractal index and Hurst exponent to predict financial time series,,2019-07-11T10:07Z,Trading systems,MetaTrader 5,[],,,ok,,ce0f699baf30c4637b202c3ab47a9f56d5bd1a5c67b9c2236c15eb99b105c98f,md/6834.md,34254,8563
6921,https://www.mql5.com/en/articles/6921,Library for easy and quick development of MetaTrader programs (part XI). Compatibility with MQL4 - Position closure events,,2019-08-22T12:43Z,Examples,MetaTrader 5,[],,,ok,,80ad621b399f1f6493ab3e6d6e8b46c2eed9736bc80619d471088a41139db7bb,md/6921.md,117107,29276
6947,https://www.mql5.com/en/articles/6947,Price velocity measurement methods,,2019-07-16T11:51Z,Examples,MetaTrader 5,[],,,ok,,0f1b9cbbe7d94ff7db7684fc3bd1c813bce1af267e3cf037f9adf0cea94e5975,md/6947.md,38645,9661
6952,https://www.mql5.com/en/articles/6952,Library for easy and quick development of MetaTrader programs (part XII): Account object class and collection of account objects,,2019-08-27T23:03Z,Examples,MetaTrader 5,[],,,ok,,01f827fa1cdfd86f68f6cdab4b91574b93bfee9905f0e0c55541f92076b07df7,md/6952.md,175106,43776
6954,https://www.mql5.com/en/articles/6954,Developing a cross-platform grider EA (part II): Range-based grid in trend direction,,2019-07-29T12:13Z,Trading,MetaTrader 5,[],,,ok,,882a18793444ee482f71c0d2992f1a3a464ebaaaab8a057c3a5deb693655e315,md/6954.md,39874,9968
6975,https://www.mql5.com/en/articles/6975,Arranging a mailing campaign by means of Google services,,2019-08-05T10:37Z,Trading,MetaTrader 5,[],,,ok,,d77f0d95ad3b34eece39d5bea1f4e1892e02ff6d3b400c686e46f4ee1d722ec6,md/6975.md,44341,11085
6986,https://www.mql5.com/en/articles/6986,Developing a cross-platform Expert Advisor to set StopLoss and TakeProfit based on risk settings,,2019-07-31T12:54Z,Trading,MetaTrader 5,[],,,ok,,318a61af5b616094b5eff2bf3a5aee4d852e0404e1bdf72ca926ce426aa9a3fc,md/6986.md,50785,12696
6995,https://www.mql5.com/en/articles/6995,Library for easy and quick development of MetaTrader programs (part XIII): Account object events,,2019-08-30T15:23Z,Examples,MetaTrader 5,[],,,ok,,6ca4b9bd576001aec55881d20a525dde6e80278818facd2f1673e402dafa5345,md/6995.md,200688,50172
7013,https://www.mql5.com/en/articles/7013,Developing a cross-platform grider EA (part III): Correction-based grid with martingale,,2019-08-14T16:17Z,Trading systems,MetaTrader 5,[],,,ok,,23529490cbfdb3090800e92153faadc2566e536756836ea647ead120b7311638,md/7013.md,31087,7771
7014,https://www.mql5.com/en/articles/7014,Library for easy and quick development of MetaTrader programs (part XIV): Symbol object,,2019-09-20T16:36Z,Examples,MetaTrader 5,[],,,ok,,13b59e213b5c0f9e0674f538eec36767ad97fa16e222a870de869dccba2a8e96,md/7014.md,265663,66415
7022,https://www.mql5.com/en/articles/7022,Merrill patterns,,2019-10-02T13:26Z,Tester,MetaTrader 5,[],,,ok,,51e63691e54bb68b2d03754f5df064eb3045e7937a78c6fc3b34da6004d75315,md/7022.md,43337,10834
7029,https://www.mql5.com/en/articles/7029,Optimization management (Part I): Creating a GUI,,2019-08-14T16:38Z,Tester,MetaTrader 5,[],,,ok,,b13d94e6ccbc3be11e57b6254bfea74b4fca69f373c3fc85dcf548b8bc930b70,md/7029.md,114427,28606
7031,https://www.mql5.com/en/articles/7031,Practical application of neural networks in trading,,2020-09-29T15:06Z,Examples,MetaTrader 5,[],,,ok,,ffe6b4fba0deef866681343ff2542c048b6ab82a33d77f54900f33254812e3b8,md/7031.md,25989,6497
7038,https://www.mql5.com/en/articles/7038,Exploring Seasonal Patterns of Financial Time Series with Boxplot,,2020-02-03T15:35Z,Tester,MetaTrader 5,[],,,ok,,397e713b28f6e49814601379b93a353815fed45f8c4ad04bc9bddc94436ad70e,md/7038.md,31302,7825
7041,https://www.mql5.com/en/articles/7041,Library for easy and quick development of MetaTrader programs (part XV): Collection of symbol objects,,2019-10-16T17:03Z,Examples,MetaTrader 5,[],,,ok,,cfb21b975b91e21fadeb63c3d2c020dc28e938eca48e840acba0f6a80e7f000d,md/7041.md,285237,71309
7059,https://www.mql5.com/en/articles/7059,Optimization management (Part II): Creating key objects and add-on logic,,2019-09-30T15:46Z,Tester,MetaTrader 5,[],,,ok,,04d47bd016e80c69935ad99eb69090ae6c7ed9f67554254dae6ae85ad9b61e0b,md/7059.md,154589,38647
7071,https://www.mql5.com/en/articles/7071,Library for easy and quick development of MetaTrader programs (part XVI): Symbol collection events,,2019-11-01T15:30Z,Examples,MetaTrader 5,[],,,ok,,0d198a6e77342af13b7d2a624c0cfa2955c118092b6c7b99057d549742f4fa96,md/7071.md,445488,111372
7113,https://www.mql5.com/en/articles/7113,Extract profit down to the last pip,fxsaber,2019-08-05T10:44Z,Tester,MetaTrader 5,[],,,ok,,ede1ce8f9da0c8c83b75ebe7c6e21463e2854ac031aa21ddd7453bb1e9cbc0e6,md/7113.md,30021,7505
7117,https://www.mql5.com/en/articles/7117,"Applying network functions, or MySQL without DLL: Part I - Connector",,2020-04-30T15:09Z,Integration,MetaTrader 5,[],,,ok,,f592955be8b231625f66a353667c4558a94565a744d738263760f7495988f611,md/7117.md,55727,13931
7124,https://www.mql5.com/en/articles/7124,Library for easy and quick development of MetaTrader programs (part XVII): Interactivity of library objects,,2019-11-12T15:26Z,Examples,MetaTrader 5,[],,,ok,,e258d315838527c99518791f1d99fd289776b224d236b07d72178d9e8e91f3d3,md/7124.md,260914,65228
7144,https://www.mql5.com/en/articles/7144,Parsing HTML with curl,,2019-10-23T11:39Z,Trading systems,MetaTrader 5,[],,,ok,,c519aece7541c462c6a5bb98dcb60f2e3f949ac20590b7c5453fa2a026cbaaf9,md/7144.md,41867,10466
7149,https://www.mql5.com/en/articles/7149,Library for easy and quick development of MetaTrader programs (part XVIII): Interactivity of account and any other library objects,,2019-11-15T17:07Z,Examples,MetaTrader 5,[],,,ok,,0c14a1fbc6443795e1057b5094971d1a17a812ad20a618fd6a583e1c767f832e,md/7149.md,263808,65952
7166,https://www.mql5.com/en/articles/7166,MQL5 Cookbook: Trading strategy stress testing using custom symbols,,2019-10-30T09:22Z,Examples,MetaTrader 5,[],,,ok,,f165da1d681e9d4f7b99d52a7fe33bb2e6afa244f9af3b706d74c85472b081c0,md/7166.md,49322,12330
7176,https://www.mql5.com/en/articles/7176,Library for easy and quick development of MetaTrader programs (part XIX): Class of library messages,,2019-11-27T11:10Z,Examples,MetaTrader 5,[],,,ok,,f4a6caf64ecd1849dbd834d14f9325479d3f4ce58989b678ac395a05a378b51f,md/7176.md,297785,74446
7195,https://www.mql5.com/en/articles/7195,Library for easy and quick development of MetaTrader programs (part XX): Creating and storing program resources,,2019-12-04T16:12Z,Examples,MetaTrader 5,[],,,ok,,d64a17fe0d6e4bd59bd97b86e07804cb0829191c17f7961a0ec091594c329945,md/7195.md,82106,20526
7218,https://www.mql5.com/en/articles/7218,Strategy builder based on Merrill patterns,,2019-11-05T10:24Z,Trading,MetaTrader 5,[],,,ok,,1c89b36c84ff8d20ec67f7144a018f2bb3c86605438cfafb0e5b634101006101,md/7218.md,73323,18330
7219,https://www.mql5.com/en/articles/7219,Developing a cross-platform grid EA (Last part): Diversification as a way to increase profitability,,2019-11-01T08:10Z,Trading systems,MetaTrader 5,[],,,ok,,0981124f9fa6302d6fb8de8fd188a74ee419351f56328367d5e5a20c11a461a5,md/7219.md,32167,8041
7229,https://www.mql5.com/en/articles/7229,Library for easy and quick development of MetaTrader programs (part XXI): Trading classes - Base cross-platform trading object,,2019-12-17T15:33Z,Examples,MetaTrader 5,[],,,ok,,e10fdbe6c77997d64c412bce4e65185f23b453a87b5bd8df1b4b89200e45bbdd,md/7229.md,211790,52947
7258,https://www.mql5.com/en/articles/7258,"Library for easy and quick development of MetaTrader programs (part XXII): Trading classes - Base trading class, verification of limitations",,2019-12-27T14:35Z,Examples,MetaTrader 5,[],,,ok,,b9a31f102ba130eb561562ac6c5389d751b5dbbe4464a5615f6de14da9dc8004,md/7258.md,382120,95530
7265,https://www.mql5.com/en/articles/7265,Developing Pivot Mean Oscillator: a novel Indicator for the Cumulative Moving Average,Marco Calabrese,2019-10-30T08:16Z,Trading,MetaTrader 5,[],,,ok,,8d5d81382ddb0fc410e25281166cc2469539c74da64f52a109b987aad7cd91c3,md/7265.md,22214,5553
7286,https://www.mql5.com/en/articles/7286,Library for easy and quick development of MetaTrader programs (part XXIII): Base trading class - verification of valid parameters,,2020-01-14T13:04Z,Examples,MetaTrader 5,[],,,ok,,6ad8ad4d228b074e12f31aaebe900044b0e74affc78b11dcb7bd9b2588b9b3e2,md/7286.md,169644,42411
7290,https://www.mql5.com/en/articles/7290,Continuous Walk-Forward Optimization (Part 1): Working with Optimization Reports,,2020-01-17T13:19Z,Tester,MetaTrader 5,[],Continuous Walk-Forward Optimization (): Working with Optimization Reports,1,ok,,1221be975eeb55fa45e2d2a5acf9e8fff93f5fbd77255aec65c189e53cce0494,md/7290.md,100127,25031
7318,https://www.mql5.com/en/articles/7318,Building an Expert Advisor using separate modules,,2019-11-29T08:14Z,Expert Advisors,MetaTrader 5,[],,,ok,,79b02ee54428840f30b915e274b05e668e1d1339d8991f70e8728c2e25573aaa,md/7318.md,38143,9535
7326,https://www.mql5.com/en/articles/7326,Library for easy and quick development of MetaTrader programs (part XXIV): Base trading class - auto correction of invalid parameters,,2020-01-22T14:51Z,Examples,MetaTrader 5,[],,,ok,,854645ef372c7900f531d46e16a1379b5c063df4be459c60160aa96bb5e48735,md/7326.md,149894,37473
7361,https://www.mql5.com/en/articles/7361,Extending Strategy Builder Functionality,,2020-01-23T13:24Z,Trading,MetaTrader 5,[],,,ok,,acf17152f1cc1d1aa8e8143bd9fbfb9a1a0af4950fb3b7645f2f532ec3426c72,md/7361.md,43927,10981
7365,https://www.mql5.com/en/articles/7365,Library for easy and quick development of MetaTrader programs (part XXV): Handling errors returned by the trade server,,2020-01-28T13:50Z,Examples,MetaTrader 5,[],,,ok,,18329addb566d8aff7abcd8d1761c997e4c9c2a32809e1abd87a3ae17912bf54,md/7365.md,139489,34872
7370,https://www.mql5.com/en/articles/7370,Practical application of neural networks in trading. It's time to practice,,2020-10-05T14:40Z,Examples,MetaTrader 5,[],,,ok,,135846a7be195dbb7e07fc0f83d849c48978b092ac798a8a73e94533159eb885,md/7370.md,56705,14176
7394,https://www.mql5.com/en/articles/7394,Library for easy and quick development of MetaTrader programs (part XXVI): Working with pending trading requests - first implementation (opening positions),,2020-02-06T12:01Z,Examples,MetaTrader 5,[],,,ok,,7d1c440704c93be1b379fef253d54fbd12162c8d33e621667d12c1d6f9da6ccb,md/7394.md,133312,33328
7417,https://www.mql5.com/en/articles/7417,Multicurrency monitoring of trading signals (Part 1): Developing the application structure,,2020-04-07T12:00Z,Indicators,MetaTrader 5,[],Multicurrency monitoring of trading signals (): Developing the application structure,1,ok,,a6fc17906cdd6f3de9b5f0795134f11843a63485a31f76a99d4bd7f371046c24,md/7417.md,20258,5064
7418,https://www.mql5.com/en/articles/7418,Library for easy and quick development of MetaTrader programs (part XXVII): Working with trading requests - placing pending orders,,2020-02-17T09:32Z,Examples,MetaTrader 5,[],,,ok,,697d698b130d7784d9dd7ed989f66b0f30060554e67e9db61da360256cc6ad42,md/7418.md,173865,43466
7438,https://www.mql5.com/en/articles/7438,"Library for easy and quick development of MetaTrader programs (part XXVIII): Closure, removal and modification of pending trading requests",,2020-02-28T15:32Z,Examples,MetaTrader 5,[],,,ok,,64a9e630ef14e30ae9183cc39e436ee3f0642dfd5e765f0ec308a93c0fd863b8,md/7438.md,242426,60606
7447,https://www.mql5.com/en/articles/7447,Neural Networks Made Easy,,2020-03-11T09:32Z,Examples,MetaTrader 5,[],,,ok,,047f30d7f999f6ac5721a45a965e7027dbd43ab75cd98b9718d4d15ccc06b54a,md/7447.md,38332,9583
7452,https://www.mql5.com/en/articles/7452,Continuous Walk-Forward Optimization (Part 2): Mechanism for creating an optimization report for any robot,,2020-02-18T11:18Z,Examples,MetaTrader 5,[],Continuous Walk-Forward Optimization (): Mechanism for creating an optimization report for any robot,2,ok,,93280193a8e042140eb6bd7ec125f9b578e034f1833b34f2e599c4f3e3068a64,md/7452.md,65438,16359
7454,https://www.mql5.com/en/articles/7454,Library for easy and quick development of MetaTrader programs (part XXIX): Pending trading requests - request object classes,,2020-03-12T08:53Z,Examples,MetaTrader 5,[],,,ok,,158aaa4eb59b957945bb3068856e9ab0cb70e171f24f078a12195d71fe42c1c8,md/7454.md,196607,49151
7463,https://www.mql5.com/en/articles/7463,SQLite: Native handling of SQL databases in MQL5,,2020-02-20T13:28Z,Tester,MetaTrader 5,[],,,ok,,14cb83768fbb98ecfdff05bc7cea0a2818cf8bbc5680a0db2e6625fda904a73d,md/7463.md,88249,22062
7468,https://www.mql5.com/en/articles/7468,Manual charting and trading toolkit (Part I). Preparation: structure description and helper class,,2020-09-25T10:17Z,Examples,MetaTrader 5,[],,,ok,,8ab122970d021bf87cc6cf4de5a42ade0a1e30a364a9b1104eda30e0673cb379,md/7468.md,72979,18244
7481,https://www.mql5.com/en/articles/7481,Library for easy and quick development of MetaTrader programs (part XXX): Pending trading requests - managing request objects,,2020-03-20T16:21Z,Examples,MetaTrader 5,[],,,ok,,ad1b5ad3723133f97cf17e914852ef9f264cb8940fc17ccf30818d41920008f6,md/7481.md,205458,51364
7490,https://www.mql5.com/en/articles/7490,Continuous Walk-Forward Optimization (Part 3): Adapting a Robot to Auto Optimizer,,2020-03-30T09:25Z,Examples,MetaTrader 5,[],Continuous Walk-Forward Optimization (): Adapting a Robot to Auto Optimizer,3,ok,,41a2d46bdc0e075362939ef7df74767f7689e689d5658e798d717b71149af135,md/7490.md,44913,11228
7495,https://www.mql5.com/en/articles/7495,"Applying network functions, or MySQL without DLL: Part II - Program for monitoring changes in signal properties",,2020-05-14T11:08Z,Integration,MetaTrader 5,[],,,ok,,fc37559e2c8e9b7dcf2004300f554adc5e149704b3a095ac5c765ea41380351d,md/7495.md,59883,14970
7521,https://www.mql5.com/en/articles/7521,Library for easy and quick development of MetaTrader programs (part XXXI): Pending trading requests - opening positions under certain conditions,,2020-04-07T14:45Z,Examples,MetaTrader 5,[],,,ok,,92e3234560358e642820e4dab932e1f84f3e745a5e0e7435a01f8633d6ce4334,md/7521.md,242915,60728
7528,https://www.mql5.com/en/articles/7528,Multicurrency monitoring of trading signals (Part 2): Implementation of the visual part of the application,,2020-05-19T14:04Z,Trading,MetaTrader 5,[],Multicurrency monitoring of trading signals (): Implementation of the visual part of the application,2,ok,,712b9befb53fa5a4177088dca5b7deb4888932679b25500efd9cc881f347bc47,md/7528.md,81915,20478
7535,https://www.mql5.com/en/articles/7535,Applying OLAP in trading (part 3): Analyzing quotes for the development of trading strategies,,2020-04-21T13:28Z,Trading systems,MetaTrader 5,[],Applying OLAP in trading (): Analyzing quotes for the development of trading strategies,3,ok,,931c9c65aed4aecd48aefbfb565ab2b24631864b349633a9d2039749528c1598,md/7535.md,95491,23872
7536,https://www.mql5.com/en/articles/7536,Library for easy and quick development of MetaTrader programs (part XXXII): Pending trading requests - placing orders under certain conditions,,2020-04-13T14:06Z,Examples,MetaTrader 5,[],,,ok,,517009a304264a6c1279be92c1f0458a5d5d8b9807e8300abfb4762a8d383209,md/7536.md,143479,35869
7538,https://www.mql5.com/en/articles/7538,Continuous Walk-Forward Optimization (Part 4): Optimization Manager (Auto Optimizer),,2020-06-05T16:25Z,Examples,MetaTrader 5,[],Continuous Walk-Forward Optimization (): Optimization Manager (Auto Optimizer),4,ok,,96e6e3c99a2cfc5d89b807ec7a8d944b29fa2658dfed17cf21a229a6681a1cfb,md/7538.md,39648,9912
7554,https://www.mql5.com/en/articles/7554,Library for easy and quick development of MetaTrader programs (part XXXIII): Pending trading requests - closing positions under certain conditions,,2020-04-23T12:27Z,Examples,MetaTrader 5,[],,,ok,,f859bce0a5bf7157decd342924fa39b2170b1e24391a58aa0e7aa1be3893d6c9,md/7554.md,142357,35589
7569,https://www.mql5.com/en/articles/7569,Library for easy and quick development of MetaTrader programs (part XXXIV): Pending trading requests - removing and modifying orders and positions under certain conditions,,2020-05-06T12:22Z,Examples,MetaTrader 5,[],,,ok,,8cef291c82ace91ea2af7faa4ae08c2a4334ca9125391573922fe77e2142add9,md/7569.md,125138,31284
7583,https://www.mql5.com/en/articles/7583,Continuous Walk-Forward Optimization (Part 5): Auto Optimizer project overview and creation of a GUI,,2020-06-16T15:30Z,Tester,MetaTrader 5,[],Continuous Walk-Forward Optimization (): Auto Optimizer project overview and creation of a GUI,5,ok,,a93f680d56285252dddda9d69bdf905e26b6f7a23b721c52f6b8fe5b340892e7,md/7583.md,52530,13132
7594,https://www.mql5.com/en/articles/7594,Timeseries in DoEasy library (part 35): Bar object and symbol timeseries list,,2020-05-29T11:13Z,Examples,MetaTrader 5,[],Timeseries in DoEasy library (): Bar object and symbol timeseries list,35,ok,,8932f8840587ee145727df249d627d1dc3433ebed2b9907d12e04d343c3b6d7b,md/7594.md,174041,43510
7600,https://www.mql5.com/en/articles/7600,Multicurrency monitoring of trading signals (Part 3): Introducing search algorithms,,2020-07-02T08:32Z,Trading,MetaTrader 5,[],Multicurrency monitoring of trading signals (): Introducing search algorithms,3,ok,,8d0882f8fa85ed205c3cbc210c89e5857a4832d1d9fa38eac5def0bafe84a084,md/7600.md,57962,14490
7601,https://www.mql5.com/en/articles/7601,Forecasting Time Series (Part 1): Empirical Mode Decomposition (EMD) Method,,2020-05-29T13:24Z,Trading systems,MetaTrader 5,[],Forecasting Time Series (): Empirical Mode Decomposition (EMD) Method,1,ok,,7546dc5107c75652acd6189a1d18a0fdb2c20d041db0032523bdf56a5d81d2b7,md/7601.md,41314,10328
7603,https://www.mql5.com/en/articles/7603,Forecasting Time Series (Part 2): Least-Square Support-Vector Machine (LS-SVM),,2020-06-15T09:44Z,Trading systems,MetaTrader 5,[],Forecasting Time Series (): Least-Square Support-Vector Machine (LS-SVM),2,ok,,b3e2bd83d20a04881f8f184f281bf9204d534059913ecb6f4c1095b037b28180,md/7603.md,57707,14426
7627,https://www.mql5.com/en/articles/7627,Timeseries in DoEasy library (part 36): Object of timeseries for all used symbol periods,,2020-06-05T14:08Z,Examples,MetaTrader 5,[],Timeseries in DoEasy library (): Object of timeseries for all used symbol periods,36,ok,,5d5d58b0c9167856a70d71a8c91372b7f13e1f2badccdafbee875b7fd517042f,md/7627.md,74568,18642
7656,https://www.mql5.com/en/articles/7656,Applying OLAP in trading (part 4): Quantitative and visual analysis of tester reports,,2020-06-25T15:20Z,Trading,MetaTrader 5,[],Applying OLAP in trading (): Quantitative and visual analysis of tester reports,4,ok,,957c3d2998af622f32c1ed386885b798069473a8587d9dc97165c7b70d181631,md/7656.md,75705,18926
7663,https://www.mql5.com/en/articles/7663,Timeseries in DoEasy library (part 37): Timeseries collection - database of timeseries by symbols and periods,,2020-06-24T13:22Z,Examples,MetaTrader 5,[],Timeseries in DoEasy library (): Timeseries collection - database of timeseries by symbols and periods,37,ok,,8ce61bab66f2dd845fa2888e22ff8a762680f83503f3ca511c8ef45be86ab182,md/7663.md,220617,55154
7678,https://www.mql5.com/en/articles/7678,Multicurrency monitoring of trading signals (Part 4): Enhancing functionality and improving the signal search system,,2020-07-10T16:17Z,Trading,MetaTrader 5,[],Multicurrency monitoring of trading signals (): Enhancing functionality and improving the signal search system,4,ok,,021ad0b525eb74659dfa093f5dab48d6ffdbd0ccaaf3c1d487b6fb0070fb022a,md/7678.md,91055,22763
7695,https://www.mql5.com/en/articles/7695,Timeseries in DoEasy library (part 38): Timeseries collection - real-time updates and accessing data from the program,,2020-07-02T13:02Z,Examples,MetaTrader 5,[],Timeseries in DoEasy library (): Timeseries collection - real-time updates and accessing data from the program,38,ok,,3e9912f32b7142e5ce6a48406a14396254c26a745bb38bfe63dd0c8580d6d02c,md/7695.md,96317,24079
7708,https://www.mql5.com/en/articles/7708,How to create 3D graphics using DirectX in MetaTrader 5,,2020-04-24T12:21Z,Integration,MetaTrader 5,[],,,ok,,dd839bed76d3789f5d2a5d82c2e4c3e6d6fb97c45d6b0a42dc336b9ecc1f3a2e,md/7708.md,58617,14654
7718,https://www.mql5.com/en/articles/7718,Continuous Walk-Forward Optimization (Part 6): Auto optimizer's logical part and structure,,2020-07-27T14:41Z,Tester,MetaTrader 5,[],Continuous Walk-Forward Optimization (): Auto optimizer's logical part and structure,6,ok,,747c73401101f09fcf3413bad4bdd8eeeb0a1150b59ebd401341d8d5a4962024,md/7718.md,50431,12607
7724,https://www.mql5.com/en/articles/7724,Timeseries in DoEasy library (part 39): Library-based indicators - preparing data and timeseries events,,2020-07-17T08:49Z,Examples,MetaTrader 5,[],Timeseries in DoEasy library (): Library-based indicators - preparing data and timeseries events,39,ok,,385283cee9d6d6849584abb7130ebbc97f74c10e7b4b6857094643c70944f359,md/7724.md,150397,37599
7734,https://www.mql5.com/en/articles/7734,MQL as a Markup Tool for the Graphical Interface of MQL Programs. Part 1,,2020-07-06T10:04Z,Examples,MetaTrader 5,[],MQL as a Markup Tool for the Graphical Interface of MQL Programs.,1,ok,,09ce60ec7f87ba1b7f34814950da77955b4bcf62dbfd685dfda32e28a7979b65,md/7734.md,68812,17203
7739,https://www.mql5.com/en/articles/7739,MQL as a Markup Tool for the Graphical Interface of MQL Programs. Part 2,,2020-07-24T15:13Z,Examples,MetaTrader 5,[],MQL as a Markup Tool for the Graphical Interface of MQL Programs.,2,ok,,141079f68b05a5e92ad6b4693ed3ac343a8e31d57e11c98b0491e490fb053988,md/7739.md,49925,12481
7747,https://www.mql5.com/en/articles/7747,Continuous Walk-Forward Optimization (Part 7): Binding Auto Optimizer's logical part with graphics and controlling graphics from the program,,2020-08-05T10:26Z,Examples,MetaTrader 5,[],Continuous Walk-Forward Optimization (): Binding Auto Optimizer's logical part with graphics and controlling graphics from the program,7,ok,,6ccd00f69d960b73f55018d793a3abb6134a472ff2560362dbb0c29c97c24bdd,md/7747.md,47022,11755
7759,https://www.mql5.com/en/articles/7759,Multicurrency monitoring of trading signals (Part 5): Composite signals,,2020-08-21T13:27Z,Trading,MetaTrader 5,[],Multicurrency monitoring of trading signals (): Composite signals,5,ok,,32f4ad0ae3594d4c52d00dac48ec3d66d95c95f6445678a37d3090b0752584af,md/7759.md,78809,19702
7771,https://www.mql5.com/en/articles/7771,Timeseries in DoEasy library (part 40): Library-based indicators - updating data in real time,,2020-07-31T15:27Z,Examples,MetaTrader 5,[],Timeseries in DoEasy library (): Library-based indicators - updating data in real time,40,ok,,479b36f7bd6408c227b76f4f1a2bcafd32502518a44759955e5832ed21404864,md/7771.md,148832,37208
7777,https://www.mql5.com/en/articles/7777,Developing a cross-platform grid EA: testing a multi-currency EA,,2020-07-28T15:38Z,Trading systems,MetaTrader 5,[],,,ok,,a728380cc1329398f72f8d9c3ecab1c0008512673513897568fad418eb261262,md/7777.md,21958,5489
7782,https://www.mql5.com/en/articles/7782,On Methods to Detect Overbought/Oversold Zones. Part I,,2020-11-06T09:21Z,Statistics and analysis,MetaTrader 5,[],,,ok,,5a14297d69dc44ba933a86b08e54ad5b38f154188edda5e5ef9d860c80b5365a,md/7782.md,96362,24090
7795,https://www.mql5.com/en/articles/7795,MQL as a Markup Tool for the Graphical Interface of MQL Programs (Part 3). Form Designer,,2020-09-02T14:09Z,Examples,MetaTrader 5,[],MQL as a Markup Tool for the Graphical Interface of MQL Programs (). Form Designer,3,ok,,1fc33c80add7ead5cdc0ce7128bddbab0f93032aea2922778d287a2482b45d9f,md/7795.md,65179,16294
7804,https://www.mql5.com/en/articles/7804,Timeseries in DoEasy library (part 41): Sample multi-symbol multi-period indicator,,2020-08-07T07:39Z,Examples,MetaTrader 5,[],Timeseries in DoEasy library (): Sample multi-symbol multi-period indicator,41,ok,,aa1621a50ded0aa20cefa0f03d6cc291b0b4a38b6ae5cf417286a524ca1c3bc0,md/7804.md,109617,27404
7815,https://www.mql5.com/en/articles/7815,Exploring options for creating multicolored candlesticks,,2021-09-10T14:46Z,Examples,MetaTrader 5,[],,,ok,,11f5ef6fa925c0f502fb7692ae9b8b0dd25295f45fa541bd05e648249132ba9d,md/7815.md,33300,8325
7821,https://www.mql5.com/en/articles/7821,Timeseries in DoEasy library (part 42): Abstract indicator buffer object class,,2020-08-13T15:40Z,Trading systems,MetaTrader 5,[],Timeseries in DoEasy library (): Abstract indicator buffer object class,42,ok,,46f5a8f1911e558dd31201385d99764f85805eeebdebfe88d7340b0db48afe91,md/7821.md,109872,27468
7863,https://www.mql5.com/en/articles/7863,"Projects assist in creating profitable trading robots! Or at least, so it seems",,2020-06-12T12:18Z,Trading,MetaTrader 5,[],,,ok,,8b543788cd2a59201f3519b995b57ab621301c12ffde7a516861de8002f86a43,md/7863.md,29485,7371
7868,https://www.mql5.com/en/articles/7868,Timeseries in DoEasy library (part 43): Classes of indicator buffer objects,,2020-08-21T17:07Z,Examples,MetaTrader 5,[],Timeseries in DoEasy library (): Classes of indicator buffer objects,43,ok,,f779c26b7faa70fa155c5d20aad9ad83115f93557b5b343b78b921662216e2ec,md/7868.md,122585,30646
7886,https://www.mql5.com/en/articles/7886,Timeseries in DoEasy library (part 44): Collection class of indicator buffer objects,,2020-09-24T12:27Z,Examples,MetaTrader 5,[],Timeseries in DoEasy library (): Collection class of indicator buffer objects,44,ok,,3a83dab1f79e735ff0a6d67b1046539fd27cb7a61aa1b9a1a7cded06f1561456,md/7886.md,161785,40446
7891,https://www.mql5.com/en/articles/7891,Continuous walk-forward optimization (Part 8): Program improvements and fixes,,2020-12-11T10:30Z,Tester,MetaTrader 5,[],Continuous walk-forward optimization (): Program improvements and fixes,8,ok,,cd712738e327340276315b822748851b58d723c1e8c576dfc7db0fc3d6c31c48,md/7891.md,74133,18533
7892,https://www.mql5.com/en/articles/7892,Quick Manual Trading Toolkit: Basic Functionality,,2020-10-09T11:33Z,Trading,MetaTrader 5,[],,,ok,,c8ab41812df3092f998a892766deadf4bcc280f52a10e1c157a88dcf33fd4783,md/7892.md,120534,30133
7908,https://www.mql5.com/en/articles/7908,Manual charting and trading toolkit (Part II). Chart graphics drawing tools,,2021-01-24T21:21Z,Trading systems,MetaTrader 5,[],,,ok,,67fae7206ed0d4d09940f1dd87a6c084b521e98fbe26ef13e44f3543945527cd,md/7908.md,88266,22066
7981,https://www.mql5.com/en/articles/7981,Quick Manual Trading Toolkit: Working with open positions and pending orders,,2020-10-27T13:27Z,Trading,MetaTrader 5,[],,,ok,,61f2b1a4bc1932cd4b51ba686b3d7cbfa8e810e59a84751b2e50b0af91c5fc5e,md/7981.md,130145,32536
8023,https://www.mql5.com/en/articles/8023,Timeseries in DoEasy library (part 45): Multi-period indicator buffers,,2020-10-14T15:36Z,Examples,MetaTrader 5,[],Timeseries in DoEasy library (): Multi-period indicator buffers,45,ok,,c1dbcc634f2f325c345569ce12ea42ffddaaca2eca43f05a89270977b8e56af2,md/8023.md,180302,45075
8027,https://www.mql5.com/en/articles/8027,Calculating mathematical expressions (Part 1). Recursive descent parsers,,2020-10-13T15:00Z,Integration,MetaTrader 5,[],Calculating mathematical expressions (). Recursive descent parsers,1,ok,,a2557f5fc8196368d7cf418dc6457140a9dc7321cb020b97db0168d9a234b53d,md/8027.md,54574,13643
8028,https://www.mql5.com/en/articles/8028,Calculating mathematical expressions (Part 2). Pratt and shunting yard parsers,,2020-10-21T10:03Z,Integration,MetaTrader 5,[],Calculating mathematical expressions (). Pratt and shunting yard parsers,2,ok,,58d86170bbd304ea5a736b8d86bf620616d4830595d5d720222e6f3d997bccda,md/8028.md,60523,15130
8038,https://www.mql5.com/en/articles/8038,Probability theory and mathematical statistics with examples (part I): Fundamentals and elementary theory,,2020-10-30T09:08Z,Statistics and analysis,MetaTrader 5,[],,,ok,,70ef35fd5dfa64978966474b77dcacd2879a53b91f3856f859ab2f1898d78ff3,md/8038.md,52687,13171
8093,https://www.mql5.com/en/articles/8093,Using cryptography with external applications,,2020-11-16T12:36Z,Trading,MetaTrader 5,[],,,ok,,a3d68fa55ea2cf74a476bc96bb8ec3107b19f68f95459d095202f03fbf88eb4c,md/8093.md,36138,9034
8111,https://www.mql5.com/en/articles/8111,A system of voice notifications for trade events and signals,,2020-11-11T12:29Z,Examples,MetaTrader 5,[],,,ok,,7adc0c6d42e97035bd9573100d1ad37cd817c78b23051845f6619a6756848e15,md/8111.md,59597,14899
8115,https://www.mql5.com/en/articles/8115,Timeseries in DoEasy library (part 46): Multi-period multi-symbol indicator buffers,,2020-10-21T13:57Z,Examples,MetaTrader 5,[],Timeseries in DoEasy library (): Multi-period multi-symbol indicator buffers,46,ok,,1e5d23a73914ff3ddb7150c1ead18c044af12730fb6572990ea4bbde49142349,md/8115.md,72833,18208
8119,https://www.mql5.com/en/articles/8119,Neural networks made easy (Part 2): Network training and testing,,2020-11-30T07:54Z,Examples,MetaTrader 5,[],Neural networks made easy (): Network training and testing,2,ok,,40cbf1e75b1dac848b2e29c883261c4be256619220a32dd5103b48c42a7006b1,md/8119.md,43086,10771
8122,https://www.mql5.com/en/articles/8122,Population optimization algorithms,,2022-10-17T19:22Z,Examples,MetaTrader 5,[],,,ok,,a9a41040dfca1f2501d1143d0c020b97f42bfb3b971af725c1ac762dec54cc7c,md/8122.md,62248,15562
8136,https://www.mql5.com/en/articles/8136,"Price series discretization, random component and noise",,2020-11-23T07:47Z,Statistics and analysis,MetaTrader 5,[],,,ok,,7e46ccbea0edb451163b11afe79c2e76391ae15eda4ff7122c274b425830a627,md/8136.md,40186,10046
8184,https://www.mql5.com/en/articles/8184,What is a trend and is the market structure based on trend or flat?,,2020-11-26T13:18Z,Trading,MetaTrader 5,[],,,ok,,7c821c482c36d009e550ce27e97ffae8777231e8f96b52ccfbe1a653bac91ee3,md/8184.md,38990,9747
8196,https://www.mql5.com/en/articles/8196,Websockets for MetaTrader 5,,2020-11-25T08:08Z,Examples,MetaTrader 5,[],,,ok,,41a6d68373bcbfa5e5514a1c710339df62e9d9b819eaa3e491d35d5771ac1076,md/8196.md,81505,20376
8207,https://www.mql5.com/en/articles/8207,Timeseries in DoEasy library (part 47): Multi-period multi-symbol standard indicators,,2020-11-10T14:01Z,Trading systems,MetaTrader 5,[],Timeseries in DoEasy library (): Multi-period multi-symbol standard indicators,47,ok,,6984228d1ebb536fbad828e41ee1a27c9cacd2029d7aff7ec16ba8e12481cc67,md/8207.md,196142,49035
8226,https://www.mql5.com/en/articles/8226,Custom symbols: Practical basics,,2020-11-30T08:27Z,Tester,MetaTrader 5,[],,,ok,,03025becac8a994e04402d8a22ac7e7297e69f38ea450ff05b56bd5432de2241,md/8226.md,72652,18163
8231,https://www.mql5.com/en/articles/8231,A scientific approach to the development of trading algorithms,,2020-12-07T09:05Z,Trading,MetaTrader 5,[],,,ok,,653c537734183d8265aa9c58e2d8f0430f3cb8fe0547a8908872554d5e0e2686,md/8231.md,43949,10987
8234,https://www.mql5.com/en/articles/8234,Neural networks made easy (Part 3): Convolutional networks,,2020-12-11T15:19Z,Examples,MetaTrader 5,[],Neural networks made easy (): Convolutional networks,3,ok,,58981528b4f354a165eab701d8def4e82a36e3a6cf6fefc3881d3749e6813034,md/8234.md,65992,16498
8257,https://www.mql5.com/en/articles/8257,Timeseries in DoEasy library (part 48): Multi-period multi-symbol indicators on one buffer in a subwindow,,2020-11-13T09:29Z,Examples,MetaTrader 5,[],Timeseries in DoEasy library (): Multi-period multi-symbol indicators on one buffer in a subwindow,48,ok,,e872e87c280d303bb1b2f9e3e0169c6fa2a67904e363ed8ee53431e6530d2af6,md/8257.md,91235,22808
8270,https://www.mql5.com/en/articles/8270,Native Twitter Client for MT4 and MT5 without DLL,,2020-08-08T20:36Z,Examples,MetaTrader 5,[],,,ok,,ce3d5ff68bf449c3fa18aa666a54b8082975a93a486c826edcd1a34eec48b770,md/8270.md,26458,6614
8274,https://www.mql5.com/en/articles/8274,Basic math behind Forex trading,,2020-12-08T12:59Z,Trading,MetaTrader 5,[],,,ok,,b16769e20cca5d06d852e43f9482c41ec064c83a45be92ec3be4de86fcf775ac,md/8274.md,50544,12636
8292,https://www.mql5.com/en/articles/8292,Timeseries in DoEasy library (part 49): Multi-period multi-symbol multi-buffer standard indicators,,2020-11-18T15:27Z,Examples,MetaTrader 5,[],Timeseries in DoEasy library (): Multi-period multi-symbol multi-buffer standard indicators,49,ok,,721651ebc7f67384e372abb3918d3cbd6b3736b0a6808cabbf5b2047a486181b,md/8292.md,148372,37093
8311,https://www.mql5.com/en/articles/8311,Brute force approach to pattern search,,2020-12-16T15:37Z,Tester,MetaTrader 5,[],,,ok,,27d5162f71856f8229685ec71603a902c7c386d4690b71f7cdc163828528ab16,md/8311.md,50304,12576
8318,https://www.mql5.com/en/articles/8318,Native Twitter Client: Part 2,,2020-08-19T11:41Z,Examples,MetaTrader 5,[],Native Twitter Client,2,ok,,599ba182643a77fd9d614638bcebbc3075f6e3c639bf8d126d589d63ebc201f1,md/8318.md,15230,3807
8321,https://www.mql5.com/en/articles/8321,Parallel Particle Swarm Optimization,,2020-12-14T08:43Z,Tester,MetaTrader 5,[],,,ok,,18626d212ab04bb03bab306f1e290c8fbee1e84d1a21025d93dfb4d077a82a68,md/8321.md,86791,21697
8331,https://www.mql5.com/en/articles/8331,Timeseries in DoEasy library (part 50): Multi-period multi-symbol standard indicators with a shift,,2020-12-01T14:27Z,Examples,MetaTrader 5,[],Timeseries in DoEasy library (): Multi-period multi-symbol standard indicators with a shift,50,ok,,e2b3c71d601c6340960cc3ffe334912d93ef565c0f741ba643e994c3f84d41d3,md/8331.md,111075,27768
8354,https://www.mql5.com/en/articles/8354,Timeseries in DoEasy library (part 51): Composite multi-period multi-symbol standard indicators,,2020-12-07T11:49Z,Examples,MetaTrader 5,[],Timeseries in DoEasy library (): Composite multi-period multi-symbol standard indicators,51,ok,,f74458a6830fe28baa9a60d8e649a3ad790d8fffd0bc75d8aa5388d4a1ac0154,md/8354.md,129881,32470
8385,https://www.mql5.com/en/articles/8385,Neural networks made easy (Part 4): Recurrent networks,,2020-12-22T09:41Z,Trading systems,MetaTrader 5,[],Neural networks made easy (): Recurrent networks,4,ok,,e81cb19214bd2f7315fcb2958341f4f8901f17b663cdd1fe9ec42d66357a2d34,md/8385.md,37835,9458
8390,https://www.mql5.com/en/articles/8390,Grid and martingale: what are they and how to use them?,,2020-12-17T11:53Z,Trading systems,MetaTrader 5,[],,,ok,,1678d5df03f1c97193db34d7b81132cdeaca2ae4210c4c8ef321354f360c67b3,md/8390.md,32956,8239
8399,https://www.mql5.com/en/articles/8399,Timeseries in DoEasy library (part 52): Cross-platform nature of multi-period multi-symbol  single-buffer standard indicators,,2020-12-14T12:24Z,Examples,MetaTrader 5,[],Timeseries in DoEasy library (): Cross-platform nature of multi-period multi-symbol  single-buffer standard indicators,52,ok,,e6f9465ac4ba44953153ecf8c3d65455ccc59430a59b02624577cd86304b099e,md/8399.md,121612,30403
8410,https://www.mql5.com/en/articles/8410,Optimal approach to the development and analysis of trading systems,,2021-01-08T16:31Z,Trading systems,MetaTrader 5,[],,,ok,,c38d9ba07bc77654e83f9f51897cccd513595e0ac9c6bb9ee2f52b8151bff0aa,md/8410.md,63485,15871
8411,https://www.mql5.com/en/articles/8411,The market and the physics of its global patterns,,2021-02-12T16:32Z,Trading systems,MetaTrader 5,[],,,ok,,690f0ca9cb3ea73a47f21ad01c8444f84adadbdd5930185d2ea216ebaedac640,md/8411.md,112394,28098
8435,https://www.mql5.com/en/articles/8435,Neural networks made easy (Part 5): Multithreaded calculations in OpenCL,,2021-01-04T08:24Z,Trading systems,MetaTrader 5,[],Neural networks made easy (): Multithreaded calculations in OpenCL,5,ok,,adcf13f058abfb61488c022b1b2d087c43da20899db221918623cb5a20a4a475,md/8435.md,42869,10717
8464,https://www.mql5.com/en/articles/8464,Timeseries in DoEasy library (part 53): Abstract base indicator class,,2020-12-15T08:54Z,Trading systems,MetaTrader 5,[],Timeseries in DoEasy library (): Abstract base indicator class,53,ok,,1fa2df9d017f00fe91369619e5d7ee5d520f6308ef4c18405081dbead39abc07,md/8464.md,102033,25508
8485,https://www.mql5.com/en/articles/8485,Neural networks made easy (Part 6): Experimenting with the neural network learning rate,,2021-01-08T16:35Z,Examples,MetaTrader 5,[],Neural networks made easy (): Experimenting with the neural network learning rate,6,ok,,2412c4a9d4dbf0b35306d5d918c7ef12c05f82720d6f9e92ae7dd46e4b644431,md/8485.md,19512,4878
8502,https://www.mql5.com/en/articles/8502,Practical application of neural networks in trading. Python (Part I),,2021-01-05T14:29Z,Examples,MetaTrader 5,[],,,ok,,72df8644f0cc4f5a57b64c3826c76b5467533c5bcc02caef6472755f4def21aa,md/8502.md,58313,14578
8508,https://www.mql5.com/en/articles/8508,Timeseries in DoEasy library (part 54): Descendant classes of abstract base indicator,,2020-12-21T13:31Z,Trading systems,MetaTrader 5,[],Timeseries in DoEasy library (): Descendant classes of abstract base indicator,54,ok,,1447d813971513f7e85c09b978538106dc164a258a75736657371d2b20089b7a,md/8508.md,114751,28687
8576,https://www.mql5.com/en/articles/8576,Timeseries in DoEasy library (part 55): Indicator collection class,,2020-12-30T09:17Z,Examples,MetaTrader 5,[],Timeseries in DoEasy library (): Indicator collection class,55,ok,,12e46ccfd5fd3b214311d37b8f400b730c8ca1480f9876ded2edffacc7cac61d,md/8576.md,73910,18477
8586,https://www.mql5.com/en/articles/8586,Use MQL5.community channels and group chats,,2021-11-25T09:11Z,Trading systems,MetaTrader 5,[],,,ok,,7b5244c6b37b1fd01f787aa67ca1ec30d4908bc35eb3f8d3209720fc1fb7acab,md/8586.md,13707,3426
8589,https://www.mql5.com/en/articles/8589,Analyzing charts using DeMark Sequential and Murray-Gann levels,,2021-01-13T15:26Z,Trading,MetaTrader 5,[],,,ok,,9a88fe231c869e19b2ae926cbb1961f85e730e2fb49d734ffaf787b613578b29,md/8589.md,33259,8314
8598,https://www.mql5.com/en/articles/8598,Neural networks made easy (Part 7): Adaptive optimization methods,,2021-01-14T13:12Z,Trading systems,MetaTrader 5,[],Neural networks made easy (): Adaptive optimization methods,7,ok,,74f79f584793a44b05d60b80e057a7dde318098ff560e6e2ab00504a117aa44a,md/8598.md,50154,12538
8616,https://www.mql5.com/en/articles/8616,Developing a self-adapting algorithm (Part I): Finding a basic pattern,,2021-02-08T13:02Z,Trading,MetaTrader 5,[],,,ok,,d89133cea5be9d497d5a97baeb7200fceb7ec02f273087abe07bbe0437ce4a51,md/8616.md,38859,9714
8642,https://www.mql5.com/en/articles/8642,Gradient Boosting (CatBoost) in the development of trading systems. A naive approach,,2020-11-17T10:10Z,Tester,MetaTrader 5,[],,,ok,,777326bc867b3dc9ae83d03de8fde7574a4bab077144681cb1e135d3f01fd99f,md/8642.md,32741,8185
8646,https://www.mql5.com/en/articles/8646,"Timeseries in DoEasy library (part 56): Custom indicator object, get data from indicator objects in the collection",,2021-01-05T16:15Z,Examples,MetaTrader 5,[],"Timeseries in DoEasy library (): Custom indicator object, get data from indicator objects in the collection",56,ok,,8944a5b59e77a39c8bddff2adde239e4caefd151951099f92aef4f4c7a310e74,md/8646.md,96450,24112
8657,https://www.mql5.com/en/articles/8657,CatBoost machine learning algorithm from Yandex with no Python or R knowledge required,,2020-12-01T16:30Z,Trading systems,MetaTrader 5,[],,,ok,,5c8c2c802ff499a6fb85b83bf02494bd8a21baf63dbd7196eea64b290a0ba299,md/8657.md,76814,19203
8660,https://www.mql5.com/en/articles/8660,Brute force approach to pattern search (Part II): Immersion,,2021-01-22T16:26Z,Tester,MetaTrader 5,[],,,ok,,a520baa568295946c1a84b292528f75c5f51264f1426dee5912888e8b52ea2f4,md/8660.md,43418,10854
8661,https://www.mql5.com/en/articles/8661,Brute force approach to pattern search (Part III): New horizons,,2021-02-18T13:42Z,Tester,MetaTrader 5,[],,,ok,,044d646418a8fcc43ac62a89658477995ad1a3c774766df453cf98c80e3feea0,md/8661.md,42973,10743
8662,https://www.mql5.com/en/articles/8662,Advanced resampling and selection of CatBoost models by brute-force method,,2020-12-08T10:46Z,Trading systems,MetaTrader 5,[],,,ok,,1626990f05c927fd8bc373fc206e9e4627daeb4b721458671d6c858c94bcb8c2,md/8662.md,27957,6989
8668,https://www.mql5.com/en/articles/8668,Practical application of neural networks in trading (Part 2). Computer vision,,2021-03-08T15:58Z,Trading,MetaTrader 5,[],Practical application of neural networks in trading (). Computer vision,2,ok,,427a1e4f0abd41eab98631ece7ae1aa06ef6fbc2982ab890a37b6abbbaca2978,md/8668.md,45244,11311
8699,https://www.mql5.com/en/articles/8699,Using spreadsheets to build trading strategies,,2021-01-28T09:04Z,Examples,MetaTrader 5,[],,,ok,,2fb6c60b60bc7ecd906082c9daaef67ed277106ffa84e7411ee485163b986471,md/8699.md,36229,9057
8705,https://www.mql5.com/en/articles/8705,Timeseries in DoEasy library (part 57): Indicator buffer data object,,2021-01-08T15:16Z,Examples,MetaTrader 5,[],Timeseries in DoEasy library (): Indicator buffer data object,57,ok,,023f41f873943a7efb40955d955f8ed7c89a1511c490927ce84d96045df916c9,md/8705.md,78931,19732
8743,https://www.mql5.com/en/articles/8743,Gradient boosting in transductive and active machine learning,,2021-01-12T08:36Z,Trading,MetaTrader 5,[],,,ok,,b9abbb9c38200ce318653f598cbe786c3bf5ca0e2478541d792d22110b832df7,md/8743.md,32926,8231
8765,https://www.mql5.com/en/articles/8765,Neural networks made easy (Part 8): Attention mechanisms,,2021-02-04T09:05Z,Examples,MetaTrader 5,[],Neural networks made easy (): Attention mechanisms,8,ok,,68f1693d466f8725e10f2a5bb834a35bc0a88948bf10f4258563e39f53db92b6,md/8765.md,69204,17301
8767,https://www.mql5.com/en/articles/8767,Developing a self-adapting algorithm (Part II): Improving efficiency,,2021-02-19T11:15Z,Trading,MetaTrader 5,[],,,ok,,09330ff5b02123b68f97bc9dca034d8e3b6d2254e0f834e79a474fc92e4c9eb6,md/8767.md,42334,10583
8787,https://www.mql5.com/en/articles/8787,Timeseries in DoEasy library (part 58): Timeseries of indicator buffer data,,2021-01-25T10:02Z,Examples,MetaTrader 5,[],Timeseries in DoEasy library (): Timeseries of indicator buffer data,58,ok,,a42da2dcf5b43f99e88cfdbba9d82b701021e5a9491d580946e576cfbca4317b,md/8787.md,109391,27347
8793,https://www.mql5.com/en/articles/8793,Useful and exotic techniques for automated trading,,2021-04-06T14:56Z,Examples,MetaTrader 5,[],,,ok,,382290184a17dc7e58973778fe999c87e56d343034b151a34ba8f615455a5e29,md/8793.md,61750,15437
8807,https://www.mql5.com/en/articles/8807,Self-adapting algorithm (Part III): Abandoning optimization,,2021-03-11T15:11Z,Trading,MetaTrader 5,[],,,ok,,3f048bdb2127e220fa3f6b9b0d5ab455f6e2876cfea5096da7eccff6f2fc3a76,md/8807.md,45962,11490
8818,https://www.mql5.com/en/articles/8818,Prices in DoEasy library (part 59): Object to store data of one tick,,2021-02-02T11:53Z,Examples,MetaTrader 5,[],Prices in DoEasy library (): Object to store data of one tick,59,ok,,0edfac924d491915c8f42816125c4177f50da6ccd16c29ec51318e09992e76d3,md/8818.md,59962,14990
8819,https://www.mql5.com/en/articles/8819,Neural networks made easy (Part 9): Documenting the work,,2021-02-09T11:13Z,Examples,MetaTrader 5,[],Neural networks made easy (): Documenting the work,9,ok,,b9eed1595de1e6468a0faa63dd0620d8d39458932987b0addd07df0044be4798,md/8819.md,38096,9524
8826,https://www.mql5.com/en/articles/8826,Machine learning in Grid and Martingale trading systems. Would you bet on it?,,2021-04-12T08:00Z,Trading,MetaTrader 5,[],,,ok,,d87d3f03e767416a73eef26f950209cac4dbde06093f3cc32b5e5003df20ae42,md/8826.md,37556,9389
8845,https://www.mql5.com/en/articles/8845,Brute force approach to pattern search (Part IV): Minimal functionality,,2021-05-06T16:28Z,Tester,MetaTrader 5,[],,,ok,,673153b7fc48a24c1883c6de64941c75805f1941cee501895305c64337c2fd40,md/8845.md,48820,12205
8859,https://www.mql5.com/en/articles/8859,Self-adapting algorithm (Part IV): Additional functionality and tests,,2021-04-07T14:25Z,Trading,MetaTrader 5,[],,,ok,,3ef9069255528458de8997f3709769f60a0b10f45133de112173673cb9bcca8c,md/8859.md,45639,11409
8860,https://www.mql5.com/en/articles/8860,CCI indicator. Three transformation steps,,2022-10-10T13:14Z,Indicators,MetaTrader 5,[],,,ok,,2776c1c93ab1fb91ff7f9c03dde352518e7358e9fa23853dbe94462cfa13a575,md/8860.md,19217,4804
8863,https://www.mql5.com/en/articles/8863,Finding seasonal patterns in the forex market using the CatBoost algorithm,,2021-02-15T14:40Z,Trading,MetaTrader 5,[],,,ok,,062d64c01afae48d7ff54086770a7f615e9de29631ab918b06343aff5eabcff2,md/8863.md,26377,6594
8908,https://www.mql5.com/en/articles/8908,Multilayer perceptron and backpropagation algorithm,,2021-03-16T14:22Z,Examples,MetaTrader 5,[],,,ok,,731de04e50523e6a5a8f56e08a316f6b4568e235e9fc0c54946bd5b08a2fae7d,md/8908.md,40724,10181
8909,https://www.mql5.com/en/articles/8909,Neural networks made easy (Part 10): Multi-Head Attention,,2021-03-04T09:56Z,Examples,MetaTrader 5,[],Neural networks made easy (): Multi-Head Attention,10,ok,,9370665df62d1220b05f22fe88cb2dff08a5e4fb492751657d49ec7200b3bd6e,md/8909.md,78228,19557
8912,https://www.mql5.com/en/articles/8912,Prices in DoEasy library (part 60): Series list of symbol tick data,,2021-03-17T10:33Z,Examples,MetaTrader 5,[],Prices in DoEasy library (): Series list of symbol tick data,60,ok,,9b3bccbadae96de8c3e03e2c647a12349dd90218754af753a400d249d9ea5877,md/8912.md,86581,21645
8952,https://www.mql5.com/en/articles/8952,Prices in DoEasy library (part 61): Collection of symbol tick series,,2021-03-22T08:28Z,Examples,MetaTrader 5,[],Prices in DoEasy library (): Collection of symbol tick series,61,ok,,c6082e18184cecb1056738c879a0d062ea8e0d13ef261095d4f7cf55fbb1dd93,md/8952.md,63467,15866
8988,https://www.mql5.com/en/articles/8988,"Prices in DoEasy library (part 62): Updating tick series in real time, preparation for working with Depth of Market",,2021-03-24T13:57Z,Examples,MetaTrader 5,[],"Prices in DoEasy library (): Updating tick series in real time, preparation for working with Depth of Market",62,ok,,045faf682d2d0e34855528503116cf87a36b37b934288328adc3261c956e9fe7,md/8988.md,143630,35907
9010,https://www.mql5.com/en/articles/9010,Prices in DoEasy library (part 63): Depth of Market and its abstract request class,,2021-03-30T11:48Z,Examples,MetaTrader 5,[],Prices in DoEasy library (): Depth of Market and its abstract request class,63,ok,,69730b283439e35b16348734e6767a1f9ddc97d407e0abe8a820030d235302e7,md/9010.md,71423,17855
9025,https://www.mql5.com/en/articles/9025,Neural networks made easy (Part 11): A take on GPT,,2021-03-26T16:28Z,Trading systems,MetaTrader 5,[],Neural networks made easy (): A take on GPT,11,ok,,f0c73866bd10eecff8591220e9095386dea2af6810f59e6c9cec86541d6c98e0,md/9025.md,81381,20345
9044,https://www.mql5.com/en/articles/9044,"Prices in DoEasy library (Part 64): Depth of Market, classes of DOM snapshot and snapshot series objects",,2021-04-13T17:07Z,Examples,MetaTrader 5,[],"Prices in DoEasy library (): Depth of Market, classes of DOM snapshot and snapshot series objects",64,ok,,41fbac8171d9d7f02e09760cd85b158dbb0560305d5456baa0b02fc620e3de2f,md/9044.md,74424,18606
9095,https://www.mql5.com/en/articles/9095,Prices and Signals in DoEasy library (Part 65): Depth of Market collection and the class for working with MQL5.com Signals,,2021-04-20T16:56Z,Examples,MetaTrader 5,[],Prices and Signals in DoEasy library (): Depth of Market collection and the class for working with MQL5.com Signals,65,ok,,7f8bf0ee7f1d67ee00a4d85d5f2983f97116672be05fd4e3aecee7e75342a49c,md/9095.md,127956,31989
9112,https://www.mql5.com/en/articles/9112,Neural networks made easy (Part 12): Dropout,,2021-04-23T11:23Z,Examples,MetaTrader 5,[],Neural networks made easy (): Dropout,12,ok,,4970fc1940f387b3e905d2bdbca070c59d74b33dd0db8e279cbf2cada5bc477f,md/9112.md,63383,15845
9138,https://www.mql5.com/en/articles/9138,Metamodels in machine learning and trading: Original timing of trading orders,,2022-08-17T13:35Z,Trading,MetaTrader 5,[],,,ok,,f58dab400518497334f72aa24e3da42238052bcbf8b4312594f875a3d8ae7fc6,md/9138.md,44158,11039
9146,https://www.mql5.com/en/articles/9146,Other classes in DoEasy library (Part 66): MQL5.com Signals collection class,,2021-04-28T14:01Z,Examples,MetaTrader 5,[],Other classes in DoEasy library (): MQL5.com Signals collection class,66,ok,,0ac3190d2efbbfe628d9130c00fe614513a760a80257747ee2b9016f8ba9922b,md/9146.md,130589,32647
9168,https://www.mql5.com/en/articles/9168,MVC design pattern and its possible application,,2021-05-21T16:52Z,Trading systems,MetaTrader 5,[],,,ok,,a03dd352e98c61adb0485409884af68fc7a11f4de4441635c0ad68237a65c92a,md/9168.md,47618,11904
9171,https://www.mql5.com/en/articles/9171,Mathematics in trading: Sharpe and Sortino ratios,,2022-03-31T15:26Z,Trading,MetaTrader 5,[],,,ok,,1a439973a4cd8995e2230ac0df07ac14fa35343506a8236b4934ce610ee920ab,md/9171.md,49126,12281
9198,https://www.mql5.com/en/articles/9198,Swaps (Part I): Locking and Synthetic Positions,,2021-06-02T15:26Z,Trading,MetaTrader 5,[],,,ok,,0db02ae208b1b0aad30ac9c377f160150c782d38df9d28bfe3bf1781347cc189,md/9198.md,102731,25682
9207,https://www.mql5.com/en/articles/9207,Neural networks made easy (Part 13): Batch Normalization,,2021-05-14T14:15Z,Examples,MetaTrader 5,[],Neural networks made easy (): Batch Normalization,13,ok,,c56ee277ccb4fa01c5d1550f81353eda5ac9aa34307b7bbfa503e3f695f073b4,md/9207.md,63348,15837
9213,https://www.mql5.com/en/articles/9213,Other classes in DoEasy library (Part 67): Chart object class,,2021-05-11T09:23Z,Examples,MetaTrader 5,[],Other classes in DoEasy library (): Chart object class,67,ok,,4cd8f4f90c74220a98549c714e5a81929955c1adc8332aa2483432174a7b5b24,md/9213.md,228868,57217
9231,https://www.mql5.com/en/articles/9231,Combination scalping: analyzing trades from the past to increase the performance of future trades,Oleg Besedin,2021-05-26T06:56Z,Trading,MetaTrader 5,[],,,ok,,a98912e47b58472af78b7023da90bbcca40325fe5fd16cfcccc47dab97d18b2b,md/9231.md,25535,6383
9236,https://www.mql5.com/en/articles/9236,Other classes in DoEasy library (Part 68): Chart window object class and indicator object classes in the chart window,,2021-05-14T16:25Z,Examples,MetaTrader 5,[],Other classes in DoEasy library (): Chart window object class and indicator object classes in the chart window,68,ok,,2d7f375f38adb4a8ba3cb470fbcc820af871b61ca290f416f225460a60534348,md/9236.md,141890,35472
9260,https://www.mql5.com/en/articles/9260,Other classes in DoEasy library (Part 69): Chart object collection class,,2021-05-19T15:19Z,Examples,MetaTrader 5,[],Other classes in DoEasy library (): Chart object collection class,69,ok,,5ac52cb7fcf789542b49a24c8387f36fdd97513e7f03eda12430ead0d78d9254,md/9260.md,139808,34952
9266,https://www.mql5.com/en/articles/9266,"Tips from a professional programmer (Part I): Code storing, debugging and compiling. Working with projects and logs",,2021-05-26T15:43Z,Examples,MetaTrader 5,[],,,ok,,bd01602b50274f377f0c9aca09707305b904a86b198e0bc04da6f7db7f96f627,md/9266.md,16178,4044
9293,https://www.mql5.com/en/articles/9293,Other classes in DoEasy library (Part 70): Expanding functionality and auto updating the chart object collection,,2021-05-27T16:21Z,Examples,MetaTrader 5,[],Other classes in DoEasy library (): Expanding functionality and auto updating the chart object collection,70,ok,,f77048bce0799d450c48494a6563e9172fdcd14a995a6cf4a2439232cbeeb2a0,md/9293.md,95213,23803
9305,https://www.mql5.com/en/articles/9305,Brute force approach to patterns search (Part VI): Cyclic optimization,,2023-12-20T13:21Z,Examples,MetaTrader 5,[],,,ok,,b711f1a57f60416ebeb1f3bcfb3ed87fa0f4678d57e220bc538d2f0dbc068d57,md/9305.md,47187,11796
9327,https://www.mql5.com/en/articles/9327,"Tips from a professional programmer (Part II): Storing and exchanging parameters between an Expert Advisor, scripts and external programs",,2021-06-04T14:35Z,Examples,MetaTrader 5,[],,,ok,,0c04b651ddd44f6407113a66ddd3cda50604f02d67bae1ed6bbeac5b5f77fc74,md/9327.md,35379,8844
9360,https://www.mql5.com/en/articles/9360,Other classes in DoEasy library (Part 71): Chart object collection events,,2021-06-03T15:03Z,Examples,MetaTrader 5,[],Other classes in DoEasy library (): Chart object collection events,71,ok,,32d91d5d0aa05c0c5c77721943572c1dde0272aefcf41c3c72d1760c027b063c,md/9360.md,141825,35456
9385,https://www.mql5.com/en/articles/9385,Other classes in DoEasy library (Part 72): Tracking and recording chart object parameters in the collection,,2021-06-14T14:23Z,Examples,MetaTrader 5,[],Other classes in DoEasy library (): Tracking and recording chart object parameters in the collection,72,ok,,c19dd133c002a9145da3cacf1e98d5beaf8c0b1eb952d42ab2bd4463b3022035,md/9385.md,183870,45967
9394,https://www.mql5.com/en/articles/9394,Patterns with Examples (Part I): Multiple Top,,2021-08-16T15:56Z,Trading systems,MetaTrader 5,[],,,ok,,d98ce6da9c56eded0804f80aa3a8e05c20f89f6461a27bc53c4efc7fef0abee4,md/9394.md,59977,14994
9442,https://www.mql5.com/en/articles/9442,Graphics in DoEasy library (Part 73): Form object of a graphical element,,2021-06-23T11:54Z,Examples,MetaTrader 5,[],Graphics in DoEasy library (): Form object of a graphical element,73,ok,,bb7cafe7694437798b7bfd939285a8065ae5a28b95742276f76a23b3ab3d2cec,md/9442.md,87042,21760
9456,https://www.mql5.com/en/articles/9456,Combinatorics and probability theory for trading (Part I): The basics,,2021-08-31T15:58Z,Tester,MetaTrader 5,[],,,ok,,5fdb1333f63773fb4f580cea900cdfd2c53867292200cfa0c25c44641705064f,md/9456.md,46342,11585
9493,https://www.mql5.com/en/articles/9493,Graphics in DoEasy library (Part 74): Basic graphical element powered by the CCanvas class,,2021-06-28T12:23Z,Examples,MetaTrader 5,[],Graphics in DoEasy library (): Basic graphical element powered by the CCanvas class,74,ok,,8989e8ab2199ac4f1162b33179cf1d608dccdd0712c1dca63b2891f6af416569,md/9493.md,85090,21272
9511,https://www.mql5.com/en/articles/9511,Combinatorics and probability theory for trading (Part II): Universal fractal,,2021-09-28T16:16Z,Trading,MetaTrader 5,[],,,ok,,b41a447204503df5355e224cc3af42a19bd16b2110e291d1e3553b9af4283fc5,md/9511.md,44881,11220
9514,https://www.mql5.com/en/articles/9514,Multilayer perceptron and backpropagation algorithm (Part II): Implementation in Python and integration with MQL5,,2021-11-16T14:47Z,Examples,MetaTrader 5,[],,,ok,,0db7115bacda88b86b8611cb70a61855b677b0610eaadea1867b066bae830484,md/9514.md,51889,12972
9515,https://www.mql5.com/en/articles/9515,Graphics in DoEasy library (Part 75): Methods of handling primitives and text in the basic graphical element,,2021-07-06T11:42Z,Examples,MetaTrader 5,[],Graphics in DoEasy library (): Methods of handling primitives and text in the basic graphical element,75,ok,,8cfac66ef81c8e82f77b8279ac673eb0eca39b587e8a853a3ac9a90e64628445,md/9515.md,171449,42862
9527,https://www.mql5.com/en/articles/9527,Cluster analysis (Part I): Mastering the slope of indicator lines,,2021-06-17T14:07Z,Examples,MetaTrader 5,[],,,ok,,3eadedc297bf486654c7ad48cc4d836fc09d4196ab6386c452465b925f83d685,md/9527.md,50881,12720
9553,https://www.mql5.com/en/articles/9553,Graphics in DoEasy library (Part 76): Form object and predefined color themes,,2021-07-19T16:48Z,Examples,MetaTrader 5,[],Graphics in DoEasy library (): Form object and predefined color themes,76,ok,,821f35f9513d94441b77c2d1506c9fbb170569edb185802b6bdc2788327d7052,md/9553.md,148089,37022
9570,https://www.mql5.com/en/articles/9570,Combinatorics and probability theory for trading (Part III): The first mathematical model,,2021-10-06T11:13Z,Trading,MetaTrader 5,[],,,ok,,07f58db2d3a381179d985b3e5cd1e01a11709e7ae5ada7cbd86bdfdbf083a9cb,md/9570.md,44395,11098
9575,https://www.mql5.com/en/articles/9575,Graphics in DoEasy library (Part 77): Shadow object class,,2021-07-26T14:12Z,Examples,MetaTrader 5,[],Graphics in DoEasy library (): Shadow object class,77,ok,,f56798e6d43d3bfe104bdfe379be7304630e32837e5178475d8de607113ed50c,md/9575.md,93037,23259
9612,https://www.mql5.com/en/articles/9612,Graphics in DoEasy library (Part 78): Animation principles in the library. Image slicing,,2021-08-03T15:49Z,Examples,MetaTrader 5,[],Graphics in DoEasy library (): Animation principles in the library. Image slicing,78,ok,,671f24785b55deeb342d5afe6d96f1ddda49c679530a2819febb4abc37fd9d07,md/9612.md,95968,23992
9643,https://www.mql5.com/en/articles/9643,Better Programmer (Part 01): You must stop doing these 5 things to become a successful MQL5 programmer,,2021-07-27T15:55Z,Examples,MetaTrader 5,[],Better Programmer (): You must stop doing these 5 things to become a successful MQL5 programmer,1,ok,,6a711d0f14f94f0d0c61061b92fb6b66ea05df729a759e24a7404e0c8c09cdc9,md/9643.md,17942,4485
9652,https://www.mql5.com/en/articles/9652,"Graphics in DoEasy library (Part 79): ""Animation frame"" object class and its descendant objects",,2021-09-06T11:06Z,Examples,MetaTrader 5,[],"Graphics in DoEasy library (): ""Animation frame"" object class and its descendant objects",79,ok,,f734cf6788d87856f91a32dc20b562cd528d90ec710a82ee9c959647173499d8,md/9652.md,564507,141126
9689,https://www.mql5.com/en/articles/9689,"Graphics in DoEasy library (Part 80): ""Geometric animation frame"" object class",,2021-09-10T17:17Z,Examples,MetaTrader 5,[],"Graphics in DoEasy library (): ""Geometric animation frame"" object class",80,ok,,00b89ece29d9346d9c6d72f08ed52eba2edbd58a9408901d65f32d84ed274f99,md/9689.md,195177,48794
9711,https://www.mql5.com/en/articles/9711,Better Programmer (Part 02): Stop doing these 5 things to become a successful MQL5 programmer,,2021-08-06T10:08Z,Trading systems,MetaTrader 5,[],Better Programmer (): Stop doing these 5 things to become a successful MQL5 programmer,2,ok,,7d14b45e31a476f97653c29d509f27ac7ad97d3b9139e1a8643b14c36b139750,md/9711.md,18205,4551
9717,https://www.mql5.com/en/articles/9717,An attempt at developing an EA constructor,,2021-12-23T09:45Z,Examples,MetaTrader 5,[],,,ok,,ff95b76e1f86831d8eca801bb3f7dd847db370f3d5cde42c8053eaea170a0f49,md/9717.md,67653,16913
9746,https://www.mql5.com/en/articles/9746,Better Programmer (Part 03): Give Up doing these 5 things to become a successful MQL5 Programmer,,2021-08-20T07:46Z,Examples,MetaTrader 5,[],Better Programmer (): Give Up doing these 5 things to become a successful MQL5 Programmer,3,ok,,0d0218fef39cafabc16f73a7accc3e6024dee2712ac7e8bae398eddc5b735dec,md/9746.md,13575,3393
9751,https://www.mql5.com/en/articles/9751,Graphics in DoEasy library (Part 81): Integrating graphics into library objects,,2021-09-20T13:45Z,Examples,MetaTrader 5,[],Graphics in DoEasy library (): Integrating graphics into library objects,81,ok,,aa132810493679d01b49618315be5c4b17472c64a3eacef7b8c93402647bca44,md/9751.md,65612,16403
9752,https://www.mql5.com/en/articles/9752,Better Programmer (Part 04): How to become a faster developer,,2021-08-25T10:23Z,Examples,MetaTrader 5,[],Better Programmer (): How to become a faster developer,4,ok,,52134b0c681a9b2cdfa9c2161417dd5bb1cb3ea3ef4858751ff26984c752cff8,md/9752.md,34338,8584
9801,https://www.mql5.com/en/articles/9801,Improved candlestick pattern recognition illustrated by the example of Doji,,2022-02-14T15:39Z,Indicators,MetaTrader 5,[],,,ok,,d555d8678398a001b69fd11180ccdc538da26270323523a03662f99b4bb619e4,md/9801.md,26375,6593
9804,https://www.mql5.com/en/articles/9804,Bid/Ask spread analysis in MetaTrader 5,Paul Kelly,2021-09-07T13:21Z,Trading,MetaTrader 5,[],,,ok,,fa5a58b710d4302987d42e217b36f7e08429d1f11efaf8d19577b855ef9a08a0,md/9804.md,26000,6500
9805,https://www.mql5.com/en/articles/9805,Matrices and vectors in MQL5,,2022-02-11T16:57Z,Trading,MetaTrader 5,[],,,ok,,e7657d8987e2083923d4777097018c135ce80fcc69df6aa3825ec8487fa1ac54,md/9805.md,35758,8939
9827,https://www.mql5.com/en/articles/9827,Fix PriceAction Stoploss or Fixed RSI (Smart StopLoss),Oghenevwegba Thankgod Emuowhochere,2021-11-25T13:07Z,Examples,MetaTrader 5,[],,,ok,,3285c69abb2cdf87f9f5a5a053000a6413cca4ff7c43b1cd48f34694fbcae953,md/9827.md,34293,8573
9840,https://www.mql5.com/en/articles/9840,Better programmer (Part 05): How to become a faster developer,,2021-09-16T08:44Z,Examples,MetaTrader 5,[],Better programmer (): How to become a faster developer,5,ok,,19ff4e4c17f0a8276ce416599b6605c41527b977f2112a09253d915a8de7f6f9,md/9840.md,24773,6193
9850,https://www.mql5.com/en/articles/9850,Graphics in DoEasy library (Part 82): Library objects refactoring and collection of graphical objects,,2021-09-30T16:21Z,Examples,MetaTrader 5,[],Graphics in DoEasy library (): Library objects refactoring and collection of graphical objects,82,ok,,a8d9b8251e9787d04e3866f79d01a063f681941768d83e8ed8821e35d9b6c48a,md/9850.md,161910,40477
9868,https://www.mql5.com/en/articles/9868,"Universal regression model for market price prediction (Part 2): Natural, technological and social transient functions",,2022-01-26T08:04Z,Trading,MetaTrader 5,[],"Universal regression model for market price prediction (): Natural, technological and social transient functions",2,ok,,d1c493acd827ba4fbde6145d96aac7f59fdd991394078d25e0276059de1e5fe8,md/9868.md,16778,4194
9874,https://www.mql5.com/en/articles/9874,MQL5 Cookbook – Economic Calendar,,2022-01-12T15:52Z,Examples,MetaTrader 5,[],,,ok,,18c81dd5a6eca4059f1c2ea0449690d805820ccba98ed155bbdea5c56bc7c90b,md/9874.md,118567,29641
9875,https://www.mql5.com/en/articles/9875,Multilayer perceptron and backpropagation algorithm (Part 3): Integration with the Strategy Tester - Overview (I).,,2023-06-19T13:29Z,Tester,MetaTrader 5,[],Multilayer perceptron and backpropagation algorithm (): Integration with the Strategy Tester - Overview (I).,3,ok,,2e2a9d22426fcef2c8f6dd1da5e2ef86c62c50aac833e249f1c1d45161eea9c5,md/9875.md,26681,6670
9902,https://www.mql5.com/en/articles/9902,Graphics in DoEasy library (Part 83): Class of the abstract standard graphical object,,2021-10-11T11:11Z,Examples,MetaTrader 5,[],Graphics in DoEasy library (): Class of the abstract standard graphical object,83,ok,,80ac3b82d9cd15f35d07b62a21242ca90340790714c7d750b1b4cb41a3d0522f,md/9902.md,219736,54934
9914,https://www.mql5.com/en/articles/9914,Manual charting and trading toolkit (Part III). Optimization and new tools,,2022-01-14T11:26Z,Examples,MetaTrader 5,[],,,ok,,4ffd9bd6230df0ddde92a735302c0cf45f2741a852870f1e7abb7f675b194347,md/9914.md,45266,11316
9922,https://www.mql5.com/en/articles/9922,Visual evaluation of optimization results,,2022-03-02T09:28Z,Tester,MetaTrader 5,[],,,ok,,4036ec8cbbec96dbd15ffa3e4f8fb0576769e79bc96a762db5e57716139a4a8b,md/9922.md,54114,13528
9923,https://www.mql5.com/en/articles/9923,Better Programmer (Part 06): 9 habits that lead to effective coding,,2021-10-14T15:43Z,Examples,MetaTrader 5,[],Better Programmer (): 9 habits that lead to effective coding,6,ok,,57dc8af18c07d6630dd27acdd9b2e19661d71646e5b2bc7e682e71ebb53dc970,md/9923.md,24192,6048
9926,https://www.mql5.com/en/articles/9926,Dealing with Time (Part 1): The Basics,,2021-10-01T17:48Z,Tester,MetaTrader 5,[],Dealing with Time (): The Basics,1,ok,,10bf9b10f853abe917afc22e3e7781b0497a4262a6704d4fdf7c9c094eff4686,md/9926.md,34672,8668
9929,https://www.mql5.com/en/articles/9929,Dealing with Time (Part 2): The Functions,,2021-10-08T10:31Z,Examples,MetaTrader 5,[],Dealing with Time (): The Functions,2,ok,,baa60ed913f7458c850e7144b8f1c370d658c6adc54f99e34dfe00956231d1af,md/9929.md,59993,14998
9930,https://www.mql5.com/en/articles/9930,Graphics in DoEasy library (Part 84): Descendant classes of the abstract standard graphical object,,2021-10-20T14:27Z,Examples,MetaTrader 5,[],Graphics in DoEasy library (): Descendant classes of the abstract standard graphical object,84,ok,,26d0e3e1ac7c41c829d52d940b9b5a49e59a43461822dfccaf6af35fc79cc225,md/9930.md,277116,69279
9964,https://www.mql5.com/en/articles/9964,Graphics in DoEasy library (Part 85): Graphical object collection - adding newly created objects,,2021-10-27T15:44Z,Examples,MetaTrader 5,[],Graphics in DoEasy library (): Graphical object collection - adding newly created objects,85,ok,,76cf4bf8335b5630dab5e13a9ae2cce68aac65fcf6c61f380ab7960b7c8d2ec9,md/9964.md,267359,66839
9995,https://www.mql5.com/en/articles/9995,Better Programmer (Part 07): Notes on becoming a successful freelance developer,,2021-11-03T08:49Z,Examples,MetaTrader 5,[],Better Programmer (): Notes on becoming a successful freelance developer,7,ok,,614669a75472dfb1b68ceb60ef699eb1cfe202e9b37821593f1142303413c51a,md/9995.md,25290,6322
9998,https://www.mql5.com/en/articles/9998,Advanced EA constructor for MetaTrader - botbrains.app,Evgenii Shcherbakov,2022-01-26T09:54Z,Trading,MetaTrader 5,[],,,ok,,2736d394f4f706bea0bd7290fa74960d31430054c4d8b28262ef059773ae4b29,md/9998.md,59695,14923
10018,https://www.mql5.com/en/articles/10018,Graphics in DoEasy library (Part 86): Graphical object collection - managing property modification,,2021-11-17T13:48Z,Examples,MetaTrader 5,[],Graphics in DoEasy library (): Graphical object collection - managing property modification,86,ok,,f01601cb5f6ed63bc2ba441076798290f88e6c8ba05023a91a974524524ac315,md/10018.md,90323,22580
10038,https://www.mql5.com/en/articles/10038,Graphics in DoEasy library (Part 87): Graphical object collection - managing object property modification on all open charts,,2021-11-24T15:10Z,Examples,MetaTrader 5,[],Graphics in DoEasy library (): Graphical object collection - managing object property modification on all open charts,87,ok,,4d9dac07ec89c7dd443864fa84f54b429eac7ee1a4466a1a4d23f6453e236e0a,md/10038.md,65188,16297
10063,https://www.mql5.com/en/articles/10063,Combinatorics and probability for trading (Part IV): Bernoulli Logic,,2022-02-02T09:38Z,Trading,MetaTrader 5,[],,,ok,,051eb4fdb0b2df9e16adf0dae05ab5bfe8405ecb96cb80f612a48fd72259f319,md/10063.md,22979,5744
10071,https://www.mql5.com/en/articles/10071,Combinatorics and probability for trading (Part V): Curve analysis,,2022-02-08T11:20Z,Trading,MetaTrader 5,[],,,ok,,5afb548a1984370e12ea42db52931b2fb11be19e2f477b6706b98171b973e341,md/10071.md,34204,8551
10085,https://www.mql5.com/en/articles/10085,Developing a trading Expert Advisor from scratch,,2022-02-23T15:43Z,Trading,MetaTrader 5,[],,,ok,,6df8a30c4e39dbe6cd4d26b4232420791534ece695fac817af88080880b539e6,md/10085.md,26829,6707
10091,https://www.mql5.com/en/articles/10091,Graphics in DoEasy library (Part 88): Graphical object collection — two-dimensional dynamic array for storing dynamically changing object properties,,2021-12-15T10:10Z,Examples,MetaTrader 5,[],Graphics in DoEasy library (): Graphical object collection — two-dimensional dynamic array for storing dynamically changing object properties,88,ok,,62c7e71345b385ae7faaadd01ea4e58a125a09e0b80d036025a42ebef646b7b2,md/10091.md,215398,53849
10119,https://www.mql5.com/en/articles/10119,Graphics in DoEasy library (Part 89): Programming standard graphical objects. Basic functionality,,2022-01-21T16:07Z,Examples,MetaTrader 5,[],Graphics in DoEasy library (): Programming standard graphical objects. Basic functionality,89,ok,,c8ad854670d376bde9de08fcf37f8a26cb1f889913cd3adb7fcdf698155abe21,md/10119.md,258541,64635
10130,https://www.mql5.com/en/articles/10130,Using AutoIt With MQL5,,2021-12-01T09:22Z,Examples,MetaTrader 5,[],,,ok,,816dfd678bc4fd724ac2c227cae69db3d962004c0e7b1ba0b430d8b2930f9e70,md/10130.md,190930,47732
10139,https://www.mql5.com/en/articles/10139,Graphics in DoEasy library (Part 90): Standard graphical object events. Basic functionality,,2022-02-07T15:36Z,Examples,MetaTrader 5,[],Graphics in DoEasy library (): Standard graphical object events. Basic functionality,90,ok,,6274e8bc739c618634cbe0e5ee716c67ea68d22d2fce42ec8afa51da4a373463,md/10139.md,183678,45919
10184,https://www.mql5.com/en/articles/10184,Graphics in DoEasy library (Part 91): Standard graphical object events. Object name change history,,2022-02-15T15:05Z,Examples,MetaTrader 5,[],Graphics in DoEasy library (): Standard graphical object events. Object name change history,91,ok,,bd6249ffde02ebbf2b84e9bb0de10aea89f073a885bd15a2a83f2e7c6c3433fb,md/10184.md,81157,20289
10211,https://www.mql5.com/en/articles/10211,"Market math: profit, loss and costs",,2022-10-21T11:43Z,Examples,MetaTrader 5,[],,,ok,,dfa36d0f2a72978cb14add105ea6b24d366dd7c72caa305f0ae2688280fde6fc,md/10211.md,48057,12014
10212,https://www.mql5.com/en/articles/10212,The correct way to choose an Expert Advisor from the Market,,2022-03-11T09:27Z,Tester,MetaTrader 5,[],,,ok,,6e95b6c0e776461a0cf2457140c5b25a33bb4d046e187c596114c52af9f1acc6,md/10212.md,38529,9632
10215,https://www.mql5.com/en/articles/10215,Making charts more interesting: Adding a background,,2022-04-27T11:08Z,Examples,MetaTrader 5,[],,,ok,,b549812dd685f5621034c96c467416618f4d4942bcddb330ea52b3e6b6ef7a48,md/10215.md,30142,7535
10229,https://www.mql5.com/en/articles/10229,Multiple indicators on one chart (Part 01): Understanding the concepts,,2022-04-12T11:24Z,Examples,MetaTrader 5,[],Multiple indicators on one chart (): Understanding the concepts,1,ok,,9fcc467c64be21127d19c60640d67ac9e6611c82285efbc3ec745013a05bc298,md/10229.md,19904,4976
10230,https://www.mql5.com/en/articles/10230,Multiple indicators on one chart (Part 02): First experiments,,2022-05-02T15:28Z,Examples,MetaTrader 5,[],Multiple indicators on one chart (): First experiments,2,ok,,156efa760dd211d441897abb2004324d5abdffe113b75b0cb322d9f06fc52aaf,md/10230.md,23454,5863
10237,https://www.mql5.com/en/articles/10237,Graphics in DoEasy library (Part 92): Standard graphical object memory class. Object property change history,,2022-02-23T14:41Z,Examples,MetaTrader 5,[],Graphics in DoEasy library (): Standard graphical object memory class. Object property change history,92,ok,,853df77c347b287cfa411f4623cdb1163a6ea618358b77bc952af95784b8b02e,md/10237.md,155976,38994
10239,https://www.mql5.com/en/articles/10239,Multiple indicators on one chart (Part 03): Developing definitions for users,,2022-05-03T10:02Z,Examples,MetaTrader 5,[],Multiple indicators on one chart (): Developing definitions for users,3,ok,,4f2d8af2fd4bcc18f067c5f3ac4aba9f06e0c1f7e3e98c14a88e6bf4e73da2af,md/10239.md,22178,5544
10241,https://www.mql5.com/en/articles/10241,Multiple indicators on one chart (Part 04): Advancing to an Expert Advisor,,2022-05-09T12:48Z,Trading,MetaTrader 5,[],Multiple indicators on one chart (): Advancing to an Expert Advisor,4,ok,,72620a05f6aaad78e3018095467fae0b050bbb201c1660dbc8772f6b338fc615,md/10241.md,19903,4975
10249,https://www.mql5.com/en/articles/10249,MVC design pattern and its application (Part 2): Diagram of interaction between the three components,,2022-03-28T10:18Z,Trading systems,MetaTrader 5,[],MVC design pattern and its application (): Diagram of interaction between the three components,2,ok,,335d53318cd973c76115f471f8c8b51063f1e624d2685f446ff2a81f1656e784,md/10249.md,38411,9602
10275,https://www.mql5.com/en/articles/10275,WebSockets for MetaTrader 5 — Using the Windows API,,2022-01-18T12:38Z,Examples,MetaTrader 5,[],,,ok,,974844ad93ba0489f81c99c334bbab23f4b5e7f5d310404dd6cfc67dd1f0038e,md/10275.md,86916,21729
10277,https://www.mql5.com/en/articles/10277,Multiple indicators on one chart (Part 05): Turning MetaTrader 5 into a RAD system (I),,2022-05-13T14:41Z,Trading,MetaTrader 5,[],Multiple indicators on one chart (): Turning MetaTrader 5 into a RAD system (I),5,ok,,281d78a555c0cbb4293b031f9a88fd1b69a3ebf3a928d26adf2898828dc786bb,md/10277.md,38276,9569
10293,https://www.mql5.com/en/articles/10293,Learn Why and How to Design Your Algorithmic Trading System,,2022-01-21T10:35Z,Trading,MetaTrader 5,[],,,ok,,1623e0e71d6a297a92e74121f94577fad63a7e50675897f07b8f1423ef19ee08,md/10293.md,51654,12913
10301,https://www.mql5.com/en/articles/10301,Multiple indicators on one chart (Part 06): Turning MetaTrader 5 into a RAD system (II),,2022-05-17T11:57Z,Trading systems,MetaTrader 5,[],Multiple indicators on one chart (): Turning MetaTrader 5 into a RAD system (II),6,ok,,8c06838d5f55041a62a6e1dae5800e5ba86ff6e6f9018bc424d5a42e92766421,md/10301.md,27852,6963
10302,https://www.mql5.com/en/articles/10302,Developing a trading Expert Advisor from scratch (Part 7): Adding Volume at Price (I),,2022-05-25T15:06Z,Trading,MetaTrader 5,[],Developing a trading Expert Advisor from scratch (): Adding Volume at Price (I),7,ok,,1f411c3c01e066a964bdd289536dcd400daa35a71b4d28f2d2a7bdc87e482c78,md/10302.md,32249,8062
10329,https://www.mql5.com/en/articles/10329,Developing a trading Expert Advisor from scratch (Part 10): Accessing custom indicators,,2022-06-29T13:55Z,Trading systems,MetaTrader 5,[],Developing a trading Expert Advisor from scratch (): Accessing custom indicators,10,ok,,ecdcfb2bd69ccf7a5f594113b0037bb0956ba23cf79aea1585e59cacbb50789c,md/10329.md,29476,7369
10331,https://www.mql5.com/en/articles/10331,Graphics in DoEasy library (Part 93): Preparing functionality for creating composite graphical objects,,2022-03-02T13:59Z,Examples,MetaTrader 5,[],Graphics in DoEasy library (): Preparing functionality for creating composite graphical objects,93,ok,,0a4ea74c4769075ea2161b50bbe8bc6aa9ce5218bb69b9bb37f8a4c498658037,md/10331.md,173923,43480
10353,https://www.mql5.com/en/articles/10353,Developing a trading Expert Advisor from scratch (Part 8): A conceptual leap,,2022-06-21T11:29Z,Examples,MetaTrader 5,[],Developing a trading Expert Advisor from scratch (): A conceptual leap,8,ok,,71910588fdd9d6aa554451d9802f5ffb6555c2388b7290857b0e8ae59128985d,md/10353.md,45212,11303
10356,https://www.mql5.com/en/articles/10356,Graphics in DoEasy library (Part 94): Moving and deleting composite graphical objects,,2022-03-11T10:06Z,Examples,MetaTrader 5,[],Graphics in DoEasy library (): Moving and deleting composite graphical objects,94,ok,,eb47cc4bc66bf46111b514ed3929a9b4bfeafc80d2c694adc15e3e6ab6ce3c22,md/10356.md,96986,24246
10361,https://www.mql5.com/en/articles/10361,Using the CCanvas class in MQL applications,Mihail Matkovskij,2022-04-14T16:27Z,Examples,MetaTrader 5,[],,,ok,,df03e48e5ac89c53fa3e08c5394c47f114e10853a933423ba7ff88796f4f1573,md/10361.md,105491,26372
10363,https://www.mql5.com/en/articles/10363,Developing a trading Expert Advisor from scratch (Part 9): A conceptual leap (II),,2022-06-27T16:21Z,Indicators,MetaTrader 5,[],Developing a trading Expert Advisor from scratch (): A conceptual leap (II),9,ok,,b765ebf9b18cae3e92d0bdf4d67c68cdefcc3c692c8e060f1341b361dc2a2460,md/10363.md,34693,8673
10383,https://www.mql5.com/en/articles/10383,Developing a trading Expert Advisor from scratch (Part 11): Cross order system,,2022-06-30T15:52Z,Trading,MetaTrader 5,[],Developing a trading Expert Advisor from scratch (): Cross order system,11,ok,,8dbc819a28af27d2ee611e3e8346931493f53edd6ad03f79fd9cd4c0dc03063d,md/10383.md,43879,10969
10387,https://www.mql5.com/en/articles/10387,Graphics in DoEasy library (Part 95): Composite graphical object controls,,2022-03-18T06:41Z,Examples,MetaTrader 5,[],Graphics in DoEasy library (): Composite graphical object controls,95,ok,,2f6410e44996aaabe7ffd34fa3d22ff79e6d6f0f19a96417a60731496d923ecc,md/10387.md,90695,22673
10410,https://www.mql5.com/en/articles/10410,Developing a trading Expert Advisor from scratch (Part 12): Times and Trade (I),,2022-07-01T16:26Z,Trading systems,MetaTrader 5,[],Developing a trading Expert Advisor from scratch (): Times and Trade (I),12,ok,,baecc2382ee81e3dba1a3775c5fc396b4a0b6e27001e2bd43580aad9f823a90b,md/10410.md,27516,6879
10412,https://www.mql5.com/en/articles/10412,Developing a trading Expert Advisor from scratch (Part 13): Time and Trade (II),,2022-07-04T14:45Z,Trading systems,MetaTrader 5,[],Developing a trading Expert Advisor from scratch (): Time and Trade (II),13,ok,,d7077c86468f61cf2237dde8428530cddaee11614535fb40b685fe27115f1478,md/10412.md,23660,5915
10417,https://www.mql5.com/en/articles/10417,Graphics in DoEasy library (Part 96): Graphics in form objects and handling mouse events,,2022-03-30T12:46Z,Examples,MetaTrader 5,[],Graphics in DoEasy library (): Graphics in form objects and handling mouse events,96,ok,,3ffcf7d58d337645822f6ce4730ea89645b6ad14be7eb7460fb1fc14ad6ba848,md/10417.md,403661,100915
10419,https://www.mql5.com/en/articles/10419,Developing a trading Expert Advisor from scratch (Part 14): Adding Volume At Price (II),,2022-07-11T14:21Z,Trading systems,MetaTrader 5,[],Developing a trading Expert Advisor from scratch (): Adding Volume At Price (II),14,ok,,7cd2715fe27ae4c1cf09ec8aea2abe00ca5ff6001a353a2252bde8ed717bacb6,md/10419.md,43030,10757
10425,https://www.mql5.com/en/articles/10425,DirectX Tutorial (Part I): Drawing the first triangle,Rorschach,2022-04-21T14:04Z,Integration,MetaTrader 5,[],,,ok,,ea9d0d6bba7e8f24826eb671869fa7b7d6c01321c6b697f9c9daedc6b8106772,md/10425.md,45976,11494
10430,https://www.mql5.com/en/articles/10430,Developing a trading Expert Advisor from scratch (Part 15): Accessing data on the web (I),,2022-07-13T15:13Z,Integration,MetaTrader 5,[],Developing a trading Expert Advisor from scratch (): Accessing data on the web (I),15,ok,,b3faad0cfe3dcd417c85e3dd2e4afb88e1296ad851c85146271b9a5c77571de6,md/10430.md,23614,5903
10431,https://www.mql5.com/en/articles/10431,How to master Machine Learning,,2022-06-22T11:25Z,Examples,MetaTrader 5,[],,,ok,,a48aa118b133de35e7dce4a3b45726921c5412a3df154daa3a69808c6b844ae0,md/10431.md,34737,8684
10442,https://www.mql5.com/en/articles/10442,Developing a trading Expert Advisor from scratch (Part 16): Accessing data on the web (II),,2022-07-22T16:25Z,Integration,MetaTrader 5,[],Developing a trading Expert Advisor from scratch (): Accessing data on the web (II),16,ok,,79a48aaa464331dff2b607a7fb1a4f4336f8ab61feb7c9c51089502086180ae3,md/10442.md,30909,7727
10447,https://www.mql5.com/en/articles/10447,Developing a trading Expert Advisor from scratch (Part 17): Accessing data on the web (III),,2022-07-28T11:35Z,Examples,MetaTrader 5,[],Developing a trading Expert Advisor from scratch (): Accessing data on the web (III),17,ok,,dda4581c226f5a4f90af370f7ef7014b44b88842f5fd42f36e6dbb272fe2caa9,md/10447.md,37364,9341
10459,https://www.mql5.com/en/articles/10459,Data Science and Machine Learning (Part 01): Linear Regression,,2022-03-15T08:31Z,Trading systems,MetaTrader 5,[],Data Science and Machine Learning (): Linear Regression,1,ok,,d09812b620c55b748c17955940c529b86150c9f2fb377fee0fcb5acd8f5129ae,md/10459.md,38854,9713
10462,https://www.mql5.com/en/articles/10462,Developing a trading Expert Advisor from scratch (Part 18): New order system (I),,2022-07-29T14:02Z,Trading,MetaTrader 5,[],Developing a trading Expert Advisor from scratch (): New order system (I),18,ok,,931b1a95c8ae7d5de341842ad4f8acb018e3a5950f64b0ac052dce17c5989656,md/10462.md,50885,12721
10474,https://www.mql5.com/en/articles/10474,Developing a trading Expert Advisor from scratch (Part 19): New order system (II),,2022-08-17T15:45Z,Trading,MetaTrader 5,[],Developing a trading Expert Advisor from scratch (): New order system (II),19,ok,,1de749c1cca98241e295411f7ee910d5ec79735b7a745c36181c41a0dc8ee482,md/10474.md,33690,8422
10475,https://www.mql5.com/en/articles/10475,Tips from a professional programmer (Part III): Logging. Connecting to the Seq log collection and analysis system,,2022-05-04T10:32Z,Statistics and analysis,MetaTrader 5,[],,,ok,,a0ce77a443eabaf2716b60df1c1d008e9219c61fcc8b9b081d2d61dcf77dbd87,md/10475.md,24402,6100
10478,https://www.mql5.com/en/articles/10478,Learn how to design a trading system by Envelopes,,2022-03-03T10:51Z,Trading,MetaTrader 5,[],,,ok,,b6eb18b67346dd565d83db3a3a3339be595faa0c54df89d59f154fa6944b3daa,md/10478.md,40275,10068
10479,https://www.mql5.com/en/articles/10479,What you can do with Moving Averages,,2022-04-28T14:13Z,Examples,MetaTrader 5,[],,,ok,,85a4145286451beab27762c5fc0ea0cafc870092b53a4527de5b8177394aea1a,md/10479.md,33848,8462
10482,https://www.mql5.com/en/articles/10482,Graphics in DoEasy library (Part 97): Independent handling of form object movement,,2022-04-21T16:46Z,Examples,MetaTrader 5,[],Graphics in DoEasy library (): Independent handling of form object movement,97,ok,,6ed0d1043a7441b0473767ae3e8f90eb69c11130f5728688265ee2f2d2632304,md/10482.md,136258,34064
10497,https://www.mql5.com/en/articles/10497,Developing a trading Expert Advisor from scratch (Part 20): New order system (III),,2022-08-19T16:08Z,Trading systems,MetaTrader 5,[],Developing a trading Expert Advisor from scratch (): New order system (III),20,ok,,c24321874ed8b419df4762e90396ab433aa4f902ab9e0ef2895fa80349647bed,md/10497.md,33027,8256
10499,https://www.mql5.com/en/articles/10499,Developing a trading Expert Advisor from scratch (Part 21): New order system (IV),,2022-09-01T16:21Z,Trading systems,MetaTrader 5,[],Developing a trading Expert Advisor from scratch (): New order system (IV),21,ok,,9bd0b091cb0afdbd5f6a5eee0720081735303cd98f568edea03d34be2347ed3d,md/10499.md,57685,14421
10516,https://www.mql5.com/en/articles/10516,Developing a trading Expert Advisor from scratch (Part 22): New order system (V),,2022-10-04T11:38Z,Trading,MetaTrader 5,[],Developing a trading Expert Advisor from scratch (): New order system (V),22,ok,,029e7dbf26be019d740cf46d1f21bb875345c7dd9b0fcd77ae68aea71c772138,md/10516.md,45606,11401
10521,https://www.mql5.com/en/articles/10521,Graphics in DoEasy library (Part 98): Moving pivot points of extended standard graphical objects,,2022-05-05T16:33Z,Examples,MetaTrader 5,[],Graphics in DoEasy library (): Moving pivot points of extended standard graphical objects,98,ok,,7d330ed736136b6ad633b945bbc4a596e1d0e0fdc34291fb516620ede373aabb,md/10521.md,89196,22299
10528,https://www.mql5.com/en/articles/10528,Learn how to design a trading system by RSI,,2022-03-10T13:35Z,Trading,MetaTrader 5,[],,,ok,,e04c43ada78b4e699c2234e980dd7568afc2cf6e21870de869049b3de6ba521f,md/10528.md,36283,9070
10543,https://www.mql5.com/en/articles/10543,Developing a Replay System — Market simulation (Part 01): First experiments (I),,2023-07-13T11:01Z,Tester,MetaTrader 5,[],Developing a Replay System — Market simulation (): First experiments (I),1,ok,,b08229b8e4400f918cfa2c67d6996e258d3d5ef5fc0fecbfad9c904e938330b1,md/10543.md,51370,12842
10547,https://www.mql5.com/en/articles/10547,Learn how to design a trading system by Momentum,,2022-03-22T10:42Z,Trading,MetaTrader 5,[],,,ok,,2ed72870f1c35f1ff41c36e99d426e73b7c6e7dadec5c9294bed62fd838742b4,md/10547.md,31218,7804
10551,https://www.mql5.com/en/articles/10551,Developing a Replay System — Market simulation (Part 02): First experiments (II),,2023-07-14T16:34Z,Tester,MetaTrader 5,[],Developing a Replay System — Market simulation (): First experiments (II),2,ok,,cd963b5f2ab4cba47176347faad9b9702d6770a0b71c176c923e7904ba91e4cb,md/10551.md,29574,7393
10563,https://www.mql5.com/en/articles/10563,Developing a trading Expert Advisor from scratch (Part 23): New order system (VI),,2022-10-05T16:20Z,Trading,MetaTrader 5,[],Developing a trading Expert Advisor from scratch (): New order system (VI),23,ok,,3f9f6c61c65b5c08b941a23442572d875baa33e7b022ce234d53a9353941a058,md/10563.md,60070,15017
10584,https://www.mql5.com/en/articles/10584,Graphics in DoEasy library (Part 99): Moving an extended graphical object using a single control point,,2022-05-12T15:51Z,Examples,MetaTrader 5,[],Graphics in DoEasy library (): Moving an extended graphical object using a single control point,99,ok,,9651fa9d813ae8013e449ba23de5de4b55407dc5e126d67c2ced4cf6ed830317,md/10584.md,105135,26283
10592,https://www.mql5.com/en/articles/10592,Learn how to design a trading system by CCI,,2022-04-06T10:15Z,Trading,MetaTrader 5,[],,,ok,,6d9a199718bed47c0d10fcc60600a771aace22061dbde0671f988e16a00340b4,md/10592.md,40817,10204
10593,https://www.mql5.com/en/articles/10593,Developing a trading Expert Advisor from scratch (Part 24): Providing system robustness (I),,2022-10-18T08:49Z,Trading,MetaTrader 5,[],Developing a trading Expert Advisor from scratch (): Providing system robustness (I),24,ok,,9e45611ae481e6c3a391201e68b86e0ba8267045bd436d7ce0687cd257647dab,md/10593.md,69760,17440
10606,https://www.mql5.com/en/articles/10606,Developing a trading Expert Advisor from scratch (Part 25): Providing system robustness (II),,2022-10-19T10:59Z,Examples,MetaTrader 5,[],Developing a trading Expert Advisor from scratch (): Providing system robustness (II),25,ok,,0205dd1fd67969f6966da3f4e696c3ed66203dffcfd252431b2d91bc970cee53,md/10606.md,65603,16400
10620,https://www.mql5.com/en/articles/10620,Developing a trading Expert Advisor from scratch (Part 26): Towards the future (I),,2022-10-19T15:58Z,Examples,MetaTrader 5,[],Developing a trading Expert Advisor from scratch (): Towards the future (I),26,ok,,806090c7aac39a8e0fc4b9bf2ca0e4d48c4113486683864b487a98a1e0cc49be,md/10620.md,56470,14117
10626,https://www.mql5.com/en/articles/10626,Data Science and Machine Learning (Part 02): Logistic Regression,,2022-04-08T10:03Z,Trading systems,MetaTrader 5,[],Data Science and Machine Learning (): Logistic Regression,2,ok,,fae2839ba0b1dbb5b76334088472da1842a1c8da385aff4ba5f561db2d2d94c3,md/10626.md,46591,11647
10630,https://www.mql5.com/en/articles/10630,Developing a trading Expert Advisor from scratch (Part 27): Towards the future (II),,2022-10-21T11:16Z,Examples,MetaTrader 5,[],Developing a trading Expert Advisor from scratch (): Towards the future (II),27,ok,,65d3df417cc2a9f84e5fa681ebb1df6c982c100593b77918acd5755fc53dfb68,md/10630.md,66282,16570
10634,https://www.mql5.com/en/articles/10634,Graphics in DoEasy library (Part 100): Making improvements in handling extended standard graphical objects,,2022-05-20T16:56Z,Examples,MetaTrader 5,[],Graphics in DoEasy library (): Making improvements in handling extended standard graphical objects,100,ok,,be9f5cdf8e17fc0b232bb57c55a4c3ca50a64ce2dae9e472e4c013777d1f42e4,md/10634.md,96951,24237
10635,https://www.mql5.com/en/articles/10635,Developing a trading Expert Advisor from scratch (Part 28): Towards the future (III),,2022-11-01T10:48Z,Examples,MetaTrader 5,[],Developing a trading Expert Advisor from scratch (): Towards the future (III),28,ok,,69b29ac268f8bf6a00ded80fb0a7bf8a19e230b1bed12d92d56693e0ec8e42f4,md/10635.md,47524,11881
10653,https://www.mql5.com/en/articles/10653,Developing an Expert Advisor from scratch (Part 30): CHART TRADE as an indicator?,,2022-12-05T12:02Z,Examples,MetaTrader 5,[],Developing an Expert Advisor from scratch (): CHART TRADE as an indicator?,30,ok,,6e9e459450ce1ae94ce85264c5fbae1b3c154e30bafd7491c1509b79268634fe,md/10653.md,47668,11917
10663,https://www.mql5.com/en/articles/10663,DoEasy. Controls (Part 1): First steps,,2022-05-31T13:41Z,Examples,MetaTrader 5,[],DoEasy. Controls (): First steps,1,ok,,42d1a3e7dd11ab53dab3f1798cff0685aab1cd0ea24bfa210dc1ae5b8896dce5,md/10663.md,146315,36578
10664,https://www.mql5.com/en/articles/10664,Developing a trading Expert Advisor from scratch (Part 29): The talking platform,,2022-11-11T13:03Z,Examples,MetaTrader 5,[],Developing a trading Expert Advisor from scratch (): The talking platform,29,ok,,2fb66cc10afddfb4c2cc4a1997163d1f594bb750fb3a89b2ba53567ba50340cc,md/10664.md,36822,9205
10671,https://www.mql5.com/en/articles/10671,Automated exchange grid trading using stop pending orders on Moscow Exchange (MOEX),,2023-06-19T09:04Z,Trading,MetaTrader 5,[],,,ok,,31fa6327e26f381d500db761a647c0bf7fa546516ea8233b2f7192733735d399,md/10671.md,24054,6013
10672,https://www.mql5.com/en/articles/10672,Automated grid trading using limit orders on Moscow Exchange (MOEX),,2022-07-27T10:31Z,Trading,MetaTrader 5,[],,,ok,,07e34da55521dab294f74a2d840f20adfe7262c17d61c8f9a377377cb3edd439,md/10672.md,21008,5252
10674,https://www.mql5.com/en/articles/10674,Learn how to design a trading system by MACD,,2022-04-14T14:36Z,Trading,MetaTrader 5,[],,,ok,,e077b40b062d2608cefa874e26ed474f38a35c10c2055afa4f22a1bdbdebc6ba,md/10674.md,36136,9034
10678,https://www.mql5.com/en/articles/10678,Developing a trading Expert Advisor from scratch (Part 31): Towards the future (IV),,2022-12-19T14:05Z,Trading,MetaTrader 5,[],Developing a trading Expert Advisor from scratch (): Towards the future (IV),31,ok,,1d43867b9d13258b4978fb58bf03db9d20109455e62edd361ede3f99f16a303a,md/10678.md,24978,6244
10683,https://www.mql5.com/en/articles/10683,Market Simulation (Part 14): Sockets (VIII),,2026-02-12T11:11Z,Examples,MetaTrader 5,[],Market Simulation (): Sockets (VIII),14,ok,,fe9c032d52f187fef26703786d0ac40d60fa9a13a08f2f336ecae0e1e8c0a3bc,md/10683.md,29323,7330
10692,https://www.mql5.com/en/articles/10692,Learn how to design a trading system by Stochastic,,2022-04-21T11:33Z,Trading,MetaTrader 5,[],,,ok,,9cb0fbd7d747e617bbfb2a6f0793d8b3cfff142d92c3803bccf4240f78a1a227,md/10692.md,42858,10714
10697,https://www.mql5.com/en/articles/10697,DoEasy. Controls (Part 2): Working on the CPanel class,,2022-06-09T12:12Z,Examples,MetaTrader 5,[],DoEasy. Controls (): Working on the CPanel class,2,ok,,d5c1ba2107c327da67a1011b81c64cdbd06aa70123f1b48b58a1feb3c7b3e7c5,md/10697.md,82864,20716
10704,https://www.mql5.com/en/articles/10704,Developing a Replay System — Market simulation (Part 05): Adding Previews,,2023-08-24T15:55Z,Examples,MetaTrader 5,[],Developing a Replay System — Market simulation (): Adding Previews,5,ok,,7ca383637cc3782811793f1e4c30d33b53b4d8ab608965ba7675f0507e304082,md/10704.md,40816,10204
10706,https://www.mql5.com/en/articles/10706,Developing a Replay System — Market simulation (Part 03): Adjusting the settings (I),,2023-07-18T16:19Z,Examples,MetaTrader 5,[],Developing a Replay System — Market simulation (): Adjusting the settings (I),3,ok,,7be68379d7e3f5e1bb04a9be48e7264594d58db37dedf9d26c3021bd6b2d7881,md/10706.md,34664,8666
10714,https://www.mql5.com/en/articles/10714,Developing a Replay System — Market simulation (Part 04): adjusting the settings (II),,2023-08-07T07:44Z,Examples,MetaTrader 5,[],Developing a Replay System — Market simulation (): adjusting the settings (II),4,ok,,85dbee9ec59a05d8e80e55466aeb4d0467f6bfcaa04cfd51cad18dc09e1eb0c6,md/10714.md,42098,10524
10715,https://www.mql5.com/en/articles/10715,Learn how to design a trading system by ADX,,2022-04-29T13:04Z,Trading,MetaTrader 5,[],,,ok,,e66eecca513d811f6de4576a96a4147b8bdf58ac9e060c1ab1c4b4888609ee02,md/10715.md,51817,12954
10733,https://www.mql5.com/en/articles/10733,DoEasy. Controls (Part 3): Creating bound controls,,2022-06-16T15:56Z,Examples,MetaTrader 5,[],DoEasy. Controls (): Creating bound controls,3,ok,,c62e1db4f2047b89297960bb501cf3665300f10b3aa9cda721b75bfaab3947a7,md/10733.md,120286,30071
10748,https://www.mql5.com/en/articles/10748,Learn how to design a trading system by ATR,,2022-05-05T15:10Z,Trading,MetaTrader 5,[],,,ok,,6d58c7d9a427c5d4c96f1c5d612c4193e34173eae3e5babe09db6bcb6f6ef3ce,md/10748.md,41110,10277
10756,https://www.mql5.com/en/articles/10756,"DoEasy. Controls (Part 4): Panel control, Padding and Dock parameters",,2022-06-22T13:11Z,Examples,MetaTrader 5,[],"DoEasy. Controls (): Panel control, Padding and Dock parameters",4,ok,,195f9a37e3274f4c85f370c460bad1aa092a394073eb411713ebda58f26e9c66,md/10756.md,122885,30721
10768,https://www.mql5.com/en/articles/10768,Developing a Replay System — Market simulation (Part 06): First improvements (I),,2023-09-14T15:00Z,Tester,MetaTrader 5,[],Developing a Replay System — Market simulation (): First improvements (I),6,ok,,9fef50fc079d3e6bea4332f429d3b2f218b8d5badc0e28a6dff545dc004d6a5f,md/10768.md,41380,10345
10770,https://www.mql5.com/en/articles/10770,Indicators with on-chart interactive controls,Aleksandr Kononov,2022-07-06T14:25Z,Indicators,MetaTrader 5,[],,,ok,,72088d8d560cb222d4495bd99ae72b1471c9b0e70eb4caf46ac4bdbe9dacb998,md/10770.md,29759,7439
10784,https://www.mql5.com/en/articles/10784,Developing a Replay System — Market simulation (Part 07): First improvements (II),,2023-10-03T15:01Z,Examples,MetaTrader 5,[],Developing a Replay System — Market simulation (): First improvements (II),7,ok,,4139fc49594bc997298a619983dce9a6cd5693d3499fa607c58f656f0e4371e4,md/10784.md,43520,10880
10785,https://www.mql5.com/en/articles/10785,Neural networks made easy (Part 14): Data clustering,,2022-07-07T11:29Z,Examples,MetaTrader 5,[],Neural networks made easy (): Data clustering,14,ok,,480ee287e90a9954b001e71e92ceaf0e67d91ea8d2d49ae08d61263505481642,md/10785.md,30328,7582
10794,https://www.mql5.com/en/articles/10794,"DoEasy. Controls (Part 5): Base WinForms object, Panel control, AutoSize parameter",,2022-06-29T15:15Z,Examples,MetaTrader 5,[],"DoEasy. Controls (): Base WinForms object, Panel control, AutoSize parameter",5,ok,,9328c645f621bca54eb7d95af6839e0edd50a4da2c118fa01f4b7d3bf6cab8af,md/10794.md,147877,36969
10797,https://www.mql5.com/en/articles/10797,Developing a Replay System — Market simulation (Part 08): Locking the indicator,,2023-10-04T14:48Z,Examples,MetaTrader 5,[],Developing a Replay System — Market simulation (): Locking the indicator,8,ok,,302eb0c583c5620e1314e1e981a5db056a855eb5ec1e53e13bc1c0bbd28cc818,md/10797.md,40405,10101
10919,https://www.mql5.com/en/articles/10919,Developing a Replay System — Market simulation (Part 09): Custom events,,2023-11-08T16:50Z,Examples,MetaTrader 5,[],Developing a Replay System — Market simulation (): Custom events,9,ok,,aaf4d446f895175af7cfb06dc08bd15d44cae4030eb45b35e26f3d652c823545,md/10919.md,57611,14402
10920,https://www.mql5.com/en/articles/10920,Learn how to design a trading system by Parabolic SAR,,2022-05-13T17:09Z,Trading,MetaTrader 5,[],,,ok,,230c15b7b04b32269b58e7cd4debeb17c4ee04eb3c3213cd300e14d0f82a345d,md/10920.md,45403,11350
10922,https://www.mql5.com/en/articles/10922,Matrix and Vector operations in MQL5,,2022-09-26T10:04Z,Examples,MetaTrader 5,[],,,ok,,b726eefcfc2461cde7fc22b5cfc5b01ae752528b451f0a65ff6383a5ff5bca56,md/10922.md,66781,16695
10928,https://www.mql5.com/en/articles/10928,Data Science and Machine Learning (Part 03): Matrix Regressions,,2022-05-13T17:20Z,Examples,MetaTrader 5,[],Data Science and Machine Learning (): Matrix Regressions,3,ok,,ca92a834d34ce948be5994fb131ce05eee15be51f94fa460bb41a5e7a91afaa6,md/10928.md,53732,13433
10932,https://www.mql5.com/en/articles/10932,Developing a Replay System — Market simulation (Part 10): Using only real data for Replay,,2023-11-10T14:03Z,Examples,MetaTrader 5,[],Developing a Replay System — Market simulation (): Using only real data for Replay,10,ok,,221227b43b1c37e6fdf69cf41dbf1bfde4a5bfb17297fd395b570d1d3595a213,md/10932.md,48040,12010
10941,https://www.mql5.com/en/articles/10941,Creating a ticker tape panel: Basic version,,2023-02-10T16:36Z,Trading,MetaTrader 5,[],,,ok,,5f48a279fe4b359eedca6fe9ab01c6061773ea67d665d10c0d71537b985dfe6f,md/10941.md,56900,14225
10943,https://www.mql5.com/en/articles/10943,Neural networks made easy (Part 16): Practical use of clustering,,2022-07-26T15:59Z,Trading systems,MetaTrader 5,[],Neural networks made easy (): Practical use of clustering,16,ok,,05dc04db19e234b6c540974b1b9a9e313a0b8922db2e349a80e86b78fd3a8d9a,md/10943.md,60369,15092
10947,https://www.mql5.com/en/articles/10947,Neural networks made easy (Part 15): Data clustering using MQL5,,2022-07-20T12:58Z,Trading systems,MetaTrader 5,[],Neural networks made easy (): Data clustering using MQL5,15,ok,,4e6a7f331fb2df54b86d6f4383bb642742609480e50ff713e69d0ff8384197ae,md/10947.md,55043,13760
10954,https://www.mql5.com/en/articles/10954,Video: Simple automated trading – How to create a simple Expert Advisor with MQL5,,2022-05-23T13:30Z,Expert Advisors,MetaTrader 5,[],,,ok,,2c050632669fb2fbded90cbbd23094b65c2f30e75ca39d5ff89f4648ca710c88,md/10954.md,37266,9316
10955,https://www.mql5.com/en/articles/10955,The price movement model and its main provisions (Part 1): The simplest model version and its applications,,2022-07-21T09:40Z,Statistics and analysis,MetaTrader 5,[],The price movement model and its main provisions (): The simplest model version and its applications,1,ok,,ca0462aae1f279cefeb7a9f5f0b1679eef215e8329c7a615f54cb67b73a3596d,md/10955.md,27996,6999
10961,https://www.mql5.com/en/articles/10961,Learn how to design a trading system by OBV,,2022-05-24T08:48Z,Trading,MetaTrader 5,[],,,ok,,41d5772096103b705d85321f34f144955dbfca119137c941a9faef7967905795,md/10961.md,49026,12256
10962,https://www.mql5.com/en/articles/10962,Video: How to setup MetaTrader 5 and MQL5 for simple automated trading,,2022-06-02T13:04Z,Expert Advisors,MetaTrader 5,[],,,ok,,0a0a52f2b97736de0b91d4b0869753abfe55f69cb252a7ab6048bafa7216f4bb,md/10962.md,25106,6276
10963,https://www.mql5.com/en/articles/10963,Creating a ticker tape panel: Improved version,,2023-02-13T15:01Z,Indicators,MetaTrader 5,[],,,ok,,cd5e7491433bc2d5b8c05c5653844f4b4844dfc9b4b13660f3d3d87092c5b91a,md/10963.md,35435,8858
10973,https://www.mql5.com/en/articles/10973,Developing a Replay System — Market simulation (Part 11): Birth of the SIMULATOR (I),,2023-11-13T11:14Z,Examples,MetaTrader 5,[],Developing a Replay System — Market simulation (): Birth of the SIMULATOR (I),11,ok,,8c061c8b58d6c3a72ca4ef67cd05d45db023ea1158d3c4e30ebf6150b7cc3e4a,md/10973.md,59697,14924
10983,https://www.mql5.com/en/articles/10983,Data Science and Machine Learning (Part 04): Predicting Current Stock Market Crash,,2022-06-07T11:17Z,Trading,MetaTrader 5,[],Data Science and Machine Learning (): Predicting Current Stock Market Crash,4,ok,,de18011e2a8ec4afbe328dcee44b20a6088c684d8c33ad15507b11c9a5381c99,md/10983.md,34428,8607
10987,https://www.mql5.com/en/articles/10987,Developing a Replay System — Market simulation (Part 12): Birth of the SIMULATOR (II),,2023-11-14T10:10Z,Tester,MetaTrader 5,[],Developing a Replay System — Market simulation (): Birth of the SIMULATOR (II),12,ok,,3f6067e388a8d605302f4a36d27dcb3c000ac8dbd1f2165adea4143dae6dcd8d,md/10987.md,62497,15624
10989,https://www.mql5.com/en/articles/10989,"DoEasy. Controls (Part 6): Panel control, auto resizing the container to fit inner content",,2022-07-11T16:27Z,Examples,MetaTrader 5,[],"DoEasy. Controls (): Panel control, auto resizing the container to fit inner content",6,ok,,c65c3cc9496f941dfb99216d3e4de4181428f53b8389f9aa8db9df6198ddffa5,md/10989.md,107248,26812
10993,https://www.mql5.com/en/articles/10993,Learn how to design a trading system by Accumulation/Distribution (AD),,2022-06-02T15:46Z,Trading,MetaTrader 5,[],,,ok,,ea1ed3641ab5bf36ad2bf906b445cd275e699c0dc911b06e647ec2aaf180492f,md/10993.md,47071,11767
11032,https://www.mql5.com/en/articles/11032,Neural networks made easy (Part 17): Dimensionality reduction,,2022-08-02T08:45Z,Trading systems,MetaTrader 5,[],Neural networks made easy (): Dimensionality reduction,17,ok,,8aba7ce338611ad0b9a46a199f456a21f6409de58ed49b260e7c091e35c654ab,md/11032.md,46299,11574
11034,https://www.mql5.com/en/articles/11034,Developing a Replay System — Market simulation (Part 13): Birth of the SIMULATOR (III),,2023-11-21T12:36Z,Tester,MetaTrader 5,[],Developing a Replay System — Market simulation (): Birth of the SIMULATOR (III),13,ok,,39a09aad83928be17dccea17a899978157ef7c18450a63b5f32e0e6bbeaf0a81,md/11034.md,50044,12511
11037,https://www.mql5.com/en/articles/11037,Learn how to design a trading system by MFI,,2022-06-07T16:21Z,Trading,MetaTrader 5,[],,,ok,,b3ee2f603667085631defc04163f44543b3d91d56324c0877c541effbfc27314,md/11037.md,45883,11470
11045,https://www.mql5.com/en/articles/11045,DoEasy. Controls (Part 7): Text label control,,2022-07-18T14:03Z,Examples,MetaTrader 5,[],DoEasy. Controls (): Text label control,7,ok,,cccf1a6750402e4d66e580006e161d3b67edb46815572c6efb38c1fe1bd9fca8,md/11045.md,102577,25644
11050,https://www.mql5.com/en/articles/11050,Learn how to design a trading system by Volumes,,2022-06-15T13:38Z,Trading,MetaTrader 5,[],,,ok,,6474933c05816b46ff349e3e17eda95939e7ff88d24a50f120a0bf5504229dc8,md/11050.md,51712,12928
11058,https://www.mql5.com/en/articles/11058,Developing a Replay System — Market simulation (Part 14): Birth of the SIMULATOR (IV),,2023-11-23T12:47Z,Tester,MetaTrader 5,[],Developing a Replay System — Market simulation (): Birth of the SIMULATOR (IV),14,ok,,ce1e3ef83af87542f8b52fa9e7000de8b19f8909522051da9ed6dd03f06cf6bb,md/11058.md,39896,9974
11061,https://www.mql5.com/en/articles/11061,Data Science and Machine Learning (Part 05): Decision Trees,,2022-06-28T13:09Z,Trading,MetaTrader 5,[],Data Science and Machine Learning (): Decision Trees,5,ok,,280b2bff7bee93cbb643fb75f379bac299d8c76a8e0fc975dbf5cf16ef805773,md/11061.md,71422,17855
11066,https://www.mql5.com/en/articles/11066,MQL5 Wizard techniques you should know (Part 01): Regression Analysis,,2022-06-21T15:45Z,Tester,MetaTrader 5,[],MQL5 Wizard techniques you should know (): Regression Analysis,1,ok,,0c69495b5862cf55adb0836eda7e0b4c1fd5791788781df4bc17810b338d47a0,md/11066.md,38459,9614
11071,https://www.mql5.com/en/articles/11071,Developing a Replay System — Market simulation (Part 15): Birth of the SIMULATOR (V) - RANDOM WALK,,2023-11-24T14:47Z,Tester,MetaTrader 5,[],Developing a Replay System — Market simulation (): Birth of the SIMULATOR (V) - RANDOM WALK,15,ok,,8fde1824bbed244812295294e9819a8078a83345ba0f42b896766bb80ad43853,md/11071.md,53075,13268
11075,https://www.mql5.com/en/articles/11075,"DoEasy. Controls (Part 8): Base WinForms objects by categories, GroupBox and CheckBox controls",,2022-08-03T14:35Z,Examples,MetaTrader 5,[],"DoEasy. Controls (): Base WinForms objects by categories, GroupBox and CheckBox controls",8,ok,,8fea0f5e1dc0167872e54e94368de99457342c2d0e005deda97b4f9a24441223,md/11075.md,165252,41313
11077,https://www.mql5.com/en/articles/11077,Experiments with neural networks (Part 1): Revisiting geometry,,2022-08-05T11:10Z,Tester,MetaTrader 5,[],Experiments with neural networks (): Revisiting geometry,1,ok,,1274e39208d0a8e051b1d15e30b7a331f49944c97899c7ea8f4edf5617c1746f,md/11077.md,24781,6195
11078,https://www.mql5.com/en/articles/11078,Mountain or Iceberg charts,,2023-01-09T15:08Z,Indicators,MetaTrader 5,[],,,ok,,657e2189c29a953e2e3b1ba4c38a7e46e51d3db4cf87b6d2ddae885e92853aec,md/11078.md,23395,5848
11081,https://www.mql5.com/en/articles/11081,Learn how to design a trading system by Ichimoku,,2022-06-24T09:29Z,Trading,MetaTrader 5,[],,,ok,,22e842b820596e6a59b91cf3a353e8fab3a4b3df28241931b3eb9f65166f5e1b,md/11081.md,49063,12265
11090,https://www.mql5.com/en/articles/11090,Neural networks made easy (Part 18): Association rules,,2022-08-31T13:09Z,Trading systems,MetaTrader 5,[],Neural networks made easy (): Association rules,18,ok,,78e3352864f863b53292f38c7d7a8146139a4af700ad20c44eeb4977b2532a13,md/11090.md,25501,6375
11095,https://www.mql5.com/en/articles/11095,Developing a Replay System — Market simulation (Part 16): New class system,,2023-11-30T07:54Z,Tester,MetaTrader 5,[],Developing a Replay System — Market simulation (): New class system,16,ok,,fec1c06d2c0e45d227105fb52aca484c423cb2234756c124c24561788d9f4d57,md/11095.md,80010,20002
11106,https://www.mql5.com/en/articles/11106,Developing a Replay System — Market simulation (Part 17): Ticks and more ticks (I),,2023-11-30T16:10Z,Examples,MetaTrader 5,[],Developing a Replay System — Market simulation (): Ticks and more ticks (I),17,ok,,ecc55ce603f552eac17e42eb7b95d3c231fcadcbb2706fd01ff03fec2d5c1d1e,md/11106.md,49381,12345
11113,https://www.mql5.com/en/articles/11113,Developing a Replay System — Market simulation (Part 18): Ticks and more ticks (II),,2023-12-08T07:43Z,Tester,MetaTrader 5,[],Developing a Replay System — Market simulation (): Ticks and more ticks (II),18,ok,,c84d8054b07c15f609fc8855457444dcef67c117b48a38bbea09fa0b613186e1,md/11113.md,63391,15847
11121,https://www.mql5.com/en/articles/11121,"DoEasy. Controls (Part 9): Re-arranging WinForms object methods, RadioButton and Button controls",,2022-09-14T12:02Z,Examples,MetaTrader 5,[],"DoEasy. Controls (): Re-arranging WinForms object methods, RadioButton and Button controls",9,ok,,03dae83e134c72f264750792ed89f8648b2ae00333abd6c7ec454a77ff997686,md/11121.md,320939,80234
11125,https://www.mql5.com/en/articles/11125,Developing a Replay System — Market simulation (Part 19): Necessary adjustments,,2023-12-08T16:02Z,Tester,MetaTrader 5,[],Developing a Replay System — Market simulation (): Necessary adjustments,19,ok,,77ad78581baafc7137ef675084bd39f1791efb6359c848325c04ec2441eed676,md/11125.md,44337,11084
11126,https://www.mql5.com/en/articles/11126,CCI indicator. Upgrade and new features,,2022-09-09T14:54Z,Examples,MetaTrader 5,[],,,ok,,8bd0a2d1f858fcf08ee44f3c5922b48e94a9935e31b59b19d8518400c6638052,md/11126.md,18811,4702
11141,https://www.mql5.com/en/articles/11141,Neural networks made easy (Part 19): Association rules using MQL5,,2022-09-07T15:20Z,Trading systems,MetaTrader 5,[],Neural networks made easy (): Association rules using MQL5,19,ok,,0b21e080155d4f9e82b07893ce5e0d3870c982da18eff4bdd3b9e802d8317833,md/11141.md,45279,11319
11142,https://www.mql5.com/en/articles/11142,Learn how to design a trading system by Williams PR,,2022-07-05T11:03Z,Trading,MetaTrader 5,[],,,ok,,6a56e31515cd7a43fa1adb56452c0a55208aacc6d63d8a835e03bdf196c5fc2f,md/11142.md,42038,10509
11144,https://www.mql5.com/en/articles/11144,Developing a Replay System — Market simulation (Part 20): FOREX (I),,2023-12-14T16:39Z,Tester,MetaTrader 5,[],Developing a Replay System — Market simulation (): FOREX (I),20,ok,,ce9909b605b0d94d6022d9f113ee8d05e8da531ed7f31e3e6830a1704deb7438,md/11144.md,48827,12206
11147,https://www.mql5.com/en/articles/11147,"Cross-validation and basics of causal inference in CatBoost models, export to ONNX format",,2024-03-19T12:06Z,Trading systems,MetaTrader 5,[],,,ok,,b3b6dd11ed66cb578c491a2aadcf6d65e0fb4c4ffd2b70d76d5649f83b976ac6,md/11147.md,39130,9782
11153,https://www.mql5.com/en/articles/11153,Developing a Replay System — Market simulation (Part 21): FOREX (II),,2024-02-14T12:09Z,Tester,MetaTrader 5,[],Developing a Replay System — Market simulation (): FOREX (II),21,ok,,123fc9cff517de3f3664c706467cb78355fe226d603b383334a6dfdbc556eda2,md/11153.md,54609,13652
11154,https://www.mql5.com/en/articles/11154,MQL5 Wizard techniques you should know (Part 02): Kohonen Maps,,2022-07-08T13:05Z,Trading systems,MetaTrader 5,[],MQL5 Wizard techniques you should know (): Kohonen Maps,2,ok,,67e6af3c38a77d430af7d624fce0893cec20120264bd6cc0289e99d63941244d,md/11154.md,41467,10366
11158,https://www.mql5.com/en/articles/11158,The price movement model and its main provisions (Part 2): Probabilistic price field evolution equation and the occurrence of the observed random walk,,2022-09-21T10:49Z,Statistics and analysis,MetaTrader 5,[],The price movement model and its main provisions (): Probabilistic price field evolution equation and the occurrence of the observed random walk,2,ok,,7b5da8022fc0a834569423c8208605f3b916b30d31b6afd6a943ba43414637ea,md/11158.md,28073,7018
11172,https://www.mql5.com/en/articles/11172,Neural networks made easy (Part 20): Autoencoders,,2022-09-29T11:43Z,Trading systems,MetaTrader 5,[],Neural networks made easy (): Autoencoders,20,ok,,c3e36557129b6aae9976a2cbaab3014cad9ae85088b3b3cba7f879a4b6a686df,md/11172.md,50505,12626
11173,https://www.mql5.com/en/articles/11173,DoEasy. Controls (Part 10): WinForms objects — Animating the interface,,2022-09-30T15:14Z,Examples,MetaTrader 5,[],DoEasy. Controls (): WinForms objects — Animating the interface,10,ok,,54c4ecd17c0967636c265e88aa654a26686a5913d69db56ed6ca0d298b258d6f,md/11173.md,261089,65272
11174,https://www.mql5.com/en/articles/11174,Developing a Replay System — Market simulation (Part 22): FOREX (III),,2024-02-19T14:02Z,Tester,MetaTrader 5,[],Developing a Replay System — Market simulation (): FOREX (III),22,ok,,703d470e6b7bea582e7df84ec8607cdf7651ddc2e226fe17efd5350218fc654e,md/11174.md,45979,11494
11177,https://www.mql5.com/en/articles/11177,Developing a Replay System — Market simulation (Part 23): FOREX (IV),,2024-02-19T17:12Z,Tester,MetaTrader 5,[],Developing a Replay System — Market simulation (): FOREX (IV),23,ok,,4d543e49fa2c8a2bff39bb8b0a0f739e00007926be9bbdde18b3f9027f38e299,md/11177.md,40648,10162
11185,https://www.mql5.com/en/articles/11185,Learn how to design a trading system by Standard Deviation,,2022-07-18T16:45Z,Trading,MetaTrader 5,[],,,ok,,ccff30de3604575cf6b60a6628a5b9f14aaa953d5e5ff1ded058ac2b53141ac6,md/11185.md,44086,11021
11186,https://www.mql5.com/en/articles/11186,Experiments with neural networks (Part 2): Smart neural network optimization,,2022-10-05T17:41Z,Tester,MetaTrader 5,[],Experiments with neural networks (): Smart neural network optimization,2,ok,,77736d14a6a959ea7a1801efb6d1487a3d5d0f018423971d41a83167f2313206,md/11186.md,34081,8520
11189,https://www.mql5.com/en/articles/11189,Developing a Replay System — Market simulation (Part 24): FOREX (V),,2024-02-20T15:33Z,Tester,MetaTrader 5,[],Developing a Replay System — Market simulation (): FOREX (V),24,ok,,f59040b83b6eec273c2013f378de1d84b261a9b2f1d1990919da86a832daa31b,md/11189.md,46085,11521
11194,https://www.mql5.com/en/articles/11194,"DoEasy. Controls (Part 11): WinForms objects — groups, CheckedListBox WinForms object",,2022-10-05T13:02Z,Examples,MetaTrader 5,[],"DoEasy. Controls (): WinForms objects — groups, CheckedListBox WinForms object",11,ok,,1e283ef1ee45f5c84e4f0cf4306005db6c724ca98949efa7187a0cc635d9300a,md/11194.md,138526,34631
11200,https://www.mql5.com/en/articles/11200,Data Science and Machine Learning (Part 06): Gradient Descent,,2022-07-27T10:52Z,Trading,MetaTrader 5,[],Data Science and Machine Learning (): Gradient Descent,6,ok,,09269651489c9eb097a557e34580a3de4ab71f366bac1c30c8406740bd28aa42,md/11200.md,45659,11414
11203,https://www.mql5.com/en/articles/11203,Developing a Replay System — Market simulation (Part 25): Preparing for the next phase,,2024-02-21T12:44Z,Tester,MetaTrader 5,[],Developing a Replay System — Market simulation (): Preparing for the next phase,25,ok,,3a929a684bdb030653d457580324a9b207f28689d10f94b6cc983b96560264aa,md/11203.md,40530,10132
11206,https://www.mql5.com/en/articles/11206,Neural networks made easy (Part 21): Variational autoencoders (VAE),,2022-10-07T16:05Z,Trading systems,MetaTrader 5,[],Neural networks made easy (): Variational autoencoders (VAE),21,ok,,5d7ad6bb04b28e91573c95996a9675d70d1e348edfb0ea306c4758cd63c472a0,md/11206.md,46118,11529
11216,https://www.mql5.com/en/articles/11216,Creating an EA that works automatically (Part 01): Concepts and structures,,2023-02-15T16:04Z,Expert Advisors,MetaTrader 5,[],Creating an EA that works automatically (): Concepts and structures,1,ok,,0e69ef11df9e3c8a3e15050d4af0eaa64bc9ccaf2c2800b38cc9ce13b9edbae2,md/11216.md,28112,7028
11223,https://www.mql5.com/en/articles/11223,Creating an EA that works automatically (Part 02): Getting started with the code,,2023-02-20T15:48Z,Trading,MetaTrader 5,[],Creating an EA that works automatically (): Getting started with the code,2,ok,,c63f0c221eb757420a8df689b752e8c6dd117d7cd16c2e79b9a1d123d0a76d52,md/11223.md,46216,11554
11226,https://www.mql5.com/en/articles/11226,Creating an EA that works automatically (Part 03): New functions,,2023-02-22T10:28Z,Trading,MetaTrader 5,[],Creating an EA that works automatically (): New functions,3,ok,,6c96363c1b15b31a219de3deb28afeb49842117df0d8099e43f75d2fd2890b20,md/11226.md,61890,15472
11228,https://www.mql5.com/en/articles/11228,"DoEasy. Controls (Part 12): Base list object, ListBox and ButtonListBox WinForms objects",,2022-10-07T14:29Z,Examples,MetaTrader 5,[],"DoEasy. Controls (): Base list object, ListBox and ButtonListBox WinForms objects",12,ok,,47414080f0ab2ed0dee844b0f4e841e8a4951bc82c78a892a0ef322b7935ee3b,md/11228.md,111681,27920
11232,https://www.mql5.com/en/articles/11232,Creating an EA that works automatically (Part 04): Manual triggers (I),,2023-02-28T08:42Z,Trading,MetaTrader 5,[],Creating an EA that works automatically (): Manual triggers (I),4,ok,,dafd5cd82361568362e6f16ef9bc8b86c2df0b937c2880c123297d0839e1f012,md/11232.md,31704,7926
11233,https://www.mql5.com/en/articles/11233,Complex indicators made easy using objects,,2022-08-02T11:01Z,Examples,MetaTrader 5,[],,,ok,,a9ec07329304a94533f5afb990ffc2f09e03b94b4d0d06d38b619b0b0ed74849,md/11233.md,48332,12083
11237,https://www.mql5.com/en/articles/11237,Creating an EA that works automatically (Part 05): Manual triggers (II),,2023-03-01T16:09Z,Trading,MetaTrader 5,[],Creating an EA that works automatically (): Manual triggers (II),5,ok,,26a4b153171da61e0bacb2093678ab2666bd0fa20d5865dc913ebb0d0febbd56,md/11237.md,61038,15259
11241,https://www.mql5.com/en/articles/11241,Creating an EA that works automatically (Part 06): Account types (I),,2023-03-14T11:28Z,Trading,MetaTrader 5,[],Creating an EA that works automatically (): Account types (I),6,ok,,12714a997b15e54dde7fa2b55e1d7b06ae9d0902b4c863361211c586b46f0d3e,md/11241.md,52121,13030
11242,https://www.mql5.com/en/articles/11242,Learn how to design a trading system by Chaikin Oscillator,,2022-07-28T16:02Z,Trading,MetaTrader 5,[],,,ok,,40a8c00015191be1b8f192b4fa31bceb9cf0678aa1672c27ba0ec80e2b685e16,md/11242.md,47566,11891
11245,https://www.mql5.com/en/articles/11245,Neural networks made easy (Part 22): Unsupervised learning of recurrent models,,2022-10-11T08:21Z,Integration,MetaTrader 5,[],Neural networks made easy (): Unsupervised learning of recurrent models,22,ok,,5035451205d2fd0424f1ab87353d2f9816b060dbf4c5245a6bdb68db4bc95803,md/11245.md,66749,16687
11248,https://www.mql5.com/en/articles/11248,Creating an EA that works automatically (Part 08): OnTradeTransaction,,2023-03-28T16:33Z,Trading,MetaTrader 5,[],Creating an EA that works automatically (): OnTradeTransaction,8,ok,,44f5f1e2be8c264bdd69875464c94de1df2dd375247325d10e7ed2160310d8e3,md/11248.md,35209,8802
11256,https://www.mql5.com/en/articles/11256,Creating an EA that works automatically (Part 07): Account types (II),,2023-03-20T15:57Z,Trading,MetaTrader 5,[],Creating an EA that works automatically (): Account types (II),7,ok,,180fb52b4b9fd90012a56fab0578a1307e413890ccc9ce2e740fe73639850604,md/11256.md,37823,9455
11260,https://www.mql5.com/en/articles/11260,"DoEasy. Controls (Part 13): Optimizing interaction of WinForms objects with the mouse, starting the development of the TabControl WinForms object",,2022-10-11T17:19Z,Examples,MetaTrader 5,[],"DoEasy. Controls (): Optimizing interaction of WinForms objects with the mouse, starting the development of the TabControl WinForms object",13,ok,,7dd091e18ae5d1657195069d4708888d459edbd092cfb55e40e510fd9a73693e,md/11260.md,162195,40548
11269,https://www.mql5.com/en/articles/11269,Learn how to design a trading system by Force Index,,2022-08-03T12:53Z,Trading,MetaTrader 5,[],,,ok,,1eea36d0dc634f384f5d7adbcc791fdf24d66db82815ab0db46ff5654e6bbbc7,md/11269.md,48631,12157
11273,https://www.mql5.com/en/articles/11273,Neural networks made easy (Part 23): Building a tool for Transfer Learning,,2022-10-17T10:56Z,Trading systems,MetaTrader 5,[],Neural networks made easy (): Building a tool for Transfer Learning,23,ok,,28655ae0c7aae669a67e4d033492d3a2dd9ab7b0044f843d66efad0d57c3e351,md/11273.md,63061,15765
11275,https://www.mql5.com/en/articles/11275,Data Science and Machine Learning — Neural Network (Part 01): Feed Forward Neural Network demystified,,2022-08-10T09:01Z,Trading systems,MetaTrader 5,[],Data Science and Machine Learning — Neural Network (): Feed Forward Neural Network demystified,1,ok,,4b8414fd808174242035ae16455c7e89c84e3d1cb4b2a7e78c695cbaadbc7558,md/11275.md,42106,10526
11281,https://www.mql5.com/en/articles/11281,Creating an EA that works automatically (Part 09): Automation (I),,2023-04-26T15:30Z,Trading,MetaTrader 5,[],Creating an EA that works automatically (): Automation (I),9,ok,,d4e57f682d67b49430b5aac3bda7d24eae7f5df8acdc63f311152bfea2f8dc69,md/11281.md,41416,10354
11286,https://www.mql5.com/en/articles/11286,Creating an EA that works automatically (Part 10): Automation (II),,2023-04-27T16:40Z,Trading,MetaTrader 5,[],Creating an EA that works automatically (): Automation (II),10,ok,,080d82f99ec8acb2dc7620623a07b8266c36e8b0ef3373ee003a7de8f5d86997,md/11286.md,44826,11206
11288,https://www.mql5.com/en/articles/11288,DoEasy. Controls (Part 14): New algorithm for naming graphical elements. Continuing work on the TabControl WinForms object,,2022-10-17T10:44Z,Examples,MetaTrader 5,[],DoEasy. Controls (): New algorithm for naming graphical elements. Continuing work on the TabControl WinForms object,14,ok,,3fab85062a1d9b40a95d985aa9056b0925fe7eea2c0bbadd87674dff05373509,md/11288.md,183240,45810
11293,https://www.mql5.com/en/articles/11293,Creating an EA that works automatically (Part 11): Automation (III),,2023-04-28T15:56Z,Trading,MetaTrader 5,[],Creating an EA that works automatically (): Automation (III),11,ok,,84fc8c7df5488a023df445d9b05367e3e48b5ec4a9a334873d8a3273ec44caaa,md/11293.md,62961,15740
11297,https://www.mql5.com/en/articles/11297,Learn how to design a trading system by Bear's Power,,2022-08-10T16:10Z,Trading,MetaTrader 5,[],,,ok,,8b4a940f2ac31849a3011f71413292a5fad1114e8f6635e9a7f1d6c05fd9478c,md/11297.md,44282,11070
11305,https://www.mql5.com/en/articles/11305,Creating an EA that works automatically (Part 12): Automation (IV),,2023-05-05T16:12Z,Trading,MetaTrader 5,[],Creating an EA that works automatically (): Automation (IV),12,ok,,d13211f6d2dcd56587b609bfdfc43285c488b867f46ca86270228d5738939390,md/11305.md,48151,12037
11306,https://www.mql5.com/en/articles/11306,Neural networks made easy (Part 24): Improving the tool for Transfer Learning,,2022-10-26T15:02Z,Trading systems,MetaTrader 5,[],Neural networks made easy (): Improving the tool for Transfer Learning,24,ok,,bb829efec6f09dc71004cf53c6aa6a00b5a152bbd6357e6e858ed8c66c48247e,md/11306.md,58478,14619
11310,https://www.mql5.com/en/articles/11310,Creating an EA that works automatically (Part 13): Automation (V),,2023-06-16T16:15Z,Trading,MetaTrader 5,[],Creating an EA that works automatically (): Automation (V),13,ok,,cbd4c9c8d604a5dce80c339d47a25d2e9790339725c3e8da4471de06cd37b0ca,md/11310.md,27905,6976
11316,https://www.mql5.com/en/articles/11316,"DoEasy. Controls (Part 15): TabControl WinForms object — several rows of tab headers, tab handling methods",,2022-10-19T17:45Z,Examples,MetaTrader 5,[],"DoEasy. Controls (): TabControl WinForms object — several rows of tab headers, tab handling methods",15,ok,,91e4b8df1eb17d35ac8d820c7f7cab516d6ef5b9e63eb33512226cd4b5780155,md/11316.md,217673,54418
11318,https://www.mql5.com/en/articles/11318,Creating an EA that works automatically (Part 14): Automation (VI),,2023-06-20T16:03Z,Trading,MetaTrader 5,[],Creating an EA that works automatically (): Automation (VI),14,ok,,07bf3df60b0909219f2ed422e25af9857235a21b790477003e887f6df11cd89e,md/11318.md,42154,10538
11327,https://www.mql5.com/en/articles/11327,Learn how to design a trading system by Bull's Power,,2022-08-17T11:52Z,Trading,MetaTrader 5,[],,,ok,,6753ea8eb2e7cdd20280f4a879d59037a60cef085e27f332e9e55ef1af351a58,md/11327.md,44427,11106
11328,https://www.mql5.com/en/articles/11328,Developing a Replay System (Part 26): Expert Advisor project — C_Terminal class,,2024-02-22T13:30Z,Tester,MetaTrader 5,[],Developing a Replay System (): Expert Advisor project — C_Terminal class,26,ok,,35b5919cf48edfd79d13cb2296e41849623dfdb3333b62c521d83ce5f12be207,md/11328.md,37989,9497
11330,https://www.mql5.com/en/articles/11330,Neural networks made easy (Part 25): Practicing Transfer Learning,,2022-11-02T11:29Z,Integration,MetaTrader 5,[],Neural networks made easy (): Practicing Transfer Learning,25,ok,,a0edaf2d7fa38c3b6cfce82d38e77ce4de0a24431ea0260ff14c4c44465ef968,md/11330.md,46671,11667
11334,https://www.mql5.com/en/articles/11334,Data Science and Machine Learning — Neural Network (Part 02): Feed forward NN Architectures Design,,2022-08-23T13:52Z,Trading systems,MetaTrader 5,[],Data Science and Machine Learning — Neural Network (): Feed forward NN Architectures Design,2,ok,,f38ad2487eba05af6d65fc8f59ed16f53cef6fb427bbf09aeccea7622c869cf9,md/11334.md,48277,12069
11337,https://www.mql5.com/en/articles/11337,Developing a Replay System (Part 27): Expert Advisor project — C_Mouse class (I),,2024-02-23T13:06Z,Tester,MetaTrader 5,[],Developing a Replay System (): Expert Advisor project — C_Mouse class (I),27,ok,,595e4fbe1661b03ba5fe588609cfb9730f74100cc30537f62256a87ef5fbe78c,md/11337.md,34046,8511
11341,https://www.mql5.com/en/articles/11341,Learn how to design a trading system by VIDYA,,2022-08-31T15:11Z,Trading,MetaTrader 5,[],,,ok,,fbde03566b9f2b8e2a06dc755149061893797c937110dc7ff00e0eebee39c92d,md/11341.md,37542,9385
11344,https://www.mql5.com/en/articles/11344,Neural networks made easy (Part 26): Reinforcement Learning,,2022-11-07T16:09Z,Trading,MetaTrader 5,[],Neural networks made easy (): Reinforcement Learning,26,ok,,6ea99ddf9d6dfa7cd4e55e2c820c591c4cba06a10e0941e171c3387bb70edda6,md/11344.md,37542,9385
11348,https://www.mql5.com/en/articles/11348,DIY technical indicator,,2022-10-24T11:01Z,Examples,MetaTrader 5,[],,,ok,,1941ea16199f929cf8b819b93d6b0027c4e84370a075079a52163906526aff9a,md/11348.md,26932,6733
11349,https://www.mql5.com/en/articles/11349,Developing a Replay System (Part 28): Expert Advisor project — C_Mouse class (II),,2024-02-26T11:27Z,Tester,MetaTrader 5,[],Developing a Replay System (): Expert Advisor project — C_Mouse class (II),28,ok,,212fdeed7a39425be1514df825f5582385cba7efda6cbf3b9c8f1a472484b90e,md/11349.md,34796,8699
11350,https://www.mql5.com/en/articles/11350,Elastic net regression using coordinate descent in MQL5,,2023-09-12T11:02Z,Examples,MetaTrader 5,[],,,ok,,bb870c87519cd7922d5b0589af450146d38851881852b5c56a6f2a1e6809a9d1,md/11350.md,146744,36686
11355,https://www.mql5.com/en/articles/11355,Developing a Replay System (Part 29): Expert Advisor project — C_Mouse class (III),,2024-03-07T16:25Z,Tester,MetaTrader 5,[],Developing a Replay System (): Expert Advisor project — C_Mouse class (III),29,ok,,94f305260dd9364a0e365f495c9023b48ac28e1f36bf3823127666257158fbe1,md/11355.md,44185,11046
11356,https://www.mql5.com/en/articles/11356,"DoEasy. Controls (Part 16): TabControl WinForms object — several rows of tab headers, stretching headers to fit the container",,2022-10-25T15:48Z,Examples,MetaTrader 5,[],"DoEasy. Controls (): TabControl WinForms object — several rows of tab headers, stretching headers to fit the container",16,ok,,fd08c3a1b4ea1e00ebd602df7a9a4bfb867c81ef497f528ace1a469e1b8e3f4c,md/11356.md,115562,28890
11369,https://www.mql5.com/en/articles/11369,Neural networks made easy (Part 27): Deep Q-Learning (DQN),,2022-11-08T15:48Z,Trading systems,MetaTrader 5,[],Neural networks made easy (): Deep Q-Learning (DQN),27,ok,,fe92e9728bec1a5b547e09054da6d8828e1e01e21ea3d7e601d1f471aac57d14,md/11369.md,42117,10529
11372,https://www.mql5.com/en/articles/11372,Developing a Replay System (Part 30): Expert Advisor project — C_Mouse class (IV),,2024-03-11T13:28Z,Tester,MetaTrader 5,[],Developing a Replay System (): Expert Advisor project — C_Mouse class (IV),30,ok,,915a65e41ca01cd5777328e1bb5dc9a7d6c112f5c9411eb17d3f26bf989053eb,md/11372.md,43082,10770
11373,https://www.mql5.com/en/articles/11373,Developing a quality factor for Expert Advisors,Ricardo Rodrigues Lucca,2023-11-22T10:16Z,Examples,MetaTrader 5,[],,,ok,,8a21b270be859f670dde32a7e69b60852ad4db087e2d38a5123921ad97d69dba,md/11373.md,31327,7831
11378,https://www.mql5.com/en/articles/11378,Developing a Replay System (Part 31): Expert Advisor project — C_Mouse class (V),,2024-03-11T16:22Z,Tester,MetaTrader 5,[],Developing a Replay System (): Expert Advisor project — C_Mouse class (V),31,ok,,6c9604d0e9dc9a71f1ec174e12db20a1bfec393ddb0633e5a6b517fa489ac479,md/11378.md,44076,11019
11386,https://www.mql5.com/en/articles/11386,Population optimization algorithms: Particle swarm (PSO),,2022-11-18T08:21Z,Examples,MetaTrader 5,[],,,ok,,2bfd37f3fd5a473e4dfe734a23b720c4bf0be85f9a5a94574c3f7f8a15db00ea,md/11386.md,46822,11705
11392,https://www.mql5.com/en/articles/11392,Neural networks made easy (Part 28): Policy gradient algorithm,,2022-11-16T14:13Z,Trading systems,MetaTrader 5,[],Neural networks made easy (): Policy gradient algorithm,28,ok,,4a2126f385a6855cb01040d3bd5135a3160eaeabbd23b211b53217f3894a8e98,md/11392.md,51216,12804
11393,https://www.mql5.com/en/articles/11393,Developing a Replay System (Part 32): Order System (I),,2024-03-12T14:46Z,Examples,MetaTrader 5,[],Developing a Replay System (): Order System (I),32,ok,,626d959e9530d125d093c55c9085ddc55ec5b3e086e02edd9bbf8c6bf219b903,md/11393.md,34290,8572
11394,https://www.mql5.com/en/articles/11394,Learn how to design a trading system by DeMarker,,2022-09-08T15:10Z,Trading,MetaTrader 5,[],,,ok,,8db2ca55b315254e040d88aaec584d1be28efbf651d827d432cfecadd595e355,md/11394.md,37223,9305
11408,https://www.mql5.com/en/articles/11408,"DoEasy. Controls (Part 17): Cropping invisible object parts, auxiliary arrow buttons WinForms objects",,2022-10-31T19:20Z,Examples,MetaTrader 5,[],"DoEasy. Controls (): Cropping invisible object parts, auxiliary arrow buttons WinForms objects",17,ok,,6627fc7362a07290e8dc6e99ae48151cbea6405fbdb36197e87f7d9410b0613a,md/11408.md,280199,70049
11425,https://www.mql5.com/en/articles/11425,Learn how to design a trading system by Relative Vigor Index,,2022-09-15T12:18Z,Trading,MetaTrader 5,[],,,ok,,055b76c946b0a2d9bd798b0586e17969deedbe78ff92e3197ea59daa95e0ee38,md/11425.md,38504,9626
11438,https://www.mql5.com/en/articles/11438,Creating an EA that works automatically (Part 15): Automation (VII),,2023-06-26T14:35Z,Examples,MetaTrader 5,[],Creating an EA that works automatically (): Automation (VII),15,ok,,69bf20626bbe5365e9ef1bd3d5b059dab8a99e27cacbefb05101a8043357c8ec,md/11438.md,46684,11671
11452,https://www.mql5.com/en/articles/11452,Neural networks made easy (Part 29): Advantage Actor-Critic algorithm,,2022-11-25T16:33Z,Trading systems,MetaTrader 5,[],Neural networks made easy (): Advantage Actor-Critic algorithm,29,ok,,911a86d41e938d6de8a117de5e35b70ef5b08e0fdc6aa93738b5fdfa54ca48f3,md/11452.md,45696,11424
11454,https://www.mql5.com/en/articles/11454,DoEasy. Controls (Part 18): Functionality for scrolling tabs in TabControl,,2022-11-03T10:56Z,Examples,MetaTrader 5,[],DoEasy. Controls (): Functionality for scrolling tabs in TabControl,18,ok,,f605bf385ce87d120c13b160681a368b323610a13342ddac9afd238383bb605c,md/11454.md,143759,35939
11467,https://www.mql5.com/en/articles/11467,Learn how to design a trading system by Accelerator Oscillator,,2022-09-28T14:48Z,Trading,MetaTrader 5,[],,,ok,,7f6952e974d37f3dd3ef23ceb91fae601c7af7d6afe5bf05ea0772904bd8ecac,md/11467.md,36795,9198
11468,https://www.mql5.com/en/articles/11468,Learn how to design a trading system by Awesome Oscillator,,2022-09-21T13:20Z,Trading,MetaTrader 5,[],,,ok,,7643ccbab5289f5564cf7d10080bc038e1b3293f7f22355028228d6cbdff8b74,md/11468.md,37520,9380
11477,https://www.mql5.com/en/articles/11477,Data Science and Machine Learning (Part 07): Polynomial Regression,,2022-10-06T09:16Z,Trading systems,MetaTrader 5,[],Data Science and Machine Learning (): Polynomial Regression,7,ok,,a64078df1fc61809dd8657492d7be82d16a52f36ede8f3a25a9b357c76a5ea24,md/11477.md,41841,10460
11482,https://www.mql5.com/en/articles/11482,Developing a Replay System (Part 33): Order System (II),,2024-04-22T15:42Z,Examples,MetaTrader 5,[],Developing a Replay System (): Order System (II),33,ok,,fae3eaecc3ebbe67feb469c0a22b51e50381ef51914c5bba0d1b5fe74bffc86e,md/11482.md,34798,8699
11484,https://www.mql5.com/en/articles/11484,Developing a Replay System (Part 34): Order System (III),,2024-04-24T11:57Z,Examples,MetaTrader 5,[],Developing a Replay System (): Order System (III),34,ok,,66bb113e61b80306806f56596ce23362bdd86c2a86b72fe2449034803147a134,md/11484.md,36676,9169
11487,https://www.mql5.com/en/articles/11487,MQL5 Wizard techniques you should know (Part 03): Shannon's Entropy,,2022-09-26T16:41Z,Tester,MetaTrader 5,[],MQL5 Wizard techniques you should know (): Shannon's Entropy,3,ok,,839ce1f4a0ef5e166a5e8cba3af8cfa96da5a06ffaa87cb95750a2b725878692,md/11487.md,38957,9739
11489,https://www.mql5.com/en/articles/11489,Neural networks made easy (Part 30): Genetic algorithms,,2022-12-01T09:46Z,Trading systems,MetaTrader 5,[],Neural networks made easy (): Genetic algorithms,30,ok,,b13b44960204218e54d99a08f7c23ca29a348e3bf279dfc8d84390159278d19d,md/11489.md,61853,15463
11490,https://www.mql5.com/en/articles/11490,"DoEasy. Controls (Part 19): Scrolling tabs in TabControl, WinForms object events",,2022-11-07T14:50Z,Examples,MetaTrader 5,[],"DoEasy. Controls (): Scrolling tabs in TabControl, WinForms object events",19,ok,,ae1d1367059184508d8a852efdc12c6db89a2d51a960264bfe4bcb1999d6e0da,md/11490.md,122254,30563
11492,https://www.mql5.com/en/articles/11492,Developing a Replay System (Part 35): Making Adjustments (I),,2024-04-25T10:54Z,Examples,MetaTrader 5,[],Developing a Replay System (): Making Adjustments (I),35,ok,,a18275f3c5a59d6dd384974ed4211eef61734a42ca294d427c70e0110c3fe343,md/11492.md,41182,10295
11500,https://www.mql5.com/en/articles/11500,Risk and capital management using Expert Advisors,,2022-09-29T12:07Z,Trading,MetaTrader 5,[],,,ok,,9644c7f96bbf5b68e87f2c9ee9cd5e40046d0bfe6de9d16f967bae9d3702285a,md/11500.md,26681,6670
11510,https://www.mql5.com/en/articles/11510,Developing a Replay System (Part 36): Making Adjustments (II),,2024-04-25T16:17Z,Examples,MetaTrader 5,[],Developing a Replay System (): Making Adjustments (II),36,ok,,c9712378a2485d39b5213d258debf3c39afcb7f661a2c8f72df1126dcf049126,md/11510.md,44854,11213
11524,https://www.mql5.com/en/articles/11524,DoEasy. Controls (Part 20): SplitContainer WinForms object,,2022-11-11T16:25Z,Examples,MetaTrader 5,[],DoEasy. Controls (): SplitContainer WinForms object,20,ok,,d6e42de99dc38b2a5b48922ad56ae730639d46bfbdfad95472c1af31440accf2,md/11524.md,146493,36623
11538,https://www.mql5.com/en/articles/11538,How to deal with lines using MQL5,,2022-11-08T16:42Z,Trading,MetaTrader 5,[],,,ok,,80d96264464b17aa6b1a4fee24659358b12e681854a6268bf7e28ff8f05a9411,md/11538.md,33674,8418
11549,https://www.mql5.com/en/articles/11549,Learn how to design a trading system by Alligator,,2022-10-12T12:35Z,Trading,MetaTrader 5,[],,,ok,,6be4fece43cf5e71a947485fca02cff48c7134c95d8f64feb29e4318bf6ff9f5,md/11549.md,39722,9930
11564,https://www.mql5.com/en/articles/11564,DoEasy. Controls (Part 21): SplitContainer control. Panel separator,,2022-11-16T13:02Z,Examples,MetaTrader 5,[],DoEasy. Controls (): SplitContainer control. Panel separator,21,ok,,fd7ecfc0e916c315d341e308b3b18756e38a41cea3c84203d2b1b5cb0d1c40c9,md/11564.md,187463,46865
11585,https://www.mql5.com/en/articles/11585,Developing a Replay System (Part 37): Paving the Path (I),,2024-04-29T11:47Z,Examples,MetaTrader 5,[],Developing a Replay System (): Paving the Path (I),37,ok,,5de1a87e65d67ed2ac7e3560fd45deaaa0fa1d71d3438fadfed31840edc05d16,md/11585.md,30748,7687
11591,https://www.mql5.com/en/articles/11591,Developing a Replay System (Part 38): Paving the Path (II),,2024-05-02T16:01Z,Examples,MetaTrader 5,[],Developing a Replay System (): Paving the Path (II),38,ok,,3a7fbef9e3b38da64e4933c0cd904b541853a6b5d9c4c8fb2a0869c7f0304d83,md/11591.md,32448,8112
11599,https://www.mql5.com/en/articles/11599,Developing a Replay System (Part 39): Paving the Path (III),,2024-06-28T11:52Z,Examples,MetaTrader 5,[],Developing a Replay System (): Paving the Path (III),39,ok,,57cf0d72607c432e917b87648f216f4afb829644190ebb8ff30db84b3d5bdb29,md/11599.md,42778,10694
11601,https://www.mql5.com/en/articles/11601,DoEasy. Controls (Part 22): SplitContainer. Changing the properties of the created object,,2022-12-05T15:32Z,Examples,MetaTrader 5,[],DoEasy. Controls (): SplitContainer. Changing the properties of the created object,22,ok,,89e0bd476ca0c85d028be5e112c33c7760a50fe7bdc6975fc622c3b574f2387f,md/11601.md,71805,17951
11602,https://www.mql5.com/en/articles/11602,Population optimization algorithms: Ant Colony Optimization (ACO),,2022-12-20T10:38Z,Examples,MetaTrader 5,[],,,ok,,c391ff70161d3b83602eb21b72a0ddaab26636bb1100544cadd6a1d9372fb474,md/11602.md,46510,11627
11607,https://www.mql5.com/en/articles/11607,Developing a Replay System (Part 41): Starting the second phase (II),,2024-07-04T15:06Z,Examples,MetaTrader 5,[],Developing a Replay System (): Starting the second phase (II),41,ok,,b87134306366760565b919881835f1407e744d1634c07231236d9aa94acdcb54,md/11607.md,52932,13233
11615,https://www.mql5.com/en/articles/11615,Data Science and Machine Learning (Part 08): K-Means Clustering in plain MQL5,,2022-10-25T13:10Z,Expert Advisors,MetaTrader 5,[],Data Science and Machine Learning (): K-Means Clustering in plain MQL5,8,ok,,e9e79aac2e0e332eb48b15d13990c67465b5a894bfca0ad61984c2384965cd18,md/11615.md,49427,12356
11619,https://www.mql5.com/en/articles/11619,Neural networks made easy (Part 31): Evolutionary algorithms,,2022-12-16T15:47Z,Trading systems,MetaTrader 5,[],Neural networks made easy (): Evolutionary algorithms,31,ok,,0112eaff9efbfda576d057eb361eaccdbf39a1196e775a3932c03d4b93aa85d4,md/11619.md,47129,11782
11620,https://www.mql5.com/en/articles/11620,Learn how to design a trading system by Fractals,,2022-10-24T16:33Z,Trading,MetaTrader 5,[],,,ok,,952ed52af009c6101bbff0d23460d4d793fa9295a290f9039a805743aa0c2123,md/11620.md,40775,10193
11624,https://www.mql5.com/en/articles/11624,Developing a Replay System (Part 40): Starting the second phase (I),,2024-07-02T13:14Z,Examples,MetaTrader 5,[],Developing a Replay System (): Starting the second phase (I),40,ok,,c10ea66009a2c87121a1090cf001919eae9d82f4354363f63d9aeb9786a1b088,md/11624.md,40121,10030
11627,https://www.mql5.com/en/articles/11627,Adaptive indicators,,2022-12-09T14:29Z,Examples,MetaTrader 5,[],,,ok,,eb88f0886671eaecd767bc4af05998ccbea9d956b960b750ef51ff21e5586b34,md/11627.md,25686,6421
11634,https://www.mql5.com/en/articles/11634,DoEasy. Controls (Part 23): Improving TabControl and SplitContainer WinForms objects,,2022-12-07T15:03Z,Examples,MetaTrader 5,[],DoEasy. Controls (): Improving TabControl and SplitContainer WinForms objects,23,ok,,1098d14880866e826bd89108cac0ab46bb420ac120c734dafcbbd2a3f01864f4,md/11634.md,136894,34223
11652,https://www.mql5.com/en/articles/11652,Developing a Replay System (Part 42): Chart Trade Project (I),,2024-07-26T12:58Z,Examples,MetaTrader 5,[],Developing a Replay System (): Chart Trade Project (I),42,ok,,f7123dccb03f0af176afba09978b8838bedf20f8632479290728bd6f7f0eddde,md/11652.md,38444,9611
11661,https://www.mql5.com/en/articles/11661,DoEasy. Controls (Part 24): Hint auxiliary WinForms object,,2022-12-14T12:02Z,Examples,MetaTrader 5,[],DoEasy. Controls (): Hint auxiliary WinForms object,24,ok,,ed01b17d45e55212e4dd5615f8e9bca333cc743aeb9b8b875ea3866a54809735,md/11661.md,192413,48103
11664,https://www.mql5.com/en/articles/11664,Developing a Replay System (Part 43): Chart Trade Project (II),,2024-08-05T11:38Z,Examples,MetaTrader 5,[],Developing a Replay System (): Chart Trade Project (II),43,ok,,445ebd81dd4b271f67537846096adac85426159ebfe0babbc6136b329f34ba74,md/11664.md,52658,13164
11667,https://www.mql5.com/en/articles/11667,Magic of time trading intervals with Frames Analyzer tool,,2022-12-16T15:55Z,Tester,MetaTrader 5,[],,,ok,,51d096ebeb760c1e1df5c52edfdf874411fcace102896cd293e318a52044da4c,md/11667.md,39969,9992
11678,https://www.mql5.com/en/articles/11678,Data Science and Machine Learning (Part 09): The K-Nearest Neighbors Algorithm (KNN),,2022-11-15T14:26Z,Trading,MetaTrader 5,[],Data Science and Machine Learning (): The K-Nearest Neighbors Algorithm (KNN),9,ok,,fba98cf3b869459dec035452f7b30104d8a72be8290b44d3fefc0bdf04ef0ac0,md/11678.md,44099,11024
11687,https://www.mql5.com/en/articles/11687,MQL5 Wizard techniques you should know (Part 04): Linear Discriminant Analysis,,2022-12-09T10:41Z,Trading systems,MetaTrader 5,[],MQL5 Wizard techniques you should know (): Linear Discriminant Analysis,4,ok,,f15dca380291fb20ce8066cda48b0d181318c3b8daa37244fb1798bf3fb1bb69,md/11687.md,29717,7429
11690,https://www.mql5.com/en/articles/11690,Developing a Replay System (Part 44): Chart Trade Project (III),,2024-08-27T12:31Z,Examples,MetaTrader 5,[],Developing a Replay System (): Chart Trade Project (III),44,ok,,7b6f7c2f503b5d36f04d02ea73e4cd9721122fe560bf8b21595a2f61285f24a2,md/11690.md,55650,13912
11700,https://www.mql5.com/en/articles/11700,DoEasy. Controls (Part 25): Tooltip WinForms object,,2022-12-23T11:01Z,Examples,MetaTrader 5,[],DoEasy. Controls (): Tooltip WinForms object,25,ok,,5e80899915ec055b0a3f8f635bfc1f5fa63dd78bdc24b3894ed18ac3512a30bc,md/11700.md,170869,42717
11701,https://www.mql5.com/en/articles/11701,Developing a Replay System (Part 45): Chart Trade Project (IV),,2024-08-29T15:36Z,Examples,MetaTrader 5,[],Developing a Replay System (): Chart Trade Project (IV),45,ok,,8ddf6d14746e6ad8b66e8d4a65306bb68f3170ff7bc4b4972ef709240cca1204,md/11701.md,69711,17427
11716,https://www.mql5.com/en/articles/11716,Neural networks made easy (Part 32): Distributed Q-Learning,,2023-01-11T12:17Z,Trading systems,MetaTrader 5,[],Neural networks made easy (): Distributed Q-Learning,32,ok,,ad283c47117077cf904d72b7686277db925390a0bb09a0727408c6f58f58cc60,md/11716.md,45463,11365
11732,https://www.mql5.com/en/articles/11732,DoEasy. Controls (Part 26): Finalizing the ToolTip WinForms object and moving on to ProgressBar development,,2023-01-12T18:25Z,Examples,MetaTrader 5,[],DoEasy. Controls (): Finalizing the ToolTip WinForms object and moving on to ProgressBar development,26,ok,,a0e70210efc24b0782c9f36db745c944e061bfa7e2a9b4adbf68ba978ad4f983,md/11732.md,221421,55355
11735,https://www.mql5.com/en/articles/11735,Data Science and Machine Learning (Part 10): Ridge Regression,,2023-01-23T13:33Z,Statistics and analysis,MetaTrader 5,[],Data Science and Machine Learning (): Ridge Regression,10,ok,,00996dc5746a44d821e7a3edb87839062d7d6f4d9a14d1fd9da012ffdd0410e6,md/11735.md,33318,8329
11736,https://www.mql5.com/en/articles/11736,Population optimization algorithms: Artificial Bee Colony (ABC),,2023-01-19T14:54Z,Examples,MetaTrader 5,[],,,ok,,f259da2c9042e921f6dae786eea6e9b7d8776fc9b3482a6d7b80a335d723d561,md/11736.md,51722,12930
11737,https://www.mql5.com/en/articles/11737,Developing a Replay System (Part 46): Chart Trade Project (V),,2024-09-18T15:58Z,Examples,MetaTrader 5,[],Developing a Replay System (): Chart Trade Project (V),46,ok,,1e7b17cc1a192c2c01437e56da71b82add34a93509c478d814e759eece8d355a,md/11737.md,46266,11566
11752,https://www.mql5.com/en/articles/11752,Neural networks made easy (Part 33): Quantile regression in distributed Q-learning,,2023-03-17T14:31Z,Trading systems,MetaTrader 5,[],Neural networks made easy (): Quantile regression in distributed Q-learning,33,ok,,993dc4c182c02c1159280954607715017e00422bfceec439a62fc722d0c99352,md/11752.md,53070,13267
11760,https://www.mql5.com/en/articles/11760,Developing a Replay System (Part 47): Chart Trade Project (VI),,2024-10-15T16:09Z,Examples,MetaTrader 5,[],Developing a Replay System (): Chart Trade Project (VI),47,ok,,114bec5938725d7d2da4dd5f9dad3539050cca61eef54256ffe78cfcfbe20adb,md/11760.md,77748,19437
11764,https://www.mql5.com/en/articles/11764,DoEasy. Controls (Part 27): Working on ProgressBar WinForms object,,2023-01-17T12:35Z,Examples,MetaTrader 5,[],DoEasy. Controls (): Working on ProgressBar WinForms object,27,ok,,deed16893240a4b265fd696a528bfbe5ac522651a2e1b941eab27b2c0f64f162,md/11764.md,115117,28779
11781,https://www.mql5.com/en/articles/11781,Developing a Replay System (Part 48): Understanding the concept of a service,,2024-10-17T13:39Z,Examples,MetaTrader 5,[],Developing a Replay System (): Understanding the concept of a service,48,ok,,9fa44de2f363fd985bf1550a1666561686b7c1b7546fcd9bd8892ed639ca0085,md/11781.md,32259,8064
11782,https://www.mql5.com/en/articles/11782,Non-linear indicators,,2023-01-18T09:06Z,Examples,MetaTrader 5,[],,,ok,,66fab7cf47b46e5443c84e9d3bdfbf7e10639ff3a652014d34f14de9ae4665b4,md/11782.md,27165,6791
11785,https://www.mql5.com/en/articles/11785,Population optimization algorithms: Grey Wolf Optimizer (GWO),,2023-01-20T15:18Z,Examples,MetaTrader 5,[],,,ok,,612e7415049d6a6c325fe06dd9a36e403d55607a1aca6c082737c7e53e793042,md/11785.md,44280,11070
11786,https://www.mql5.com/en/articles/11786,Population optimization algorithms: Cuckoo Optimization Algorithm (COA),,2023-01-26T08:20Z,Examples,MetaTrader 5,[],,,ok,,7e493534c68c8181111a876373414b5231df4211438f02b87132471e3db32469,md/11786.md,42014,10503
11794,https://www.mql5.com/en/articles/11794,Market Simulation (Part 06): Transferring Information from MetaTrader 5 to Excel,,2025-11-18T09:41Z,Tester,MetaTrader 5,[],Market Simulation (): Transferring Information from MetaTrader 5 to Excel,6,ok,,b516c2a3b91e3b9e16de10cd44eedf8e9f3263c18e7ced74696fc73ec0094b51,md/11794.md,32977,8244
11804,https://www.mql5.com/en/articles/11804,Neural networks made easy (Part 34): Fully Parameterized Quantile Function,,2023-03-27T17:05Z,Expert Advisors,MetaTrader 5,[],Neural networks made easy (): Fully Parameterized Quantile Function,34,ok,,df8377a23ec5c923773e2ad58ada6289305eee24343903f3e0234df7d44b8c04,md/11804.md,63189,15797
11820,https://www.mql5.com/en/articles/11820,Developing a Replay System (Part 49): Things Get Complicated (I),,2024-10-23T14:07Z,Examples,MetaTrader 5,[],Developing a Replay System (): Things Get Complicated (I),49,ok,,22292dd4b02ba9fa04211a797e987583823e39867a052c68bfb009e415d0c79c,md/11820.md,90366,22591
11823,https://www.mql5.com/en/articles/11823,DoEasy. Controls (Part 28): Bar styles in the ProgressBar control,,2023-01-25T07:45Z,Examples,MetaTrader 5,[],DoEasy. Controls (): Bar styles in the ProgressBar control,28,ok,,5c57f8528a4a6ea8d5401efa8275821c7645147a4a2f246c7dd28b98cd53318e,md/11823.md,124531,31132
11826,https://www.mql5.com/en/articles/11826,MQL5 Cookbook — Services,,2023-01-27T13:34Z,Examples,MetaTrader 5,[],,,ok,,b671e5b3e4307b5f651c319aaffe07a23eca93c32f8ae5de8ea7fc7fab54ba88,md/11826.md,71125,17781
11833,https://www.mql5.com/en/articles/11833,Neural networks made easy (Part 35): Intrinsic Curiosity Module,,2023-03-30T15:49Z,Trading systems,MetaTrader 5,[],Neural networks made easy (): Intrinsic Curiosity Module,35,ok,,782e7397d0f52740e2fb1b9d5916a906d55947673cf3526544d13c36d65c22d7,md/11833.md,54909,13727
11841,https://www.mql5.com/en/articles/11841,Population optimization algorithms: Fish School Search (FSS),,2023-02-02T13:50Z,Examples,MetaTrader 5,[],,,ok,,8b478df78d57b80f7e2fc6b9b95bb883686ddd75e6c94d0dfb89de3c52f76736,md/11841.md,48260,12065
11847,https://www.mql5.com/en/articles/11847,DoEasy. Controls (Part 29): ScrollBar auxiliary control,,2023-01-31T15:42Z,Examples,MetaTrader 5,[],DoEasy. Controls (): ScrollBar auxiliary control,29,ok,,de358d693fc6d3013d07923f75a6748c6ccf2de9c61adeb521b36bb05cc1cc4f,md/11847.md,105109,26277
11849,https://www.mql5.com/en/articles/11849,Category Theory in MQL5 (Part 1),,2022-12-20T10:05Z,Integration,MetaTrader 5,[],Category Theory in MQL5 (),1,ok,,a012a95a79dce5dd63535033fb49c1e8ee7d83f45b739731426a1109f2bb0c38,md/11849.md,51970,12992
11850,https://www.mql5.com/en/articles/11850,Take a few lessons from Prop Firms (Part 1) — An introduction,,2023-04-19T16:20Z,Trading,MetaTrader 5,[],Take a few lessons from Prop Firms () — An introduction,1,ok,,a27742e3bcd97834866c228a731436c05ccafb927ad20f135fa50369206a86c3,md/11850.md,22083,5520
11858,https://www.mql5.com/en/articles/11858,"Matrix Utils, Extending the Matrices and Vector Standard Library Functionality",,2023-02-07T15:44Z,Statistics and analysis,MetaTrader 5,[],,,ok,,e316b054d17762b1aba5d458f526b141f79f99464a4308ccbdfa1c19f2d6b883,md/11858.md,55023,13755
11871,https://www.mql5.com/en/articles/11871,Developing a Replay System (Part 50): Things Get Complicated (II),,2024-10-30T14:08Z,Examples,MetaTrader 5,[],Developing a Replay System (): Things Get Complicated (II),50,ok,,cfdcf7268b61014783521bc847c84de3c76452218cd88015531eed66d81a7c48,md/11871.md,64049,16012
11873,https://www.mql5.com/en/articles/11873,Population optimization algorithms: Firefly Algorithm (FA),,2023-02-10T08:11Z,Examples,MetaTrader 5,[],,,ok,,24780e691af2e1d8a7d21906b03bce5a1a216bfd8c1d41c63fd089cebcb0249f,md/11873.md,42118,10529
11876,https://www.mql5.com/en/articles/11876,Neural networks made easy (Part 36): Relational Reinforcement Learning,,2023-04-21T13:59Z,Trading systems,MetaTrader 5,[],Neural networks made easy (): Relational Reinforcement Learning,36,ok,,464040154f462b7ea19a8f8949361be3b67488223af13e3491e2fce09e246a42,md/11876.md,41302,10325
11877,https://www.mql5.com/en/articles/11877,Developing a Replay System (Part 51): Things Get Complicated (III),,2024-11-04T12:16Z,Examples,MetaTrader 5,[],Developing a Replay System (): Things Get Complicated (III),51,ok,,130f0c98ffb507007b1f328bfbba66974fc60c5216926fb30194c4ddfd7aa597,md/11877.md,85880,21470
11887,https://www.mql5.com/en/articles/11887,DoEasy. Controls (Part 30): Animating the ScrollBar control,,2023-02-08T11:03Z,Examples,MetaTrader 5,[],DoEasy. Controls (): Animating the ScrollBar control,30,ok,,3bf94e4b553eb939cce6e31f72be9c11176a8e2b760cdc6da520947706d67a69,md/11887.md,255706,63926
11915,https://www.mql5.com/en/articles/11915,Population optimization algorithms: Bat algorithm (BA),,2023-02-22T07:09Z,Examples,MetaTrader 5,[],,,ok,,ae46ea7425c2f33d9ed2a8442833a85d8b0ed45efd1d8f89efc333594eb18e8b,md/11915.md,46005,11501
11925,https://www.mql5.com/en/articles/11925,Developing a Replay System (Part 52): Things Get Complicated (IV),,2024-11-19T11:18Z,Examples,MetaTrader 5,[],Developing a Replay System (): Things Get Complicated (IV),52,ok,,5b790631622bf0f6e4fcda9782476c3be7d2a15f2d4ac8f55f2eccd5421351c3,md/11925.md,94727,23681
11926,https://www.mql5.com/en/articles/11926,DoEasy. Controls (Part 31): Scrolling the contents of the ScrollBar control,,2023-02-15T14:20Z,Examples,MetaTrader 5,[],DoEasy. Controls (): Scrolling the contents of the ScrollBar control,31,ok,,17942f0ab7dd7a84f0fdbcdf426dcd99b2d0233fabd7d9bb1844b759492ef3d2,md/11926.md,95717,23929
11928,https://www.mql5.com/en/articles/11928,Learn how to design a trading system by Gator Oscillator,,2023-01-12T15:50Z,Trading,MetaTrader 5,[],,,ok,,4a09b63df1ab6556fe45ee0d8cae7c567ad4814f4f025d40530ebb460e66948c,md/11928.md,46970,11742
11930,https://www.mql5.com/en/articles/11930,MQL5 Wizard techniques you should know (Part 05): Markov Chains,,2023-01-16T14:34Z,Tester,MetaTrader 5,[],MQL5 Wizard techniques you should know (): Markov Chains,5,ok,,4c8d606e61d8379af270c25ba1c433a36c5b4ff11055870c8b5db4c96a891a35,md/11930.md,40787,10196
11932,https://www.mql5.com/en/articles/11932,Developing a Replay System (Part 53): Things Get Complicated (V),,2024-11-22T15:16Z,Examples,MetaTrader 5,[],Developing a Replay System (): Things Get Complicated (V),53,ok,,7347c67767071a0e00febe0cd89b70755109907ee285f3b7d6a0b2db67d4f7fb,md/11932.md,28742,7185
11933,https://www.mql5.com/en/articles/11933,How to choose an Expert Advisor: Twenty strong criteria to reject a trading bot,,2023-02-15T14:50Z,Tester,MetaTrader 5,[],,,ok,,a29ee6bd5d5a3b1d74cb2daf9cc8ac6fc37e43ca51d5c2baeaa779d91125a8bb,md/11933.md,28177,7044
11949,https://www.mql5.com/en/articles/11949,Experiments with neural networks (Part 3): Practical application,,2023-02-23T14:39Z,Expert Advisors,MetaTrader 5,[],Experiments with neural networks (): Practical application,3,ok,,926ff050735ab3509e6e95a7ac3f24f097f6005790b3bccffca3594f556181ed,md/11949.md,35754,8938
11958,https://www.mql5.com/en/articles/11958,Category Theory in MQL5 (Part 2),,2023-01-31T13:39Z,Integration,MetaTrader 5,[],Category Theory in MQL5 (),2,ok,,51e5a55aaffe0fa2d0bf7b9fcd21aab500cf16926de72f23661cd9fdc070d043,md/11958.md,91197,22799
11971,https://www.mql5.com/en/articles/11971,Developing a Replay System (Part 54): The Birth of the First Module,,2024-12-13T12:03Z,Examples,MetaTrader 5,[],Developing a Replay System (): The Birth of the First Module,54,ok,,01284cbffe5f0a13a45ee1b6d0f1dfe3ade29d123d6d39dcebc569ec959b7473,md/11971.md,76890,19222
11977,https://www.mql5.com/en/articles/11977,MQL5 Cookbook — Macroeconomic events database,,2023-03-15T15:44Z,Examples,MetaTrader 5,[],,,ok,,df19e1a66c5bf598df78d5c92febe43aaae15e74018afd03be8a63ae4d3724c7,md/11977.md,121239,30309
11988,https://www.mql5.com/en/articles/11988,Developing a Replay System (Part 55): Control Module,,2025-01-14T09:55Z,Examples,MetaTrader 5,[],Developing a Replay System (): Control Module,55,ok,,fd0293a386de05ad834d18a954c886963af4f8b1cc2c0fd096ba722267d2bf55,md/11988.md,48532,12133
11990,https://www.mql5.com/en/articles/11990,Population optimization algorithms: Invasive Weed Optimization (IWO),,2023-02-24T15:35Z,Examples,MetaTrader 5,[],,,ok,,a273a50671c118751bb3ebbf400e2e17ab4056b7f3147531d594f1d22b2941fe,md/11990.md,41023,10255
11998,https://www.mql5.com/en/articles/11998,Revisiting Murray system,,2023-03-02T09:53Z,Trading,MetaTrader 5,[],,,ok,,9f933e7fceac9a4d6d9d11698c3bece5e2b6277f848d52177ed3c93ea7465f7e,md/11998.md,37560,9390
12000,https://www.mql5.com/en/articles/12000,Developing a Replay System (Part 56): Adapting the Modules,,2025-01-16T06:19Z,Examples,MetaTrader 5,[],Developing a Replay System (): Adapting the Modules,56,ok,,39c7f344029bb0e462f725a04896e19694b01a86121e1cfd16e3df872ff2e249,md/12000.md,77377,19344
12005,https://www.mql5.com/en/articles/12005,Developing a Replay System (Part 57): Understanding a Test Service,,2025-02-04T06:28Z,Examples,MetaTrader 5,[],Developing a Replay System (): Understanding a Test Service,57,ok,,734c98e2b513efa296b95b484ec566f52983b6ad3152af2013201d02386dcde7,md/12005.md,29237,7309
12026,https://www.mql5.com/en/articles/12026,Creating a comprehensive Owl trading strategy,,2023-03-29T12:52Z,Trading,MetaTrader 5,[],,,ok,,699f59b13c6d1040572a8235a64e96e385056c79e14e4c916f1b0e3a136f9a7a,md/12026.md,38234,9558
12031,https://www.mql5.com/en/articles/12031,Population optimization algorithms: Bacterial Foraging Optimization (BFO),,2023-03-07T12:41Z,Examples,MetaTrader 5,[],,,ok,,dad9c9da85d558b86c43304d7d5711c8a1e244d0f5bb4249fd70d94472733ff7,md/12031.md,40523,10130
12039,https://www.mql5.com/en/articles/12039,Developing a Replay System (Part 58): Returning to Work on the Service,,2025-02-07T11:30Z,Examples,MetaTrader 5,[],Developing a Replay System (): Returning to Work on the Service,58,ok,,5b5ae7e299a2646fc4a43d9871dd92b0d5653d24d2db3d83e48d21c9129d8671,md/12039.md,40724,10181
12042,https://www.mql5.com/en/articles/12042,Develop a Proof-of-Concept DLL with C++ multi-threading support for MetaTrader 5 on Linux,,2023-01-27T16:22Z,Examples,MetaTrader 5,[],,,ok,,d91500d227e349a857f7bd8c0da259e4a04c69c43a1073bca09fd634b2f077cd,md/12042.md,64488,16122
12069,https://www.mql5.com/en/articles/12069,Integrating ML models with the Strategy Tester (Part 3): Managing CSV files (II),,2023-07-04T16:08Z,Machine learning,MetaTrader 5,[],Integrating ML models with the Strategy Tester (): Managing CSV files (II),3,ok,,4ae0280f5adfcf7351725c4031728110791ad85f19722f50323697160c5dd286,md/12069.md,27274,6818
12071,https://www.mql5.com/en/articles/12071,MQL5 — You too can become a master of this language,,2023-07-07T09:24Z,Examples,MetaTrader 5,[],,,ok,,6e353ae15342d9f4d098426c2794b07a3105eaf3f3fc3a8167609763bed2876f,md/12071.md,26314,6578
12072,https://www.mql5.com/en/articles/12072,Population optimization algorithms: Gravitational Search Algorithm (GSA),,2023-04-07T13:41Z,Examples,MetaTrader 5,[],,,ok,,624a857cc47740558c5ac4da28b18f416b183b7f447ae3a50d37e4c3d473207a,md/12072.md,43283,10820
12075,https://www.mql5.com/en/articles/12075,Developing a Replay System (Part 59): A New Future,,2025-02-14T10:44Z,Examples,MetaTrader 5,[],Developing a Replay System (): A New Future,59,ok,,307091fc2f207c9dbdb7a054321801596d2eb3becbf7050c99d77b68d01c6074,md/12075.md,75735,18933
12085,https://www.mql5.com/en/articles/12085,Category Theory in MQL5 (Part 3),,2023-03-02T14:52Z,Integration,MetaTrader 5,[],Category Theory in MQL5 (),3,ok,,b6d3076f1bb3279d4f6baa1e3518a0281fb5bf7c555603b0dacf2a893dcaec66,md/12085.md,89870,22467
12086,https://www.mql5.com/en/articles/12086,Developing a Replay System (Part 60): Playing the Service (I),,2025-03-11T08:08Z,Examples,MetaTrader 5,[],Developing a Replay System (): Playing the Service (I),60,ok,,d767f13aa9e282465ce37860f57d2615d6502e844a282c3161795ed84e58632b,md/12086.md,76095,19023
12103,https://www.mql5.com/en/articles/12103,Testing and optimization of binary options strategies in MetaTrader 5,,2023-03-27T10:09Z,Tester,MetaTrader 5,[],,,ok,,14345620a95776a8e68f999f51a5d340423529f4a474cb64d56090b6043fa744,md/12103.md,37863,9465
12108,https://www.mql5.com/en/articles/12108,Understand and efficiently use OpenCL API by recreating built-in support as DLL on Linux (Part 1): Motivation and validation,,2023-02-24T13:55Z,Examples,MetaTrader 5,[],Understand and efficiently use OpenCL API by recreating built-in support as DLL on Linux (): Motivation and validation,1,ok,,28e8a91043d84d29a1da66bffffdbc646d3da621ef8e8c45cf0bf072439986c9,md/12108.md,52190,13047
12121,https://www.mql5.com/en/articles/12121,Developing a Replay System (Part 61): Playing the service (II),,2025-03-21T15:22Z,Examples,MetaTrader 5,[],Developing a Replay System (): Playing the service (II),61,ok,,e38fa9c7905e16a658f65c9f448e22a652a51aa414ebcefaf646956b3f60a504,md/12121.md,45830,11457
12129,https://www.mql5.com/en/articles/12129,Measuring Indicator Information,,2023-02-07T15:57Z,Examples,MetaTrader 5,[],,,ok,,4f0c5ea86616cb0a5e82fcf00604cd7bb7647f758989ef275365c445109ba65b,md/12129.md,32213,8053
12134,https://www.mql5.com/en/articles/12134,Moral expectation in trading,,2023-03-31T14:15Z,Trading,MetaTrader 5,[],,,ok,,507dc64076cbd3f359daabc4cc1b9c0b39c553c72aa996ccd2234d592c2a2571,md/12134.md,23042,5760
12140,https://www.mql5.com/en/articles/12140,Alan Andrews and his methods of time series analysis,,2023-04-06T10:18Z,Trading systems,MetaTrader 5,[],,,ok,,308fd9aa465f037b08d820850ce053205133222354d4178fdba52f1b7620bff9,md/12140.md,37031,9257
12163,https://www.mql5.com/en/articles/12163,Population optimization algorithms: Harmony Search (HS),,2023-04-13T15:55Z,Examples,MetaTrader 5,[],,,ok,,0edc475da1c9cf6ba4340619ecc5f4f950a4843e89d2c8070f208d663ac212d9,md/12163.md,37044,9261
12172,https://www.mql5.com/en/articles/12172,Learn how to design a trading system by Bill Williams' MFI,,2023-03-03T12:31Z,Trading,MetaTrader 5,[],,,ok,,ddaeff3c45717438d883f578895fb5ff4fa909adb77ea540b7daf195e007f4a9,md/12172.md,43688,10922
12184,https://www.mql5.com/en/articles/12184,"Data Science and Machine Learning (Part 11): Naïve Bayes, Probability theory in Trading",,2023-03-03T13:52Z,Trading systems,MetaTrader 5,[],"Data Science and Machine Learning (): Naïve Bayes, Probability theory in Trading",11,ok,,90281bacf553b71594b8250d293d09557a06113d5bdc4e8ae06f24fe6c2e09bc,md/12184.md,56893,14223
12187,https://www.mql5.com/en/articles/12187,Backpropagation Neural Networks using MQL5 Matrices,,2023-04-11T13:19Z,Examples,MetaTrader 5,[],,,ok,,f01e7b081951150940309083ec4d046e0d98db41f53e68d8b55199c70a278f35,md/12187.md,110796,27699
12202,https://www.mql5.com/en/articles/12202,Experiments with neural networks (Part 4): Templates,,2023-04-26T15:17Z,Trading systems,MetaTrader 5,[],Experiments with neural networks (): Templates,4,ok,,923f9c27d56a783019219f715bbdbbcf146282aae01f12a9220b8629233ddc0d,md/12202.md,74111,18527
12209,https://www.mql5.com/en/articles/12209,Data Science and Machine Learning (Part 12): Can Self-Training Neural Networks Help You Outsmart the Stock Market?,,2023-03-13T14:14Z,Trading,MetaTrader 5,[],Data Science and Machine Learning (): Can Self-Training Neural Networks Help You Outsmart the Stock Market?,12,ok,,5d63da36e1c99e131abcbea2189ef362f76ddd480d03ca3d1247375729b08290,md/12209.md,49132,12283
12212,https://www.mql5.com/en/articles/12212,Population optimization algorithms: Monkey algorithm (MA),,2023-04-21T12:25Z,Tester,MetaTrader 5,[],,,ok,,21bc3c77fa019b0dbb7ce14baa6857880b6380350bcee35d14366620615abfcc,md/12212.md,36810,9202
12229,https://www.mql5.com/en/articles/12229,Data Science and Machine Learning (Part 13): Improve your financial market analysis with Principal Component Analysis (PCA),,2023-03-20T15:57Z,Trading systems,MetaTrader 5,[],Data Science and Machine Learning (): Improve your financial market analysis with Principal Component Analysis (PCA),13,ok,,1ae7e37bd186d563ac096f24307c94748be90b932e09d4377ac083b4c4c7aba1,md/12229.md,39912,9978
12231,https://www.mql5.com/en/articles/12231,Developing a Replay System (Part 62): Playing the service (III),,2025-03-26T12:38Z,Examples,MetaTrader 5,[],Developing a Replay System (): Playing the service (III),62,ok,,1db2cbf32d923f38e74edf664cb3b07c439cb65c9c8e6a0ccbee668c146dae42,md/12231.md,45291,11322
12240,https://www.mql5.com/en/articles/12240,Developing a Replay System (Part 63): Playing the service (IV),,2025-04-14T09:23Z,Examples,MetaTrader 5,[],Developing a Replay System (): Playing the service (IV),63,ok,,090b0200967899f6b98d1c5d9bd5b7340eee8c37230ce5c3ae1105d4b9495fc5,md/12240.md,69690,17422
12250,https://www.mql5.com/en/articles/12250,Developing a Replay System (Part 64): Playing the service (V),,2025-04-14T14:46Z,Examples,MetaTrader 5,[],Developing a Replay System (): Playing the service (V),64,ok,,a095581f5dd151d7cf331bee0c96d9fea66c5d819eb9f7d7239986e8711ff4e4,md/12250.md,41644,10411
12252,https://www.mql5.com/en/articles/12252,Population optimization algorithms: Spiral Dynamics Optimization (SDO) algorithm,,2024-03-26T09:25Z,Examples,MetaTrader 5,[],,,ok,,89c81571105a1e995abc89893d6b0a01366c4efe80b6419fae02b079ea5cda67,md/12252.md,41126,10281
12261,https://www.mql5.com/en/articles/12261,Data Science and Machine Learning(Part 14): Finding Your Way in the Markets with Kohonen Maps,,2023-03-28T12:51Z,Trading systems,MetaTrader 5,[],Data Science and Machine Learning(): Finding Your Way in the Markets with Kohonen Maps,14,ok,,5344f24e78a7819f5c44af1f31b688d41d6c56b3160af35f9d615a3875ac2640,md/12261.md,47891,11972
12265,https://www.mql5.com/en/articles/12265,Developing a Replay System (Part 65): Playing the service (VI),,2025-04-17T09:32Z,Examples,MetaTrader 5,[],Developing a Replay System (): Playing the service (VI),65,ok,,86dacd36ffdcc4d73e320e8b68f63dfdd9473b4a9cd64c832a662274d8c1ebfa,md/12265.md,65152,16288
12268,https://www.mql5.com/en/articles/12268,Population optimization algorithms: Saplings Sowing and Growing up (SSG),,2023-04-28T11:16Z,Examples,MetaTrader 5,[],,,ok,,ca53a06345e9d78c4773bf51a9706f09843c637f0a7336abe8d07e6a9cc29059,md/12268.md,40969,10242
12286,https://www.mql5.com/en/articles/12286,Developing a Replay System (Part 66): Playing the service (VII),,2025-05-02T15:02Z,Examples,MetaTrader 5,[],Developing a Replay System (): Playing the service (VII),66,ok,,1cab89109bb89fc90216ebc21531872f991e13af4c8c04190f1f63762abaa2fb,md/12286.md,65489,16372
12293,https://www.mql5.com/en/articles/12293,Developing a Replay System (Part 67): Refining the Control Indicator,,2025-05-08T14:04Z,Examples,MetaTrader 5,[],Developing a Replay System (): Refining the Control Indicator,67,ok,,5b30810f5a4d01908de1f2c61caff5d089be216ceabc98079f047707f96e1aec,md/12293.md,81218,20304
12301,https://www.mql5.com/en/articles/12301,Learn how to design a trading system by Fibonacci,,2023-03-20T16:04Z,Trading,MetaTrader 5,[],,,ok,,a0a49d3698539d2bf446046073ac66a27e16ec1212cb435e2b0f9d92b20d9053,md/12301.md,64147,16036
12308,https://www.mql5.com/en/articles/12308,How to connect MetaTrader 5 to PostgreSQL,,2023-05-03T10:30Z,Integration,MetaTrader 5,[],,,ok,,717c6f8cc936d3ea05c6f05724a4d524c3ea988242beea8079ccdcf8295c16d7,md/12308.md,42319,10579
12309,https://www.mql5.com/en/articles/12309,Developing a Replay System (Part 68): Getting the Time Right (I),,2025-05-14T09:52Z,Examples,MetaTrader 5,[],Developing a Replay System (): Getting the Time Right (I),68,ok,,07bb3c3c0f58226dccb1ee62196f890940b826f9eeace5051263bf3e96ce2011,md/12309.md,52973,13243
12317,https://www.mql5.com/en/articles/12317,Developing a Replay System (Part 69): Getting the Time Right (II),,2025-05-21T13:56Z,Examples,MetaTrader 5,[],Developing a Replay System (): Getting the Time Right (II),69,ok,,438c6222c528089528e6ae8396e38a381e62c5461dbfebf4a02fee104a990872,md/12317.md,67423,16855
12326,https://www.mql5.com/en/articles/12326,Developing a Replay System (Part 70): Getting the Time Right (III),,2025-05-28T13:30Z,Examples,MetaTrader 5,[],Developing a Replay System (): Getting the Time Right (III),70,ok,,56a053e0df779eb7907f429f6daf3a3798fd2ea1f14526ed5bdd35710ba1bdfe,md/12326.md,74540,18635
12328,https://www.mql5.com/en/articles/12328,Implementing the Janus factor in MQL5,,2023-04-04T16:41Z,Examples,MetaTrader 5,[],,,ok,,8e9e01a64a3c9ea3a1cec849e93d0e4a0623f829941118b9373b716ce06af1f4,md/12328.md,73706,18426
12335,https://www.mql5.com/en/articles/12335,Developing a Replay System (Part 71): Getting the Time Right (IV),,2025-06-04T14:49Z,Examples,MetaTrader 5,[],Developing a Replay System (): Getting the Time Right (IV),71,ok,,822f073e56a5ba462d6712d8497389a31e271f13d05abfee225a1b5133e00fc7,md/12335.md,58488,14622
12352,https://www.mql5.com/en/articles/12352,Population optimization algorithms: ElectroMagnetism-like algorithm (ЕМ),,2023-05-09T13:03Z,Examples,MetaTrader 5,[],,,ok,,2c6a2b5bd329d16ec4c0ee039a68dc46b3cef7c927bfd164e546c3a6011f4133,md/12352.md,37616,9404
12355,https://www.mql5.com/en/articles/12355,Trading strategy based on the improved Doji candlestick pattern recognition indicator,,2023-08-03T11:52Z,Tester,MetaTrader 5,[],,,ok,,e825ace7015d480da31e96c241dd94466ca31ac6e401a7b217c2dbe0616fb4ef,md/12355.md,33279,8319
12357,https://www.mql5.com/en/articles/12357,Canvas based indicators: Filling channels with transparency,,2023-03-30T15:57Z,Examples,MetaTrader 5,[],,,ok,,3e3c7ac7a80980cc921d9934c26a7340f54b1f90d73a0cadce64d0eab50c988d,md/12357.md,32343,8085
12362,https://www.mql5.com/en/articles/12362,Developing a Replay System (Part 72): An Unusual Communication (I),,2025-06-17T05:39Z,Examples,MetaTrader 5,[],Developing a Replay System (): An Unusual Communication (I),72,ok,,6811b62699c405c1e9eee1e14d90556f474c1db981827f709dd167990bc0ebf9,md/12362.md,52424,13106
12363,https://www.mql5.com/en/articles/12363,Developing a Replay System (Part 73): An Unusual Communication (II),,2025-06-25T11:41Z,Examples,MetaTrader 5,[],Developing a Replay System (): An Unusual Communication (II),73,ok,,f50a9d1508eeb0ade0dab23e45b50cc60ad930fee41562dd772e38e93993d570,md/12363.md,54220,13555
12373,https://www.mql5.com/en/articles/12373,How to use ONNX models in MQL5,,2023-04-05T13:35Z,Machine learning,MetaTrader 5,[],,,ok,,3e24387d4cc618bee04b5c23ecb12df8e7105910bd14db6b0ea19c7bf763a4f2,md/12373.md,52113,13028
12385,https://www.mql5.com/en/articles/12385,How to use MQL5 to detect candlesticks patterns,,2023-04-03T13:59Z,Trading,MetaTrader 5,[],,,ok,,573009ea57a079fb63a0db1d1358c0ecce90dfcb3fa0bf60fac7c4f1be91fef7,md/12385.md,62020,15505
12387,https://www.mql5.com/en/articles/12387,Understand and Efficiently use OpenCL API by Recreating built-in support as DLL on Linux (Part 2): OpenCL Simple DLL implementation,,2023-04-06T15:57Z,Examples,MetaTrader 5,[],Understand and Efficiently use OpenCL API by Recreating built-in support as DLL on Linux (): OpenCL Simple DLL implementation,2,ok,,c413fd8048130d917cac8fabee4e460810a8cbacbd047a688158147211a52e4e,md/12387.md,62975,15743
12394,https://www.mql5.com/en/articles/12394,"Category Theory in MQL5 (Part 4): Spans, Experiments, and Compositions",,2023-03-29T08:42Z,Examples,MetaTrader 5,[],"Category Theory in MQL5 (): Spans, Experiments, and Compositions",4,ok,,529ad671184809d7ac56e444a044d2246c7e82d6ef96f51113ede72cdf26b7cc,md/12394.md,22904,5726
12413,https://www.mql5.com/en/articles/12413,Developing a Replay System (Part 74): New Chart Trade (I),,2025-07-09T09:34Z,Examples,MetaTrader 5,[],Developing a Replay System (): New Chart Trade (I),74,ok,,dc4e482ac79dcd26b7e418477dd43ce6803faf8103d5b916fff639c8e72c9598,md/12413.md,38482,9620
12417,https://www.mql5.com/en/articles/12417,Category Theory in MQL5 (Part 5): Equalizers,,2023-04-04T07:48Z,Tester,MetaTrader 5,[],Category Theory in MQL5 (): Equalizers,5,ok,,32e86d59477b7d289c388cca0084b744537fd3c9748ec9933c1275c6257f1dbc,md/12417.md,20740,5185
12428,https://www.mql5.com/en/articles/12428,Neural networks made easy (Part 37): Sparse Attention,,2023-09-12T11:24Z,Integration,MetaTrader 5,[],Neural networks made easy (): Sparse Attention,37,ok,,50bf35c25eb91f8d79ebce9b67e59853f00aa8aec147177a2f44c58d4b57c617,md/12428.md,58583,14645
12433,https://www.mql5.com/en/articles/12433,An example of how to ensemble ONNX models in MQL5,,2023-04-12T10:48Z,Machine learning,MetaTrader 5,[],,,ok,,96986c96407cd620020b1e0433d4b8888798221b21aa3db7b5b0076c85aadab6,md/12433.md,29926,7481
12434,https://www.mql5.com/en/articles/12434,Multibot in MetaTrader: Launching multiple robots from a single chart,,2023-05-18T16:57Z,Examples,MetaTrader 5,[],,,ok,,843ed085fe608c8a17424db02a504b46d523dbe8a225e8c86c1b354d8ce0e6ff,md/12434.md,48510,12127
12437,https://www.mql5.com/en/articles/12437,Category Theory in MQL5 (Part 6): Monomorphic Pull-Backs and Epimorphic Push-Outs,,2023-04-11T16:32Z,Trading systems,MetaTrader 5,[],Category Theory in MQL5 (): Monomorphic Pull-Backs and Epimorphic Push-Outs,6,ok,,ae609e30431681d9786828840dd89d9f5b5301587f8272cc7aba39048dbe7a80,md/12437.md,47300,11825
12442,https://www.mql5.com/en/articles/12442,Developing a Replay System (Part 75): New Chart Trade (II),,2025-07-14T13:21Z,Examples,MetaTrader 5,[],Developing a Replay System (): New Chart Trade (II),75,ok,,983df3f0a2189eddeb8d3c7a384292bc54861e5467555c104a1ed7a04d600178,md/12442.md,44246,11061
12443,https://www.mql5.com/en/articles/12443,Developing a Replay System (Part 76): New Chart Trade (III),,2025-08-14T05:33Z,Examples,MetaTrader 5,[],Developing a Replay System (): New Chart Trade (III),76,ok,,0c603a61435905f4f3038442fadfdb2e261d8ab9d19eb6a14838a5fa44a69d50,md/12443.md,35024,8756
12445,https://www.mql5.com/en/articles/12445,Rebuy algorithm: Math model for increasing efficiency,,2023-06-14T10:23Z,Trading,MetaTrader 5,[],,,ok,,26c1e62f3205cecbad7cff0dfdb68c141a30a9f07d791c30f6f4144a8f895371,md/12445.md,59819,14954
12446,https://www.mql5.com/en/articles/12446,Brute force approach to patterns search (Part V): Fresh angle,,2023-11-16T11:23Z,Trading,MetaTrader 5,[],,,ok,,dd4f00ab41d8d45fece9a3c8382d75138589b629fade596a2f00bde274efd7db,md/12446.md,36164,9041
12459,https://www.mql5.com/en/articles/12459,Experiments with neural networks (Part 5): Normalizing inputs for passing to a neural network,,2023-05-26T11:45Z,Trading systems,MetaTrader 5,[],Experiments with neural networks (): Normalizing inputs for passing to a neural network,5,ok,,20d79677fabb107645ca02990ceacd18487564c14429b6435555a3eb40a0efad,md/12459.md,49736,12434
12470,https://www.mql5.com/en/articles/12470,"Category Theory in MQL5 (Part 7): Multi, Relative and Indexed Domains",,2023-05-04T09:21Z,Tester,MetaTrader 5,[],"Category Theory in MQL5 (): Multi, Relative and Indexed Domains",7,ok,,919abc8e48d1d27b8208fedc6eb33de0090d4948e641046dc30d8f18265e31a4,md/12470.md,31042,7760
12471,https://www.mql5.com/en/articles/12471,Integrating ML models with the Strategy Tester (Conclusion): Implementing a regression model for price prediction,,2024-03-05T15:01Z,Examples,MetaTrader 5,[],,,ok,,d3568bfc9a388816508174a3fd798c5d1ac68d22bb142b9975688d746567d90b,md/12471.md,42278,10569
12475,https://www.mql5.com/en/articles/12475,OpenAI's ChatGPT features within the framework of MQL4 and MQL5 development,,2023-08-23T11:58Z,Trading,MetaTrader 5,[],,,ok,,42282c83cdcff5e2fed48919cbdae4de5216796cb653574bf166ff030ac32fe0,md/12475.md,51496,12874
12476,https://www.mql5.com/en/articles/12476,Developing a Replay System (Part 77): New Chart Trade (IV),,2025-08-27T15:20Z,Examples,MetaTrader 5,[],Developing a Replay System (): New Chart Trade (IV),77,ok,,4809d7d838215e717e55c09fb08b4c3d38bfcfc68664aba8d6be8198bcb64648,md/12476.md,36430,9107
12479,https://www.mql5.com/en/articles/12479,How to detect trends and chart patterns using MQL5,,2023-04-12T16:34Z,Trading,MetaTrader 5,[],,,ok,,f741911569776ea9f1c18ddd5d47f16a2a2d33fa393cbcb03de148b918a9fa9c,md/12479.md,48941,12235
12484,https://www.mql5.com/en/articles/12484,Wrapping ONNX models in classes,,2023-08-23T15:43Z,Examples,MetaTrader 5,[],,,ok,,160190972f1b8ed477653d85c40ffb63b32e18177004172bbb7e8181807bf674,md/12484.md,44272,11068
12492,https://www.mql5.com/en/articles/12492,Developing a Replay System (Part 78): New Chart Trade (V),,2025-09-01T12:53Z,Examples,MetaTrader 5,[],Developing a Replay System (): New Chart Trade (V),78,ok,,88ba5217c7b23492a43755478533629b6e9905c9081a8ce33ffb795374b1ae8e,md/12492.md,27848,6962
12508,https://www.mql5.com/en/articles/12508,Neural networks made easy (Part 38): Self-Supervised Exploration via Disagreement,,2023-10-02T14:10Z,Expert Advisors,MetaTrader 5,[],Neural networks made easy (): Self-Supervised Exploration via Disagreement,38,ok,,1143284784d85b25acb5c23af01d844788e277f34e6f1b8caf56981dc9f2b977,md/12508.md,68413,17103
12510,https://www.mql5.com/en/articles/12510,How to create a custom indicator (Heiken Ashi) using MQL5,,2023-04-24T17:11Z,Trading,MetaTrader 5,[],,,ok,,fc33243acb16425651547ef7841ee6aabfdaea2809cf349633be281c26f1b7ee,md/12510.md,40189,10047
12515,https://www.mql5.com/en/articles/12515,Experiments with neural networks (Part 6): Perceptron as a self-sufficient tool for price forecast,,2023-06-02T10:28Z,Trading systems,MetaTrader 5,[],Experiments with neural networks (): Perceptron as a self-sufficient tool for price forecast,6,ok,,c0d8753ddbce4fd129af0e1e3a98bb83dcd88cf2ef9011938e49474a16f57e8f,md/12515.md,20286,5071
12516,https://www.mql5.com/en/articles/12516,GIT: What is it?,,2024-07-18T16:57Z,Examples,MetaTrader 5,[],,,ok,,ff6afc9dc4e0b8ac7962242eaec17e2b6c1571ab71aa1b6f1f4f83c071d5136c,md/12516.md,30214,7553
12536,https://www.mql5.com/en/articles/12536,Market Simulation (Part 01): Cross Orders (I),,2025-09-08T15:03Z,Tester,MetaTrader 5,[],Market Simulation (): Cross Orders (I),1,ok,,a54800cd096c6e1fd922b03f0cdf60e176f0ce27a0f59ba7f937f857dd021af6,md/12536.md,34872,8718
12537,https://www.mql5.com/en/articles/12537,Market Simulation (Part 02): Cross Orders (II),,2025-10-06T12:51Z,Tester,MetaTrader 5,[],Market Simulation (): Cross Orders (II),2,ok,,af2d924896ce37ab0a9b111f432a4bfee05200a04c564891d25b5ac76375908a,md/12537.md,78777,19694
12550,https://www.mql5.com/en/articles/12550,Money management in trading,,2023-06-07T09:26Z,Trading,MetaTrader 5,[],,,ok,,129765d4c9dadcfce797d02cf73398796e9682f982ef95aae506d3f12f89e5c9,md/12550.md,21795,5448
12558,https://www.mql5.com/en/articles/12558,"Neural networks made easy (Part 39): Go-Explore, a different approach to exploration",,2023-10-05T11:00Z,Expert Advisors,MetaTrader 5,[],"Neural networks made easy (): Go-Explore, a different approach to exploration",39,ok,,5aa7b80e0d2357fcbf636acdc80f0682b226b2ab4ecea9b59ec921a7c62ac022,md/12558.md,58174,14543
12570,https://www.mql5.com/en/articles/12570,How to create a custom True Strength Index indicator using MQL5,,2023-05-05T08:50Z,Trading,MetaTrader 5,[],,,ok,,52af08e03eb31e7bcc63ccf2dd4f076a23c8bc3d7fced43e94836b8348195647,md/12570.md,40404,10101
12576,https://www.mql5.com/en/articles/12576,"Custom Indicator: Plotting Partial Entry, Exit and Reversal Deals for Netting Accounts",,2025-02-05T14:58Z,Examples,MetaTrader 5,[],,,ok,,9b82d2418863f05aba054e17facf1246bf1e9c30048e98549b7dc208dfbdf473,md/12576.md,31144,7786
12579,https://www.mql5.com/en/articles/12579,Rebuy algorithm: Multicurrency trading simulation,,2023-06-30T10:59Z,Tester,MetaTrader 5,[],,,ok,,f47d833d9914012ca899b53cfb32c5da9a39b196ccc1c5a4b371e723507a3aee,md/12579.md,31946,7986
12580,https://www.mql5.com/en/articles/12580,Market Simulation (Part 03): A Matter of Performance,,2025-10-10T08:21Z,Examples,MetaTrader 5,[],Market Simulation (): A Matter of Performance,3,ok,,108adaedeb84d5277ee4776c0f4040895af845fa925beeb69c2871b74b01189f,md/12580.md,106835,26708
12583,https://www.mql5.com/en/articles/12583,Implementing an ARIMA training algorithm in MQL5,,2023-05-12T10:02Z,Examples,MetaTrader 5,[],,,ok,,7f5c4b723a240fd8f345859b10e0faa2cb36d25e1b3a767af32ccca94069cb92,md/12583.md,29404,7351
12584,https://www.mql5.com/en/articles/12584,Neural networks made easy (Part 40): Using Go-Explore on large amounts of data,,2023-10-23T14:18Z,Expert Advisors,MetaTrader 5,[],Neural networks made easy (): Using Go-Explore on large amounts of data,40,ok,,9e0c20a468101b993e95cbbfccee10579e7a9de73d64e8630c9969fdec3d5921,md/12584.md,39372,9843
12589,https://www.mql5.com/en/articles/12589,Market Simulation (Part 04): Creating the C_Orders Class (I),,2025-10-23T07:59Z,Examples,MetaTrader 5,[],Market Simulation (): Creating the C_Orders Class (I),4,ok,,f2033b952a75f118bc7dbc16800c0fbd5662a6aed975cce3226950f02ec89892,md/12589.md,31738,7934
12598,https://www.mql5.com/en/articles/12598,Market Simulation (Part 05): Creating the C_Orders Class (II),,2025-11-04T09:23Z,Examples,MetaTrader 5,[],Market Simulation (): Creating the C_Orders Class (II),5,ok,,5cd5d480dea51b714a34848d5a97349b18de923a8d9545e12599ba1122001805,md/12598.md,39909,9977
12599,https://www.mql5.com/en/articles/12599,MQL5 Wizard techniques you should know (Part 06): Fourier Transform,,2023-05-10T15:24Z,Tester,MetaTrader 5,[],MQL5 Wizard techniques you should know (): Fourier Transform,6,ok,,d2d886e895203df15495472925c3559a5fb0f2ff7abc71a2e897b13d043805ab,md/12599.md,45489,11372
12605,https://www.mql5.com/en/articles/12605,Neural networks made easy (Part 41): Hierarchical models,,2023-10-24T13:00Z,Expert Advisors,MetaTrader 5,[],Neural networks made easy (): Hierarchical models,41,ok,,518e440eba8dc1a69e69d2ea5c1af0a234c0ba6b244ee39ffa0775274eba1955,md/12605.md,57669,14417
12621,https://www.mql5.com/en/articles/12621,Market Simulation (Part 07): Sockets (I),,2025-11-26T09:08Z,Examples,MetaTrader 5,[],Market Simulation (): Sockets (I),7,ok,,800745fbae5309486c865d2244bf843cb66b58f30d9323d838ccf0a25d959953,md/12621.md,36122,9030
12627,https://www.mql5.com/en/articles/12627,Matrices and vectors in MQL5: Activation functions,,2023-06-23T12:01Z,Examples,MetaTrader 5,[],,,ok,,d0169f87e00e10a0b980a8287096240ff1b1e8e87e3eaf79d4a5b24cc4414bbb,md/12627.md,18184,4546
12634,https://www.mql5.com/en/articles/12634,Category Theory in MQL5 (Part 8): Monoids,,2023-05-29T15:59Z,Tester,MetaTrader 5,[],Category Theory in MQL5 (): Monoids,8,ok,,a5f4732caa45a3b39a10a6ce327f2815d31ecab6c13d0886f0041ba3d21ff17d,md/12634.md,47794,11948
12635,https://www.mql5.com/en/articles/12635,Understand and Use MQL5 Strategy Tester Effectively,,2023-05-24T12:29Z,Tester,MetaTrader 5,[],,,ok,,3f073d7fbace254658027a6f289dd1a71f4dbc1bf8622545d2553d6513a45c12,md/12635.md,28585,7146
12638,https://www.mql5.com/en/articles/12638,"Neural networks made easy (Part 42): Model procrastination, reasons and solutions",,2023-10-25T12:58Z,Trading systems,MetaTrader 5,[],"Neural networks made easy (): Model procrastination, reasons and solutions",42,ok,,a540a559c83a12eb8d060ed3aef9cf805678aef7e2ae8b574377a0c01b5ebd7f,md/12638.md,61535,15383
12672,https://www.mql5.com/en/articles/12672,Market Simulation (Part 08): Sockets (II),,2026-01-13T07:02Z,Examples,MetaTrader 5,[],Market Simulation (): Sockets (II),8,ok,,6bea132f7440735f41bd514fed4e43690d8134fe258a452048f6a77f35075dcc,md/12672.md,44053,11013
12673,https://www.mql5.com/en/articles/12673,Market Simulation (Part 09): Sockets (III),,2026-01-19T09:08Z,Examples,MetaTrader 5,[],Market Simulation (): Sockets (III),9,ok,,5b526e190e89e2a821c7ebb553ded8de74be1ba4d6a9026a3bc64f93ba2d5495,md/12673.md,39698,9924
12698,https://www.mql5.com/en/articles/12698,Neural networks made easy (Part 43): Mastering skills without the reward function,,2023-10-26T10:02Z,Trading systems,MetaTrader 5,[],Neural networks made easy (): Mastering skills without the reward function,43,ok,,15fc240f6a5a6abe65c77f2d27eb2ae05f89ea1259e8ffae07fa912301ae15d1,md/12698.md,58202,14550
12701,https://www.mql5.com/en/articles/12701,Frequency domain representations of time series: The Power Spectrum,,2023-06-01T11:35Z,Examples,MetaTrader 5,[],,,ok,,31a2d2126cf7984648aa435196c816714fe9dba1749038f042652c844446143a,md/12701.md,35678,8919
12711,https://www.mql5.com/en/articles/12711,How to create a custom Donchian Channel indicator using MQL5,,2023-06-06T15:53Z,Trading,MetaTrader 5,[],,,ok,,8d3814bd46525578cb2746bbe8564235bf7221dc4f4c364fe8f1eba0afbab3a9,md/12711.md,37789,9447
12739,https://www.mql5.com/en/articles/12739,Category Theory (Part 9): Monoid-Actions,,2023-06-09T13:39Z,Tester,MetaTrader 5,[],Category Theory (): Monoid-Actions,9,ok,,c8cc9a5828b6be2203f50eb82977bedf308a88c42b34aec7c01745e3912dc639,md/12739.md,42229,10557
12743,https://www.mql5.com/en/articles/12743,Market Simulation (Part 10): Sockets (IV),,2026-01-30T13:36Z,Examples,MetaTrader 5,[],Market Simulation (): Sockets (IV),10,ok,,e7fc6d2d8a27b4217614306adf5e1dac7ebf37d5f5a94ae5cfe100cb77327aed,md/12743.md,28636,7159
12744,https://www.mql5.com/en/articles/12744,Market Simulation: (Part 11): Sockets (V),,2026-02-13T14:50Z,Examples,MetaTrader 5,[],Market Simulation: (): Sockets (V),11,ok,,4d55cef56ff351f7c5da1910b9a7ff1fbc38736aae5f31143b58f76dcf4f48fb,md/12744.md,30436,7609
12745,https://www.mql5.com/en/articles/12745,Market Simulation (Part 12): Sockets (VI),,2026-02-18T10:15Z,Examples,MetaTrader 5,[],Market Simulation (): Sockets (VI),12,ok,,36bd7830c3355746c8b186ccd01163f7dec494e539fc5de28c0d743bc0bf62fd,md/12745.md,31621,7905
12750,https://www.mql5.com/en/articles/12750,Neural networks made easy (Part 44): Learning skills with dynamics in mind,,2023-10-27T13:45Z,Trading systems,MetaTrader 5,[],Neural networks made easy (): Learning skills with dynamics in mind,44,ok,,46e36c492fdce64b37f51931e480caf5d7c5ea95b04ffb9270d843d52018babe,md/12750.md,64862,16215
12751,https://www.mql5.com/en/articles/12751,Improve Your Trading Charts With Interactive GUI's in MQL5 (Part I): Movable GUI (I),,2023-06-19T12:26Z,Trading,MetaTrader 5,[],,,ok,,97d01b05ea329e72aa973b4872d8816db66fc39d4b019ebba788c58c84126f06,md/12751.md,40874,10218
12772,https://www.mql5.com/en/articles/12772,Evaluating ONNX models using regression metrics,,2023-09-19T14:40Z,Examples,MetaTrader 5,[],,,ok,,eedc165ded18113c7439bdf0dee819da52864837ba5a2528c1b970a8c9e39f3f,md/12772.md,62728,15682
12783,https://www.mql5.com/en/articles/12783,Neural networks made easy (Part 45): Training state exploration skills,,2023-10-30T10:30Z,Trading systems,MetaTrader 5,[],Neural networks made easy (): Training state exploration skills,45,ok,,0ad07489e0f5f80dd52a8f8e36dae9f203d6dba52daa6f2dc79872a3f58a8c9a,md/12783.md,51981,12995
12790,https://www.mql5.com/en/articles/12790,Market Simulation (Part 13): Sockets (VII),,2026-02-18T11:23Z,Tester,MetaTrader 5,[],Market Simulation (): Sockets (VII),13,ok,,5963819d81b752b587c0cd7b77ea270807d03957fee9557a01e3380028f29560,md/12790.md,38230,9557
12798,https://www.mql5.com/en/articles/12798,Forecasting with ARIMA models in MQL5,,2023-06-26T10:12Z,Trading systems,MetaTrader 5,[],,,ok,,264c45ca6440258b507388ca89a2db9eef3264b79418b55967d4fc98ffaf42d2,md/12798.md,46730,11682
12800,https://www.mql5.com/en/articles/12800,Category Theory in MQL5 (Part 10): Monoid Groups,,2023-06-22T16:32Z,Examples,MetaTrader 5,[],Category Theory in MQL5 (): Monoid Groups,10,ok,,72edfd3605e7f14a490956d87d83e1f750f3bb648a381812b6972dad4ce17589,md/12800.md,34805,8701
12809,https://www.mql5.com/en/articles/12809,"Revisiting an Old Trend Trading Strategy: Two Stochastic oscillators, a MA and Fibonacci",,2023-07-11T14:11Z,Trading systems,MetaTrader 5,[],,,ok,,26273084a69ae336b79abb577b0bec0f71fa775086f5afcd163049c2de5c65e2,md/12809.md,23517,5879
12813,https://www.mql5.com/en/articles/12813,Understanding MQL5 Object-Oriented Programming (OOP),,2023-06-30T10:21Z,Trading,MetaTrader 5,[],,,ok,,cfa64ff5154c1bdf5395dccbcbfcc17076c2b14a5fe778a53d2504ed86ab4526,md/12813.md,28717,7179
12814,https://www.mql5.com/en/articles/12814,How to Become a Successful Signal Provider on MQL5.com,Juvenille Emperor Limited,2023-06-20T09:17Z,Trading,MetaTrader 5,[],,,ok,,6a563c2fd5446c4e7a859147795873cf4a2931c8c0873e97ad394c10aaae427d,md/12814.md,33016,8254
12816,https://www.mql5.com/en/articles/12816,Neural networks made easy (Part 46): Goal-conditioned reinforcement learning (GCRL),,2023-10-31T12:07Z,Trading systems,MetaTrader 5,[],Neural networks made easy (): Goal-conditioned reinforcement learning (GCRL),46,ok,,07791a7511b58060d574b734740daf7bd2fa7261c62c90b2efa9ee26bb82d18f,md/12816.md,65915,16478
12827,https://www.mql5.com/en/articles/12827,Market Simulation (Part 15): Sockets (IX),,2026-02-19T07:45Z,Tester,MetaTrader 5,[],Market Simulation (): Sockets (IX),15,ok,,779fbc66b8f7c98592ff08a5f3e9c00e6d08f2c0bd0c06b8403c6c349dbafd3b,md/12827.md,34390,8597
12828,https://www.mql5.com/en/articles/12828,Market Simulation (Part 16): Sockets (X),,2026-02-19T11:35Z,Tester,MetaTrader 5,[],Market Simulation (): Sockets (X),16,ok,,a71de35057012c1f03a98b57ccc68e12e184cfa867a51c04195a1428fbcf5d75,md/12828.md,31668,7917
12829,https://www.mql5.com/en/articles/12829,Market Simulation (Part 17): Sockets (XI),,2026-03-30T11:11Z,Tester,MetaTrader 5,[],Market Simulation (): Sockets (XI),17,ok,,ac935c3d64a5965a1ff11d8da31fd176cb8b7090b1932ca2d10da57e7331b0c7,md/12829.md,34075,8518
12830,https://www.mql5.com/en/articles/12830,Simple Mean Reversion Trading Strategy,,2023-06-29T09:04Z,Trading,MetaTrader 5,[],,,ok,,e69ffd66adb674e490cef36d87235b583c17fafbe641b59e76523ba6f2471b94,md/12830.md,26567,6641
12844,https://www.mql5.com/en/articles/12844,Category Theory in MQL5 (Part 11): Graphs,,2023-06-29T08:16Z,Examples,MetaTrader 5,[],Category Theory in MQL5 (): Graphs,11,ok,,c179546ad3449b0c01e8abae74b324918596300a15053a53b39fb123914acc02,md/12844.md,25324,6331
12845,https://www.mql5.com/en/articles/12845,Can Heiken-Ashi Combined With Moving Averages Provide Good Signals Together?,,2023-07-06T13:59Z,Trading systems,MetaTrader 5,[],,,ok,,7346dcd04b6cb3872e7d890d56200fdd985112613529b3132c64b7f81ff51b37,md/12845.md,24596,6149
12846,https://www.mql5.com/en/articles/12846,The RSI Deep Three Move Trading Technique,,2023-08-08T14:23Z,Trading systems,MetaTrader 5,[],,,ok,,aea7d02edc29fb87a52823261a11fb8980093853ee1e2a0aaa828ededf378c07,md/12846.md,30006,7501
12849,https://www.mql5.com/en/articles/12849,"DoEasy. Controls (Part 32): Horizontal ScrollBar, mouse wheel scrolling",,2023-08-29T14:24Z,Examples,MetaTrader 5,[],"DoEasy. Controls (): Horizontal ScrollBar, mouse wheel scrolling",32,ok,,a0f1cc8ac97a2807b80c57c939c3320c5bb519278e8f1eff9718dc80a28bfd72,md/12849.md,77424,19356
12853,https://www.mql5.com/en/articles/12853,Neural networks made easy (Part 47): Continuous action space,,2023-11-01T15:47Z,Trading systems,MetaTrader 5,[],Neural networks made easy (): Continuous action space,47,ok,,d9bee618e82cd8003eaf1beb03d1e0fe5714bb216a2631892ba1fdc7c3dd2dcc,md/12853.md,61046,15261
12857,https://www.mql5.com/en/articles/12857,Developing an MQTT client for MetaTrader 5: a TDD approach,,2023-07-06T10:13Z,Integration,MetaTrader 5,[],,,ok,,2089498577e6fc1d0910d7b4edc0722c32ba312645f60183d462ebb6f5c94378,md/12857.md,39304,9826
12873,https://www.mql5.com/en/articles/12873,Category Theory in MQL5 (Part 12): Orders,,2023-07-04T13:45Z,Trading systems,MetaTrader 5,[],Category Theory in MQL5 (): Orders,12,ok,,3ff9986ee7e3bb19bd2a7d45cd9d564a680473c216f47657d6ff2fda0a34c9ad,md/12873.md,24871,6217
12880,https://www.mql5.com/en/articles/12880,,,,,,,,,failed,"firecrawl scrape failed https://www.mql5.com/en/articles/12880: HTTPSConnectionPool(host='api.firecrawl.dev', port=443): Max retries exceeded with url: /v2/scrape (Caused by NameResolutionError(""HTTPSConnection(host='api.firecrawl.dev', port=443): Failed to resolve 'api.firecrawl.dev' ([Errno 11001] getaddrinfo failed)""))",,,0,0
12891,https://www.mql5.com/en/articles/12891,,,,,,,,,failed,"firecrawl scrape failed https://www.mql5.com/en/articles/12891: HTTPSConnectionPool(host='api.firecrawl.dev', port=443): Max retries exceeded with url: /v2/scrape (Caused by NameResolutionError(""HTTPSConnection(host='api.firecrawl.dev', port=443): Failed to resolve 'api.firecrawl.dev' ([Errno 11001] getaddrinfo failed)""))",,,0,0
12892,https://www.mql5.com/en/articles/12892,,,,,,,,,failed,"firecrawl scrape failed https://www.mql5.com/en/articles/12892: HTTPSConnectionPool(host='api.firecrawl.dev', port=443): Max retries exceeded with url: /v2/scrape (Caused by NameResolutionError(""HTTPSConnection(host='api.firecrawl.dev', port=443): Failed to resolve 'api.firecrawl.dev' ([Errno 11001] getaddrinfo failed)""))",,,0,0
12900,https://www.mql5.com/en/articles/12900,Structures in MQL5 and methods for printing their data,,2023-10-19T13:57Z,Examples,MetaTrader 5,[],,,ok,,6b7d890db59bc8f2743bb08bc67e6a57dafca2f560e57d662f1cfc0492b0c518,md/12900.md,102865,25716
12903,https://www.mql5.com/en/articles/12903,Creating Graphical Panels Became Easy in MQL5,,2023-07-07T13:10Z,Trading,MetaTrader 5,[],,,ok,,b80f4151ac48a4bafc2aed1d4c32bcf247d563a63b5e6b933f8979b039c5576c,md/12903.md,47096,11774
12905,https://www.mql5.com/en/articles/12905,Studying PrintFormat() and applying ready-made examples,,2023-10-10T08:50Z,Examples,MetaTrader 5,[],,,ok,,d0156ca9d35fdbe07ceb6075a69b40d28513af15033ce4229c342eec6d27e884,md/12905.md,93530,23382
12923,https://www.mql5.com/en/articles/12923,Improve Your Trading Charts With Interactive GUI's in MQL5 (Part III): Simple Movable Trading GUI,,2023-08-08T14:31Z,Trading,MetaTrader 5,[],,,ok,,0ba14785eed7312a251541cbf6ac8853babb355c48a0630e939a53e6e7d0d7fb,md/12923.md,72076,18019
12926,https://www.mql5.com/en/articles/12926,Market Simulation (Part 18): First Steps with SQL (I),,2026-04-02T09:24Z,Tester,MetaTrader 5,[],Market Simulation (): First Steps with SQL (I),18,ok,,3db83d35caf931a7595e6ec7e681b94550cc9abf8109e88ca434345cf4d43f5f,md/12926.md,28244,7061
12927,https://www.mql5.com/en/articles/12927,Market Simulation (Part 19): First Steps with SQL (II),,2026-04-03T06:15Z,Tester,MetaTrader 5,[],Market Simulation (): First Steps with SQL (II),19,ok,,c69b9f2f5d76643c6a18205f37fdfa9989a1cfd7df506b0cfd67a68bb9edcdf0,md/12927.md,29801,7450
12928,https://www.mql5.com/en/articles/12928,Market Simulation (Part 20): First steps with SQL (III),,2026-04-03T08:41Z,Tester,MetaTrader 5,[],Market Simulation (): First steps with SQL (III),20,ok,,1a3de48aa812cc51cf44c78ad992a9510cc6fe2d0a85c606a8945de38700fee1,md/12928.md,27715,6928
12941,https://www.mql5.com/en/articles/12941,Neural networks made easy (Part 49): Soft Actor-Critic,,2023-11-03T14:43Z,Trading systems,MetaTrader 5,[],Neural networks made easy (): Soft Actor-Critic,49,ok,,463d6c492fbac36e453b90881d69f413215a4dc646b9a0a0162d923c38330d59,md/12941.md,62813,15703
12950,https://www.mql5.com/en/articles/12950,Category Theory in MQL5 (Part 13): Calendar Events with Database Schemas,,2023-07-18T10:37Z,Tester,MetaTrader 5,[],Category Theory in MQL5 (): Calendar Events with Database Schemas,13,ok,,2bca9b2401cbb451d0a3284f93b93f2e317f05df004540e9b2706e2dd6bc1d9c,md/12950.md,39197,9799
12953,https://www.mql5.com/en/articles/12953,StringFormat(). Review and ready-made examples,,2023-10-17T13:06Z,Examples,MetaTrader 5,[],,,ok,,61e8c0955976d18b059d1c22623d8e1e4b7c165c0b9b521df5ca5a4f0391946a,md/12953.md,254486,63621
12970,https://www.mql5.com/en/articles/12970,Understanding functions in MQL5 with applications,,2023-07-18T12:16Z,Trading,MetaTrader 5,[],,,ok,,297ad07553685579998fa2a506db42a831f69a0297e6a6555633f7d233f1916c,md/12970.md,39551,9887
12984,https://www.mql5.com/en/articles/12984,Discrete Hartley transform,,2023-10-18T12:00Z,Trading,MetaTrader 5,[],,,ok,,a7198aac19271e5c4a98acf078df2c7cd10b37da3c7470797ff65772d13e926c,md/12984.md,22904,5726
12985,https://www.mql5.com/en/articles/12985,Market Simulation (Part 21): First Steps with SQL (IV),,2026-06-02T11:30Z,Tester,MetaTrader 5,[],Market Simulation (): First Steps with SQL (IV),21,ok,,13729589e083b2e23183e726b2f1501c2a8ab4c80e5d80ae9d3756d9d42e7515,md/12985.md,27871,6967
12986,https://www.mql5.com/en/articles/12986,Market Simulation (Part 22): Getting Started with SQL (V),,2026-06-03T11:51Z,Tester,MetaTrader 5,[],Market Simulation (): Getting Started with SQL (V),22,ok,,d83a069a58eefdb174ca99360ab57935d783c9e72c7467e024b4b990946465b0,md/12986.md,36387,9096
12987,https://www.mql5.com/en/articles/12987,Market Simulation (Part 23): Getting Started with SQL (VI),,2026-06-05T09:00Z,Tester,MetaTrader 5,[],Market Simulation (): Getting Started with SQL (VI),23,ok,,728144bb2a8839b0337dd685fe0254f8e0abfdfc959263889f2f77ce17b9bd3f,md/12987.md,42192,10548
12996,https://www.mql5.com/en/articles/12996,Benefiting from Forex market seasonality,,2024-02-20T15:11Z,Trading,MetaTrader 5,[],,,ok,,bbcf90352ff234a02b1765bc7fbe2113513620ca7282d653b6dcca4c6caf93ae,md/12996.md,30863,7715
12998,https://www.mql5.com/en/articles/12998,Neural networks made easy (Part 50): Soft Actor-Critic (model optimization),,2023-11-17T10:32Z,Trading systems,MetaTrader 5,[],Neural networks made easy (): Soft Actor-Critic (model optimization),50,ok,,542d82b0e869f8179fdf4b06437bd2c9cd2d4cdb9335e07f9b4899630f2b25c5,md/12998.md,56622,14155
13008,https://www.mql5.com/en/articles/13008,How to create a simple Multi-Currency Expert Advisor using MQL5 (Part 1): Indicator Signals based on ADX in combination with Parabolic SAR,,2023-08-30T14:08Z,Examples,MetaTrader 5,[],How to create a simple Multi-Currency Expert Advisor using MQL5 (): Indicator Signals based on ADX in combination with Parabolic SAR,1,ok,,d20d5db377b5bb61218a8abd3ef76cabb4ad43778d243e14a74a57d5cdff3f22,md/13008.md,61168,15292
13018,https://www.mql5.com/en/articles/13018,Category Theory in MQL5 (Part 14): Functors with Linear-Orders,,2023-07-26T15:43Z,Tester,MetaTrader 5,[],Category Theory in MQL5 (): Functors with Linear-Orders,14,ok,,a535e7172157353047a2fd410a117e9e66dc589452d257cea5ca10e32e6d4dc3,md/13018.md,27011,6752
13021,https://www.mql5.com/en/articles/13021,Everything you need to learn about the MQL5 program structure,,2023-08-03T12:29Z,Trading,MetaTrader 5,[],,,ok,,c03fca1bb1296aaf69f58d80cfdb24da33bb219c3cdea8e2e9aa534ad8535eb8,md/13021.md,29291,7322
13024,https://www.mql5.com/en/articles/13024,Neural networks made easy (Part 51): Behavior-Guided Actor-Critic (BAC),,2023-11-20T11:14Z,Trading systems,MetaTrader 5,[],Neural networks made easy (): Behavior-Guided Actor-Critic (BAC),51,ok,,e97448ac68d8df4026b8e6466a0cf1b629c271c0845505b0fdb3e03fc6115ecd,md/13024.md,62026,15506
13033,https://www.mql5.com/en/articles/13033,Category Theory in MQL5 (Part 15) : Functors with Graphs,,2023-08-01T13:07Z,Tester,MetaTrader 5,[],Category Theory in MQL5 () : Functors with Graphs,15,ok,,38eb45bae92e8ebc215085dedbb4122c21a8118bdea0edb8340d1e153a09c4df,md/13033.md,41064,10266
13052,https://www.mql5.com/en/articles/13052,"Trade transactions. Request and response structures, description and logging",,2023-11-24T08:54Z,Examples,MetaTrader 5,[],,,ok,,0712b60d767c78aa1c522e40ab23e74254766879348469c3700cacdc1ec3dcdd,md/13052.md,197324,49331
13055,https://www.mql5.com/en/articles/13055,Neural networks made easy (Part 52): Research with optimism and distribution correction,,2023-11-29T13:47Z,Trading systems,MetaTrader 5,[],Neural networks made easy (): Research with optimism and distribution correction,52,ok,,3a39e01d76c63f3e2278628a25344703301850b373eb16f3a5bc03ae0fd5b529,md/13055.md,63207,15801
13059,https://www.mql5.com/en/articles/13059,Market Simulation (Part 24): Getting Started with SQL (VII),,2026-06-05T09:31Z,Tester,MetaTrader 5,[],Market Simulation (): Getting Started with SQL (VII),24,ok,,242ea6cc5d6e0c928e9238707afabf03d4ac86a8596d7a79c88102da7af24366,md/13059.md,46141,11535
13062,https://www.mql5.com/en/articles/13062,Market Simulation: Getting started with SQL in MQL5 (I),,2026-06-08T12:06Z,Tester,MetaTrader 5,[],,,ok,,37f680d3e225bf18e6b58931d697506690ff203f764051e2e8d19516c31c76cb,md/13062.md,37376,9344
13098,https://www.mql5.com/en/articles/13098,Neural networks made easy (Part 53): Reward decomposition,,2023-12-01T13:50Z,Trading systems,MetaTrader 5,[],Neural networks made easy (): Reward decomposition,53,ok,,3c5071f080774ebf4dca6801926acf870ac2b1eda25c54e5468632d6f737f520,md/13098.md,65770,16442
13110,https://www.mql5.com/en/articles/13110,Market Simulation: Getting started with SQL in MQL5 (IV),,2026-06-19T08:34Z,Tester,MetaTrader 5,[],,,ok,,68a6ffd4b251515eb941ac81ebdf330a2fdaaee583564e4a03cb9ed42ad86d59,md/13110.md,38476,9619
13116,https://www.mql5.com/en/articles/13116,Category Theory in MQL5 (Part 16): Functors with Multi-Layer Perceptrons,,2023-08-14T13:50Z,Tester,MetaTrader 5,[],Category Theory in MQL5 (): Functors with Multi-Layer Perceptrons,16,ok,,8fd0ee0153f672bf6a4283f5fff44320003dd3dd09c96bf2978619a381c3ba3d,md/13116.md,29779,7444
13117,https://www.mql5.com/en/articles/13117,Market Simulation: Getting Started with SQL in MQL5 (V),,2026-06-23T14:25Z,Tester,MetaTrader 5,[],,,ok,,c32639eb85a95d9d221caff09dd24256142a3c0a44dddd4f9e4947e35d532afe,md/13117.md,50441,12610
13130,https://www.mql5.com/en/articles/13130,Testing different Moving Average types to see how insightful they are,,2023-08-22T13:23Z,Tester,MetaTrader 5,[],,,ok,,faeb9f0d8d7e08f6ce7b78dbd93ca0fdf8c348d1bb1bfa6b8d29077bc76ea269,md/13130.md,43724,10931
13133,https://www.mql5.com/en/articles/13133,Market Simulation (Part 23): Position View (I),,2026-07-09T15:11Z,Tester,MetaTrader 5,[],Market Simulation (): Position View (I),23,ok,,d0729ad39cd4776798f863655fad4f1dda84abd4cc72e6bb6083630ffc986b12,md/13133.md,33324,8331
13137,https://www.mql5.com/en/articles/13137,Market Simulation (Part 24): Position View (II),,2026-07-13T08:36Z,Tester,MetaTrader 5,[],Market Simulation (): Position View (II),24,ok,,5fb220d8d1593d0cc199f6b251e24a9d89e6bf7d653ab757dfa67873b23249fd,md/13137.md,47769,11942
13156,https://www.mql5.com/en/articles/13156,Category Theory in MQL5 (Part 17): Functors and Monoids,,2023-08-22T13:15Z,Trading systems,MetaTrader 5,[],Category Theory in MQL5 (): Functors and Monoids,17,ok,,db82fee4081b339d329cd0e3fb621698ad49b58a3680196ff09cd384bd6822b2,md/13156.md,28851,7212
13158,https://www.mql5.com/en/articles/13158,Neural networks made easy (Part 54): Using random encoder for efficient research (RE3),,2023-12-08T16:36Z,Trading systems,MetaTrader 5,[],Neural networks made easy (): Using random encoder for efficient research (RE3),54,ok,,644b4207b01a5f94b529cb245d5ab22137174daf0ca752ab59b89ba2c4b7f3b0,md/13158.md,66759,16689
13162,https://www.mql5.com/en/articles/13162,Monte Carlo Permutation Tests in MetaTrader 5,,2023-08-25T09:35Z,Examples,MetaTrader 5,[],,,ok,,1b937871954b726f32f7018b703b9a3ca010941ba69eac68a7af573dd84bcf97,md/13162.md,45753,11438
13167,https://www.mql5.com/en/articles/13167,Market Simulation: Position View (III),,2026-07-14T08:37Z,Tester,MetaTrader 5,[],,,ok,,7311fe2dc363e722c8e1f7da9b3bce2de5f765f48f9a64f02fdeb6ad5b8ae079,md/13167.md,54397,13599
13168,https://www.mql5.com/en/articles/13168,Market Simulation: Position View (IV),,2026-07-17T13:41Z,Tester,MetaTrader 5,[],,,ok,,d9d4b84bc745d308a96b808c83b0af5ce23ce855fe89b182cb5176d2811e1c31,md/13168.md,45570,11392
13169,https://www.mql5.com/en/articles/13169,GUI: Tips and Tricks for creating your own Graphic Library in MQL,,2023-10-05T14:59Z,Examples,MetaTrader 5,[],,,ok,,a52fbbace61d5de5747ca146aa6a55e9c60470d1a74212dd2abf96fa5dd22f6f,md/13169.md,57934,14483
13176,https://www.mql5.com/en/articles/13176,Market Simulation: Position View (V),,2026-07-19T15:06Z,Tester,MetaTrader 5,[],,,ok,,f6d07b6a332bd33c43192ff895bad3655b2b8019ef3fe68454345daa40cf1b0d,md/13176.md,66499,16624
13179,https://www.mql5.com/en/articles/13179,Making a dashboard to display data in indicators and EAs,,2024-01-10T15:24Z,Examples,MetaTrader 5,[],,,ok,,d0f71158b04aa0c4e51a988a45f5e93305636ca0d838ea103bd6cf320623c187,md/13179.md,190645,47661
13200,https://www.mql5.com/en/articles/13200,Category Theory in MQL5 (Part 18): Naturality Square,,2023-08-28T16:48Z,Tester,MetaTrader 5,[],Category Theory in MQL5 (): Naturality Square,18,ok,,0435e17282e00e1b358e183194b3248bb580499c6f428d7b5f26d2a962b65326,md/13200.md,29911,7477
13206,https://www.mql5.com/en/articles/13206,Market Simulation: Position View (VII),,2026-09-04T07:53Z,Tester,MetaTrader 5,[],,,ok,,59bb19ae7754b1b6b20c1735fd43cda5f56b880884436a2004e05a3aa08fe741,md/13206.md,70673,17668
13212,https://www.mql5.com/en/articles/13212,Neural networks made easy (Part 55): Contrastive intrinsic control (CIC),,2023-12-21T12:59Z,Trading systems,MetaTrader 5,[],Neural networks made easy (): Contrastive intrinsic control (CIC),55,ok,,bb15eb3d9902dc2112ae4f91b65c94799778aa5ee9f603123a5c76da8496c22a,md/13212.md,101878,25469
13218,https://www.mql5.com/en/articles/13218,Data label for time series mining (Part 4)：Interpretability Decomposition Using Label Data,,2023-12-05T12:00Z,Examples,MetaTrader 5,[],Data label for time series mining ()：Interpretability Decomposition Using Label Data,4,ok,,3597a57b090ad1bd3ee219c3b678e5c5244181eba822b569d7070fe72affa3a8,md/13218.md,42972,10743
13219,https://www.mql5.com/en/articles/13219,"Quantization in machine learning (Part 1): Theory, sample code, analysis of implementation in CatBoost",,2024-03-01T13:03Z,Machine learning,MetaTrader 5,[],"Quantization in machine learning (): Theory, sample code, analysis of implementation in CatBoost",1,ok,,f9a8af460b225eb9e07f25420e88242a09944b1a921cd1b47e7d1a15b1f33174,md/13219.md,34847,8711
13225,https://www.mql5.com/en/articles/13225,Data label for time series  mining(Part 1)：Make a dataset with trend markers through the EA operation chart,,2023-09-04T12:36Z,Expert Advisors,MetaTrader 5,[],Data label for time series  mining()：Make a dataset with trend markers through the EA operation chart,1,ok,,c23d4ae0fdc8c29c5c59c0ed5727c28abe0621667317d12a37a49f866514ac3c,md/13225.md,40063,10015
13229,https://www.mql5.com/en/articles/13229,Understanding order placement in MQL5,,2023-09-08T12:07Z,Trading,MetaTrader 5,[],,,ok,,67cd7a7ff085c896fb63d87841db326f924016c3eabc6a978c90ccbd4d7b1d37,md/13229.md,47533,11883
13242,https://www.mql5.com/en/articles/13242,Neural networks made easy (Part 56): Using nuclear norm to drive research,,2024-01-08T13:17Z,Trading systems,MetaTrader 5,[],Neural networks made easy (): Using nuclear norm to drive research,56,ok,,8a1d74b32750c50a60d9d99189de340485df9512cde52e54eb82a551a17c39f7,md/13242.md,72097,18024
13244,https://www.mql5.com/en/articles/13244,Ready-made templates for including indicators to Expert Advisors (Part 1): Oscillators,,2024-01-16T09:40Z,Examples,MetaTrader 5,[],Ready-made templates for including indicators to Expert Advisors (): Oscillators,1,ok,,41d00ef2489e9053af344f82e810285906fc17fdcdf5d6c3386d6cc80a766f21,md/13244.md,405492,101373
13253,https://www.mql5.com/en/articles/13253,Data label for timeseries mining (Part 2)：Make datasets with trend markers using Python,,2023-09-18T13:13Z,Expert Advisors,MetaTrader 5,[],Data label for timeseries mining ()：Make datasets with trend markers using Python,2,ok,,0ae792385e8774944c16f11ca3c2a9f1a5baaca06a42b3e0a8151d41d6a2c5ef,md/13253.md,39999,9999
13254,https://www.mql5.com/en/articles/13254,Data label for time series mining (Part 5)：Apply and Test in EA Using Socket,,2024-01-11T10:16Z,Expert Advisors,MetaTrader 5,[],Data label for time series mining ()：Apply and Test in EA Using Socket,5,ok,,4aa674ec754516cb5bebb8022f0da60f1a56a55a51d00a934e1a045f3c89c94d,md/13254.md,56103,14025
13255,https://www.mql5.com/en/articles/13255,Data label for time series mining (Part 3)：Example for using label data,,2023-10-13T14:11Z,Expert Advisors,MetaTrader 5,[],Data label for time series mining ()：Example for using label data,3,ok,,56cddf5c69a27689c5dfc24d5ab1fa6b2645005de0974b53bf64acd5fe81ce50,md/13255.md,52723,13180
13257,https://www.mql5.com/en/articles/13257,Market Simulation: Position View (VIII),,2026-09-04T12:39Z,Tester,MetaTrader 5,[],,,ok,,e574a8553add06ab37957e842fddabcfe678a9f0e7bd1e6b847b48fc83ef82ce,md/13257.md,40797,10199
13273,https://www.mql5.com/en/articles/13273,Category Theory in MQL5 (Part 19): Naturality Square Induction,,2023-09-08T10:37Z,Trading systems,MetaTrader 5,[],Category Theory in MQL5 (): Naturality Square Induction,19,ok,,d99d198b75c385685d4507975551f7cbdb3889f55a26f4976d9512a45eb8f338,md/13273.md,30615,7653
13277,https://www.mql5.com/en/articles/13277,Ready-made templates for including indicators to Expert Advisors (Part 2): Volume and Bill Williams indicators,,2024-01-26T14:58Z,Examples,MetaTrader 5,[],Ready-made templates for including indicators to Expert Advisors (): Volume and Bill Williams indicators,2,ok,,fbe9751bd7701ba6997030715dc9d3e431585714a06714f09520884134ff174f,md/13277.md,320132,80033
13289,https://www.mql5.com/en/articles/13289,ALGLIB numerical analysis library in MQL5,,2024-01-24T14:04Z,Examples,MetaTrader 5,[],,,ok,,85af13a1c78eec024661569919c6812717351e323b45771261f139486311d24d,md/13289.md,55519,13879
13290,https://www.mql5.com/en/articles/13290,Neural networks made easy (Part 57): Stochastic Marginal Actor-Critic (SMAC),,2024-01-18T12:20Z,Trading systems,MetaTrader 5,[],Neural networks made easy (): Stochastic Marginal Actor-Critic (SMAC),57,ok,,4d296bcc47a0fc4120a0f0b2dfc08df7f7226f88f93db785e9931ff1a214a0bc,md/13290.md,62726,15681
13324,https://www.mql5.com/en/articles/13324,DRAKON visual programming language — communication tool for MQL developers and customers,,2024-01-30T15:59Z,Examples,MetaTrader 5,[],,,ok,,b718600095a9f73f575b54e0436cf730b077cd410b9a1ed9218cec28ad653360,md/13324.md,44986,11246
13334,https://www.mql5.com/en/articles/13334,Developing an MQTT client for MetaTrader 5: a TDD approach — Part 2,,2023-09-19T09:59Z,Integration,MetaTrader 5,[],Developing an MQTT client for MetaTrader 5: a TDD approach —,2,ok,,6ac3fefa2a84ecfafb85d192f99a7068cfac0db4aa9d6d7846fa13e5ca321ef6,md/13334.md,55224,13806
13338,https://www.mql5.com/en/articles/13338,Pair trading,,2024-01-29T10:38Z,Trading,MetaTrader 5,[],,,ok,,8d9ba46785e370032618502f3723027c78f15bfb2e29e6ce5e9806cc23fb4cf2,md/13338.md,21807,5451
13347,https://www.mql5.com/en/articles/13347,Neural networks made easy (Part 58): Decision Transformer (DT),,2024-02-12T16:00Z,Trading systems,MetaTrader 5,[],Neural networks made easy (): Decision Transformer (DT),58,ok,,3dd6218653792c090e3abdb3387b7b6c716fdc72064cb12835d639ae37e146d1,md/13347.md,72796,18199
13348,https://www.mql5.com/en/articles/13348,Category Theory in MQL5 (Part 20): A detour to Self-Attention and the Transformer,,2023-09-19T14:12Z,Trading systems,MetaTrader 5,[],Category Theory in MQL5 (): A detour to Self-Attention and the Transformer,20,ok,,dfaf85636a93f26e6709fcd05a843d31310bfca132f36df52181cb8319f49505,md/13348.md,32136,8034
13366,https://www.mql5.com/en/articles/13366,Population optimization algorithms: Shuffled Frog-Leaping algorithm (SFL),,2024-01-31T13:07Z,Examples,MetaTrader 5,[],,,ok,,cfdf7b3f995eda513c4608e52ebaa347f08b959d21f2e1d8df74748cbf8cb39a,md/13366.md,49332,12333
13388,https://www.mql5.com/en/articles/13388,Developing an MQTT client for MetaTrader 5: a TDD approach — Part 3,,2023-09-29T13:25Z,Integration,MetaTrader 5,[],Developing an MQTT client for MetaTrader 5: a TDD approach —,3,ok,,b6a8d3ed50767c84cdf1671e52e77ca5e2b279db356ba22742812cdcc84bc8b1,md/13388.md,42592,10648
13390,https://www.mql5.com/en/articles/13390,Category Theory in MQL5 (Part 21): Natural Transformations with LDA,,2023-09-29T13:15Z,Trading systems,MetaTrader 5,[],Category Theory in MQL5 (): Natural Transformations with LDA,21,ok,,c3c7d3bc070770d395727e77f091bc6e88a066ed69172ca44626642adf51075d,md/13390.md,27636,6909
13394,https://www.mql5.com/en/articles/13394,Mastering ONNX: The Game-Changer for MQL5 Traders,,2023-10-17T13:24Z,Trading systems,MetaTrader 5,[],,,ok,,fdd33fd34c2b01fd973c9f266c063d2a4ada18c0fe8119dc9ca2002e0963476b,md/13394.md,54105,13526
13395,https://www.mql5.com/en/articles/13395,"Data Science and Machine Learning (Part 15): SVM, A Must-Have Tool in Every Trader's Toolbox",,2023-11-14T13:12Z,Trading systems,MetaTrader 5,[],"Data Science and Machine Learning (): SVM, A Must-Have Tool in Every Trader's Toolbox",15,ok,,95c8fe673eb1ed2315a47bd3cca0581bf28d157507612101143fbbfa3a64d029,md/13395.md,55338,13834
13396,https://www.mql5.com/en/articles/13396,How to integrate Smart Money Concepts (OB) coupled with Fibonacci indicator for Optimal Trade Entry,,2024-10-22T08:28Z,Trading systems,MetaTrader 5,[],,,ok,,618ac4a78a6f3c40c78484a4d41b233a69aba850a8573312d5bfd19327344dce,md/13396.md,31370,7842
13406,https://www.mql5.com/en/articles/13406,Ready-made templates for including indicators to Expert Advisors (Part 3): Trend indicators,,2024-02-06T14:18Z,Examples,MetaTrader 5,[],Ready-made templates for including indicators to Expert Advisors (): Trend indicators,3,ok,,cffaf101095129354a2eb0c9940c2b3e5fd92b5705ac68fae0dcf965a2d9af9e,md/13406.md,353271,88317
13416,https://www.mql5.com/en/articles/13416,Category Theory in MQL5 (Part 22): A different look at Moving Averages,,2023-10-05T14:50Z,Trading systems,MetaTrader 5,[],Category Theory in MQL5 (): A different look at Moving Averages,22,ok,,59742a4a19d0e0b9dadf9b46a8787abcd3b6a7307ec6ac24d809566fb8c509f3,md/13416.md,28253,7063
13426,https://www.mql5.com/en/articles/13426,Estimate future performance with confidence intervals,,2023-09-29T12:46Z,Tester,MetaTrader 5,[],,,ok,,814560bbf12d7bec810efe03a5a99098ab92eea1f5903c385de622445615a53f,md/13426.md,46533,11633
13432,https://www.mql5.com/en/articles/13432,Population optimization algorithms: Mind Evolutionary Computation (MEC) algorithm,,2024-02-07T13:27Z,Examples,MetaTrader 5,[],,,ok,,c5db2bbd15a27bff9047d94431a56d4b1519b6e6baba96b31261a468ebc530f9,md/13432.md,42647,10661
13451,https://www.mql5.com/en/articles/13451,Classification models in the Scikit-Learn library and their export to ONNX,,2023-10-13T13:41Z,Examples,MetaTrader 5,[],,,ok,,0e53689510c0bc6be9682d1c53dbec8b11ece68a5ac5c896c8d824f62a67af41,md/13451.md,798939,199734
13456,https://www.mql5.com/en/articles/13456,Category Theory in MQL5 (Part 23): A different look at the Double Exponential Moving Average,,2023-10-13T13:52Z,Trading systems,MetaTrader 5,[],Category Theory in MQL5 (): A different look at the Double Exponential Moving Average,23,ok,,f9a8836a42ec2ca1087f47f93147e9cb050a54fdf60c6c7ef420b5b5aaa16b07,md/13456.md,29311,7327
13466,https://www.mql5.com/en/articles/13466,Learn how to deal with date and time in MQL5,,2023-10-18T10:21Z,Trading,MetaTrader 5,[],,,ok,,66f5bc1ea688987db22cefc87851597c9d86a8b2868ff57ae958561320994bd8,md/13466.md,41177,10294
13470,https://www.mql5.com/en/articles/13470,How to create a simple Multi-Currency Expert Advisor using MQL5 (Part 2): Indicator Signals: Multi Timeframe Parabolic SAR Indicator,,2023-10-05T15:43Z,Examples,MetaTrader 5,[],How to create a simple Multi-Currency Expert Advisor using MQL5 (): Indicator Signals: Multi Timeframe Parabolic SAR Indicator,2,ok,,43ffb61d11787087a263ec0c050613c0e42c38c49063a8494b13359ef1b4fa4a,md/13470.md,52811,13202
13495,https://www.mql5.com/en/articles/13495,Integrate Your Own LLM into EA (Part 1): Hardware and Environment Deployment,,2023-10-18T10:39Z,Trading,MetaTrader 5,[],Integrate Your Own LLM into EA (): Hardware and Environment Deployment,1,ok,,13e44b995a977ce48ffaa198873ba034a17127cee0f50c206edb0fa92bb37b1c,md/13495.md,22003,5500
13496,https://www.mql5.com/en/articles/13496,Integrate Your Own LLM into EA (Part 2): Example of Environment Deployment,,2023-10-24T15:38Z,Trading,MetaTrader 5,[],Integrate Your Own LLM into EA (): Example of Environment Deployment,2,ok,,1dc4a68aa678dd67445b013ff6c2a090a3958bd2188a56ead168316f9b95bb6c,md/13496.md,29771,7442
13497,https://www.mql5.com/en/articles/13497,Integrate Your Own LLM into EA (Part 5): Develop and Test Trading Strategy with LLMs(I)-Fine-tuning,,2024-08-08T15:42Z,Trading,MetaTrader 5,[],Integrate Your Own LLM into EA (): Develop and Test Trading Strategy with LLMs(I)-Fine-tuning,5,ok,,3de7d02fefada219904170ad3253c74ffd44930658aa1f8fa914670dc8b0d8b9,md/13497.md,49025,12256
13498,https://www.mql5.com/en/articles/13498,Integrate Your Own LLM into EA (Part 4): Training Your Own LLM with GPU,,2024-06-26T10:25Z,Trading,MetaTrader 5,[],Integrate Your Own LLM into EA (): Training Your Own LLM with GPU,4,ok,,169d9a3024d6b731af61c69067d0c40d638e7ef4be39f5177828f08b0fb224c5,md/13498.md,39018,9754
13499,https://www.mql5.com/en/articles/13499,Integrate Your Own LLM into EA (Part 5): Develop and Test Trading Strategy with LLMs (II)-LoRA-Tuning,,2024-10-15T15:44Z,Trading,MetaTrader 5,[],Integrate Your Own LLM into EA (): Develop and Test Trading Strategy with LLMs (II)-LoRA-Tuning,5,ok,,997801a4ac34c5749a6b4740f67c830e45b024405efc1183756496dcab45c650,md/13499.md,52525,13131
13500,https://www.mql5.com/en/articles/13500,Integrate Your Own LLM into EA (Part 5): Develop and Test Trading Strategy with LLMs (III) – Adapter-Tuning,,2024-12-18T15:16Z,Trading,MetaTrader 5,[],Integrate Your Own LLM into EA (): Develop and Test Trading Strategy with LLMs (III) – Adapter-Tuning,5,ok,,9f27f1eb0b3651e3e671cf48209e720646834cc98b00d97a35fbfb4647c3eed4,md/13500.md,50601,12650
13506,https://www.mql5.com/en/articles/13506,Integrate Your Own LLM into EA (Part 5): Develop and Test Trading Strategy with LLMs(IV) — Test Trading Strategy,,2025-01-29T13:33Z,Trading,MetaTrader 5,[],Integrate Your Own LLM into EA (): Develop and Test Trading Strategy with LLMs(IV) — Test Trading Strategy,5,ok,,3e9b13f8552787ce5ef3b2f6c99c21b89907bab2c5fa80d5ae690688339ffdb3,md/13506.md,69810,17452
13514,https://www.mql5.com/en/articles/13514,Alternative risk return metrics in MQL5,,2023-10-13T13:44Z,Examples,MetaTrader 5,[],,,ok,,9049885961cd4e9e3ae50a4b7150d345d95666bc9c3dd6644208c8b3de25eb73,md/13514.md,30741,7685
13538,https://www.mql5.com/en/articles/13538,Regression models of the Scikit-learn Library and their export to ONNX,,2023-11-08T08:49Z,Integration,MetaTrader 5,[],,,ok,,d117bc933f874eac069476b25c85fb4291251b618bcc8100d995361493c7bd6b,md/13538.md,1114855,278713
13540,https://www.mql5.com/en/articles/13540,Population optimization algorithms: Stochastic Diffusion Search (SDS),,2024-02-16T10:26Z,Examples,MetaTrader 5,[],,,ok,,82b91615948e98d64ec3b966bee955cce4e3fecb915948a6a434684f1475c377,md/13540.md,44068,11017
13551,https://www.mql5.com/en/articles/13551,Neural networks are easy (Part 59): Dichotomy of Control (DoC),,2024-02-19T15:56Z,Trading systems,MetaTrader 5,[],Neural networks are easy (): Dichotomy of Control (DoC),59,ok,,d2ea02788edcdafd479c1f841f1ca97a8a6783e213982bbe39e6e7221bfc2070,md/13551.md,62487,15621
13578,https://www.mql5.com/en/articles/13578,"Creating multi-symbol, multi-period indicators",,2024-03-04T09:46Z,Indicators,MetaTrader 5,[],,,ok,,10dab35d8aa040bb6297a132c69f0bf1cdf84930261b8e42c0b002349b70f8d2,md/13578.md,357591,89397
13586,https://www.mql5.com/en/articles/13586,Launching MetaTrader VPS: A step-by-step guide for first-time users,,2023-10-17T14:28Z,Trading systems,MetaTrader 5,[],,,ok,,1bb7b0d3b73291530764e3dae80655e50c9ea619b80648a7721590ae08d4b46a,md/13586.md,12842,3210
13591,https://www.mql5.com/en/articles/13591,Permuting price bars in MQL5,,2023-10-25T09:25Z,Examples,MetaTrader 5,[],,,ok,,71ec0fa5d376da21f2560783c2e712f57ff08b4849a9c8aa8cab7b8fac335192,md/13591.md,46835,11708
13594,https://www.mql5.com/en/articles/13594,Master MQL5 from beginner to pro (Part I): Getting started with programming,,2024-03-20T11:43Z,Examples,MetaTrader 5,[],,,ok,,83157001418beb53e10aeef49e744234bf35ed3848c1691869e04bd86453673f,md/13594.md,32869,8217
13596,https://www.mql5.com/en/articles/13596,Neural networks made easy (Part 60): Online Decision Transformer (ODT),,2024-02-26T11:59Z,Trading systems,MetaTrader 5,[],Neural networks made easy (): Online Decision Transformer (ODT),60,ok,,218e3166b1da261f8a12a5a65f48bd382488dbd5be9ddb169617d8e61f3367e9,md/13596.md,62206,15551
13598,https://www.mql5.com/en/articles/13598,Experiments with neural networks (Part 7): Passing indicators,,2024-02-27T10:26Z,Trading systems,MetaTrader 5,[],Experiments with neural networks (): Passing indicators,7,ok,,f5641d624a0d297c54e8f1210dca5c27cf3e5125465f97a179df0f457f3c36fc,md/13598.md,61627,15406
13622,https://www.mql5.com/en/articles/13622,Design Patterns in software development and MQL5 (Part I): Creational Patterns,,2023-11-08T14:35Z,Trading,MetaTrader 5,[],,,ok,,afe4f8acf2e6406c3c365d424ab5cf3a45e4e775506f1205d910708ed8c8ec27,md/13622.md,59094,14773
13630,https://www.mql5.com/en/articles/13630,MQL5 Wizard Techniques you should know (Part 07): Dendrograms,,2023-10-31T13:34Z,Expert Advisors,MetaTrader 5,[],MQL5 Wizard Techniques you should know (): Dendrograms,7,ok,,f6a0cede810a545460cb82eaec3566e9a9bc72d5f612df144c68f009eea9f428,md/13630.md,32274,8068
13639,https://www.mql5.com/en/articles/13639,Neural networks made easy (Part 61): Optimism issue in offline reinforcement learning,,2024-03-05T12:00Z,Trading systems,MetaTrader 5,[],Neural networks made easy (): Optimism issue in offline reinforcement learning,61,ok,,7755e0d5df00764a4ab10c285a6a35c3fc29e2489d8f10d6f8523f012652863d,md/13639.md,64329,16082
13646,https://www.mql5.com/en/articles/13646,Matrix Factorization: The Basics,,2024-08-26T17:04Z,Examples,MetaTrader 5,[],,,ok,,6dc11ecb48803e658eb101ef1e2598b2e5fc70db0d94058499868f1cb4481fb8,md/13646.md,36931,9232
13647,https://www.mql5.com/en/articles/13647,Matrix Factorization: A more practical modeling,,2024-10-11T16:22Z,Examples,MetaTrader 5,[],,,ok,,df2738332efd434991d77593a0ec0cd7eedbb78e79406dd6c43da77044995f5b,md/13647.md,32957,8239
13648,https://www.mql5.com/en/articles/13648,"Quantization in machine learning (Part 2): Data preprocessing, table selection, training CatBoost models",,2024-03-14T12:09Z,Machine learning,MetaTrader 5,[],"Quantization in machine learning (): Data preprocessing, table selection, training CatBoost models",2,ok,,ffa4b0dae7a9aadb4c073c3c19692aa7a720a5d23bcbe575b4e4562fdf044f5f,md/13648.md,39167,9791
13651,https://www.mql5.com/en/articles/13651,Developing an MQTT client for Metatrader 5: a TDD approach — Part 4,,2023-11-01T15:43Z,Integration,MetaTrader 5,[],Developing an MQTT client for Metatrader 5: a TDD approach —,4,ok,,3a607005bc6b23ce022d4c7ca024497b0f1c55fe87b8d64f6d9c455a0065ff35,md/13651.md,38609,9652
13656,https://www.mql5.com/en/articles/13656,Neural Network in Practice: Secant Line,,2024-08-23T12:07Z,Machine learning,MetaTrader 5,[],,,ok,,34b5bf473df323f3dc6c6e0fbd07eed10a1fbeb4760c8bea65a8a12d3a3a6bd7,md/13656.md,36730,9182
13661,https://www.mql5.com/en/articles/13661,Developing an MQL5 Reinforcement Learning agent with RestAPI integration (Part 1): How to use RestAPIs in MQL5,,2024-04-23T14:25Z,Integration,MetaTrader 5,[],Developing an MQL5 Reinforcement Learning agent with RestAPI integration (): How to use RestAPIs in MQL5,1,ok,,a951ee3e0d40080b8e34df2ed11b10dad827836bb0bbae65db1ec6ec2ba3efc6,md/13661.md,34702,8675
13662,https://www.mql5.com/en/articles/13662,Population optimization algorithms: Charged System Search (CSS) algorithm,,2024-03-07T13:33Z,Tester,MetaTrader 5,[],,,ok,,ac1380f754faaa0356ede244974bc156c721b6caf30d84de56e0e86f4a65c43f,md/13662.md,41160,10290
13670,https://www.mql5.com/en/articles/13670,Neural Network in Practice: Least Squares,,2024-10-16T14:12Z,Machine learning,MetaTrader 5,[],,,ok,,60832f78700ef52a55ca8eb1d0d44efb70aa12f6cb33439e4afd569149c35a53,md/13670.md,43408,10852
13674,https://www.mql5.com/en/articles/13674,Neural networks made easy (Part 62): Using Decision Transformer in hierarchical models,,2024-03-12T12:28Z,Trading systems,MetaTrader 5,[],Neural networks made easy (): Using Decision Transformer in hierarchical models,62,ok,,f631ab110d8bb2938a7e92041239c8d6b049699f5ba0760b2a2beaa6da54aecb,md/13674.md,76840,19210
13696,https://www.mql5.com/en/articles/13696,Neural Network in Practice: Straight Line Function,,2024-10-25T10:41Z,Machine learning,MetaTrader 5,[],,,ok,,3c728e6dc9208c6d1e3bd776315b57181dd5d5d0cb2d088d64ca202a2a1fa838,md/13696.md,29012,7253
13705,https://www.mql5.com/en/articles/13705,How to create a simple Multi-Currency Expert Advisor using MQL5 (Part 3): Added symbols prefixes and/or suffixes and Trading Time Session,,2023-11-09T12:49Z,Trading,MetaTrader 5,[],How to create a simple Multi-Currency Expert Advisor using MQL5 (): Added symbols prefixes and/or suffixes and Trading Time Session,3,ok,,c3af55f8506c241cf9d5948c6974c71fe90e559c65bffef4d6d7c32a93479159,md/13705.md,85738,21434
13706,https://www.mql5.com/en/articles/13706,Mastering Model Interpretation: Gaining Deeper Insight From Your Machine Learning Models,,2024-01-17T10:58Z,Machine learning,MetaTrader 5,[],,,ok,,5fe8f8f5583c86989ad42a1ee6fa6e9b0d5cb283ce2b12f8671d90edf83fc1a0,md/13706.md,62024,15506
13710,https://www.mql5.com/en/articles/13710,Neural Network in Practice: Pseudoinverse (I),,2024-12-11T11:39Z,Machine learning,MetaTrader 5,[],,,ok,,29647ed87dad676ed8eeb348bbdc53283e34a52e41d2d56497c2e7d482477912,md/13710.md,32997,8249
13712,https://www.mql5.com/en/articles/13712,Neural networks made easy (Part 63): Unsupervised Pretraining for Decision Transformer (PDT),,2024-03-15T08:37Z,Trading systems,MetaTrader 5,[],Neural networks made easy (): Unsupervised Pretraining for Decision Transformer (PDT),63,ok,,9b5253dc306374bdfd867a266d55ce5352729cd65b29ff2eddef20160ae4df31,md/13712.md,71680,17920
13714,https://www.mql5.com/en/articles/13714,Developing an MQL5 RL agent with RestAPI integration (Part 2): MQL5 functions for HTTP interaction with the tic-tac-toe game REST API,,2024-04-30T14:58Z,Examples,MetaTrader 5,[],Developing an MQL5 RL agent with RestAPI integration (): MQL5 functions for HTTP interaction with the tic-tac-toe game REST API,2,ok,,fb6ab19f5f74c76eae5e0be00825b32ca6c6709e37542a9523e431273d745636,md/13714.md,37521,9380
13715,https://www.mql5.com/en/articles/13715,"The case for using Hospital-Performance Data with Perceptrons, this Q4, in weighing SPDR XLV's next Performance",,2023-11-16T13:56Z,Integration,MetaTrader 5,[],,,ok,,8cf00c28388ac7fa897374772c7585f372a5fa45ea6e8efed718b32f70bef44d,md/13715.md,38477,9619
13724,https://www.mql5.com/en/articles/13724,Design Patterns in software development and MQL5 (Part 2): Structural Patterns,,2023-11-22T12:10Z,Trading,MetaTrader 5,[],Design Patterns in software development and MQL5 (): Structural Patterns,2,ok,,7f504e217a4d79bb441cf854fd07d44b5f510e91bc60e993aca12118f67d1f0e,md/13724.md,61759,15439
13725,https://www.mql5.com/en/articles/13725,"Python, ONNX and MetaTrader 5: Creating a RandomForest model with RobustScaler and PolynomialFeatures data preprocessing",,2024-03-27T07:56Z,Tester,MetaTrader 5,[],,,ok,,92cf7580bd983d7a3b271cf31d29d76ec5aeced5cd9adfedadd8748112a913fc,md/13725.md,29044,7261
13729,https://www.mql5.com/en/articles/13729,The Disagreement Problem: Diving Deeper into The Complexity Explainability in AI,,2024-03-08T12:54Z,Machine learning,MetaTrader 5,[],,,ok,,f4293a88b774a2d78f733170b38bde8dfbffca497231fd1eb159b356c7951c48,md/13729.md,54280,13570
13730,https://www.mql5.com/en/articles/13730,Population optimization algorithms: Intelligent Water Drops (IWD) algorithm,,2024-03-20T11:26Z,Examples,MetaTrader 5,[],,,ok,,a632ab39e7ba3d695c3d6e558c738b081ab36403914309ccfe2c326856d2a6ae,md/13730.md,53217,13304
13733,https://www.mql5.com/en/articles/13733,Neural Network in Practice: Pseudoinverse (II),,2025-01-17T13:28Z,Machine learning,MetaTrader 5,[],,,ok,,15e9a8048e7dd9649ed00bee6648432ec24c3c6c1d720fbd83966e5e3161b295,md/13733.md,29721,7430
13737,https://www.mql5.com/en/articles/13737,Trader-friendly stop loss and take profit,,2024-03-15T16:04Z,Trading,MetaTrader 5,[],,,ok,,ff8f48d46c76c7baf2bd5907d416979cce5bab6d73adee93461c089b23218457,md/13737.md,20475,5118
13738,https://www.mql5.com/en/articles/13738,Introduction to MQL5 (Part 1): A Beginner's Guide into Algorithmic Trading,,2023-12-01T13:02Z,Tester,MetaTrader 5,[],Introduction to MQL5 (): A Beginner's Guide into Algorithmic Trading,1,ok,,ff8b5b4078a71c6ca9b45c00787ecb5176949081164ff25fb5585b3ffc6a3a20,md/13738.md,24706,6176
13742,https://www.mql5.com/en/articles/13742,Neural networks made easy (Part 64): ConserWeightive Behavioral Cloning (CWBC) method,,2024-03-19T14:26Z,Trading systems,MetaTrader 5,[],Neural networks made easy (): ConserWeightive Behavioral Cloning (CWBC) method,64,ok,,a7b969e9a81dd3e112810be65e4ecec6c4adfd7b09073824f108d95ac4b0709b,md/13742.md,64368,16092
13743,https://www.mql5.com/en/articles/13743,Combinatorially Symmetric Cross Validation In MQL5,,2023-11-21T15:03Z,Trading systems,MetaTrader 5,[],,,ok,,e6045340a140b49afa1d4c2dd24fbc8f90e982418c1f7cdf9414f98b6016a0e3,md/13743.md,34738,8684
13744,https://www.mql5.com/en/articles/13744,Neural Network in Practice: Sketching a Neuron,,2025-02-27T15:10Z,Machine learning,MetaTrader 5,[],,,ok,,3231ad51d72af5444bc0213ca5d5a396c3fbb1f2e14726cd3a330d44854c45ec,md/13744.md,36972,9243
13745,https://www.mql5.com/en/articles/13745,Neural Network in Practice: The First Neuron,,2025-04-04T15:24Z,Machine learning,MetaTrader 5,[],,,ok,,43d88943b098d6af249628d67fba8beea663b4583dd7228df12af42c56738eca,md/13745.md,39553,9888
13748,https://www.mql5.com/en/articles/13748,Neural Networks in Practice: Practice Makes Perfect,,2026-07-07T11:35Z,Machine learning,MetaTrader 5,[],,,ok,,3a5607dd8e4b65cb220fbccb3c02aa7c772bea137492bb2150c1990097eb4b03,md/13748.md,34616,8654
13749,https://www.mql5.com/en/articles/13749,Master MQL5 from beginner to pro (Part II): Basic data types and use of variable,,2024-05-30T15:06Z,Examples,MetaTrader 5,[],,,ok,,87d67f5e4d324dc166e040bc87db72ec89be7f527877a515ab61f954f06f03b9,md/13749.md,44118,11029
13765,https://www.mql5.com/en/articles/13765,Data Science and Machine Learning (Part 17): Money in the Trees? The Art and Science of Random Forests in Forex Trading,,2023-12-22T10:15Z,Trading,MetaTrader 5,[],Data Science and Machine Learning (): Money in the Trees? The Art and Science of Random Forests in Forex Trading,17,ok,,1454795df2991a984ff2a5b11c30036b540f546353b6b6f7a43fbb6041a92f4e,md/13765.md,34481,8620
13770,https://www.mql5.com/en/articles/13770,How to create a simple Multi-Currency Expert Advisor using MQL5 (Part 4): Triangular moving average — Indicator Signals,,2023-11-22T13:37Z,Trading,MetaTrader 5,[],How to create a simple Multi-Currency Expert Advisor using MQL5 (): Triangular moving average — Indicator Signals,4,ok,,71cf0b0cc692119938c7b3d08e351c3974464c438db5d72870189462b5cc8d1c,md/13770.md,95401,23850
13771,https://www.mql5.com/en/articles/13771,Understanding Programming Paradigms (Part 1): A Procedural Approach to Developing a Price Action Expert Advisor,,2023-12-21T09:56Z,Examples,MetaTrader 5,[],Understanding Programming Paradigms (): A Procedural Approach to Developing a Price Action Expert Advisor,1,ok,,36646b0239f09b58e1692f3254bfaae5a757e4f730c0591dc709ed3d090b1eb5,md/13771.md,48504,12126
13775,https://www.mql5.com/en/articles/13775,The case for using a Composite Data Set this Q4 in weighing SPDR XLY's next performance,,2023-11-28T13:43Z,Trading systems,MetaTrader 5,[],,,ok,,85cb760dd19f2341beefd736abedf844cbb89ae62ee7cd7380cec20454fbf360,md/13775.md,30733,7683
13779,https://www.mql5.com/en/articles/13779,Neural networks made easy (Part 65): Distance Weighted Supervised Learning (DWSL),,2024-03-26T13:27Z,Trading systems,MetaTrader 5,[],Neural networks made easy (): Distance Weighted Supervised Learning (DWSL),65,ok,,135eae9ddf45d182a53c53fafcfac414968d6e860acebe02eb7fcfba5f2182fc,md/13779.md,75273,18818
13781,https://www.mql5.com/en/articles/13781,Population optimization algorithms: Differential Evolution (DE),,2024-03-27T11:15Z,Examples,MetaTrader 5,[],,,ok,,dc8fa3df0d0eb2275b255c0fdd2c35fa3d0d9de438742c6330c044cc94ee16b2,md/13781.md,38496,9624
13796,https://www.mql5.com/en/articles/13796,Design Patterns in software development and MQL5 (Part 3): Behavioral Patterns 1,,2023-12-05T13:50Z,Trading,MetaTrader 5,[],Design Patterns in software development and MQL5 (): Behavioral Patterns 1,3,ok,,4747a0963b74c4d78f6aecd3557b8ab8358461355d47839747cc7986e6862dc1,md/13796.md,53243,13310
13805,https://www.mql5.com/en/articles/13805,"Population optimization algorithms: Nelder–Mead, or simplex search (NM) method",,2024-03-28T12:33Z,Examples,MetaTrader 5,[],,,ok,,0fc0f89de8bdc7000ba5563c2509f4641d5bdeb61795a102e711d6bc56c88375,md/13805.md,54058,13514
13813,https://www.mql5.com/en/articles/13813,Developing an MQL5 RL agent with RestAPI integration (Part 3): Creating automatic moves and test scripts in MQL5,,2024-05-20T14:36Z,Examples,MetaTrader 5,[],Developing an MQL5 RL agent with RestAPI integration (): Creating automatic moves and test scripts in MQL5,3,ok,,a1a4d75f81be3f0b3627aeaf0d98113f3aa3714c5d1c2bc0870dd2f12a7a215d,md/13813.md,42295,10573
13819,https://www.mql5.com/en/articles/13819,Neural networks made easy (Part 66): Exploration problems in offline learning,,2024-04-03T08:35Z,Trading systems,MetaTrader 5,[],Neural networks made easy (): Exploration problems in offline learning,66,ok,,d02bc72b138fd71a7e0a5a526f00d11387561ae5c84e0b36d6c31c410e12733b,md/13819.md,74956,18739
13824,https://www.mql5.com/en/articles/13824,Color buffers in multi-symbol multi-period indicators,,2024-04-22T10:07Z,Examples,MetaTrader 5,[],,,ok,,e2a9d7c32205d9042fc659538670b82b2e2b06db1d50533b9299a9b17f6b935b,md/13824.md,796873,199218
13832,https://www.mql5.com/en/articles/13832,MQL5 Wizard Techniques you should know (Part 08): Perceptrons,,2023-12-04T13:15Z,Trading systems,MetaTrader 5,[],MQL5 Wizard Techniques you should know (): Perceptrons,8,ok,,b0eeb31f025a791fb823c6b729757e36521f30effebde80bf47051cfd3a21abd,md/13832.md,34380,8595
13835,https://www.mql5.com/en/articles/13835,Quantitative analysis in MQL5: Implementing a promising algorithm,,2024-04-15T13:07Z,Trading systems,MetaTrader 5,[],,,ok,,1f4c4f185ea432a8b34e8e850ff1cbc8cfbb81acd24ea4d1a10b5b1cdc0efead,md/13835.md,32271,8067
13842,https://www.mql5.com/en/articles/13842,Building Your First Glass-box Model Using Python And MQL5,,2024-01-11T09:59Z,Trading systems,MetaTrader 5,[],,,ok,,babb53753b8b94a814d5284e6ca7a117db77ac19d1d175bf4805450432f0d241,md/13842.md,87605,21901
13845,https://www.mql5.com/en/articles/13845,Modified Grid-Hedge EA in MQL5 (Part I): Making a Simple Hedge EA,,2023-12-08T13:57Z,Trading systems,MetaTrader 5,[],,,ok,,cfb51fed4ea1afdb9aef9d3a39b5be4873b5eef0876b2a2f1878409a421786da,md/13845.md,48135,12033
13850,https://www.mql5.com/en/articles/13850,Market Reactions and Trading Strategies in Response to Dividend Announcements: Evaluating the Efficient Market Hypothesis in Stock Trading,,2023-12-04T17:24Z,Trading,MetaTrader 5,[],,,ok,,d80c7e10f063168db6b7d071ef183096db493c5a8786ee93b17a71fdec571b8e,md/13850.md,24900,6225
13851,https://www.mql5.com/en/articles/13851,Population optimization algorithms: Simulated Annealing (SA) algorithm. Part I,,2024-04-16T13:46Z,Examples,MetaTrader 5,[],,,ok,,adaa4e04f99d3a0801215ad6384af477e73d10641ca1113cbb204ea32648d1be,md/13851.md,40936,10234
13854,https://www.mql5.com/en/articles/13854,Neural networks made easy (Part 67): Using past experience to solve new tasks,,2024-04-08T14:48Z,Trading systems,MetaTrader 5,[],Neural networks made easy (): Using past experience to solve new tasks,67,ok,,720b0cfbc7bdbbdca03211006f6edbddb8d447f53d0ab2c3208c63947d3c4152,md/13854.md,55887,13971
13861,https://www.mql5.com/en/articles/13861,How to create a simple Multi-Currency Expert Advisor using MQL5 (Part 5):  Bollinger Bands On Keltner Channel — Indicators Signal,,2023-12-12T14:18Z,Trading,MetaTrader 5,[],How to create a simple Multi-Currency Expert Advisor using MQL5 ():  Bollinger Bands On Keltner Channel — Indicators Signal,5,ok,,706d3cbd345ebc1c869e3751d3ab2e6978a85fefd541639db5d39535b48f9a47,md/13861.md,115579,28894
13862,https://www.mql5.com/en/articles/13862,Data Science and Machine Learning (Part 16): A Refreshing Look at Decision Trees,,2023-12-13T13:12Z,Trading,MetaTrader 5,[],Data Science and Machine Learning (): A Refreshing Look at Decision Trees,16,ok,,3e68d9608cfe070d775dd239e54519905eab8d92d8f98f5f0f65e2e366fc0ed6,md/13862.md,64597,16149
13863,https://www.mql5.com/en/articles/13863,Developing an MQL5 RL agent with RestAPI integration (Part 4): Organizing functions in classes in MQL5,,2024-07-03T16:23Z,Examples,MetaTrader 5,[],Developing an MQL5 RL agent with RestAPI integration (): Organizing functions in classes in MQL5,4,ok,,66f4a7ce61da9cda63419d08ca7f33b292b64c46ef36a42cefcf6ba35ec4cd85,md/13863.md,62096,15524
13870,https://www.mql5.com/en/articles/13870,Population optimization algorithms: Simulated Isotropic Annealing (SIA) algorithm. Part II,,2024-04-17T13:04Z,Examples,MetaTrader 5,[],,,ok,,c790a97b36a3368a79299d0c23a690679646e45634ffec6f37c3229c70119836,md/13870.md,38228,9557
13876,https://www.mql5.com/en/articles/13876,Design Patterns in software development and MQL5 (Part 4): Behavioral Patterns 2,,2023-12-22T14:06Z,Trading,MetaTrader 5,[],Design Patterns in software development and MQL5 (): Behavioral Patterns 2,4,ok,,5345ac15e385bfac17b01e3bc52ea169119e5d2b1a7ec5a0bf10ad4279c55ec0,md/13876.md,50895,12723
13881,https://www.mql5.com/en/articles/13881,Filtering and feature extraction in the frequency domain,,2023-12-15T10:57Z,Examples,MetaTrader 5,[],,,ok,,3b91833911845088970761a6db0551cfd2bf85f87f8e308966cbdb0bc1983027,md/13881.md,38938,9734
13893,https://www.mql5.com/en/articles/13893,"Population optimization algorithms: Changing shape, shifting probability distributions and testing on Smart Cephalopod (SC)",,2024-04-18T12:10Z,Examples,MetaTrader 5,[],,,ok,,4a45a406332ee672bb10f779e625ebe9f99c3c245f39fee8451f763324b397eb,md/13893.md,40844,10211
13897,https://www.mql5.com/en/articles/13897,Creating a market making algorithm in MQL5,,2024-04-24T16:30Z,Trading,MetaTrader 5,[],,,ok,,eb441088aaab4f7658a35a76801e3e043fd9a00d4401b0025b60811a1a90da85,md/13897.md,25959,6489
13906,https://www.mql5.com/en/articles/13906,Modified Grid-Hedge EA in MQL5 (Part II): Making a Simple Grid EA,,2024-01-17T10:53Z,Tester,MetaTrader 5,[],,,ok,,5e8fa5ef809aa914367afef3bcfa1353a88c6680f3d411e48fb7b4248c42bf9e,md/13906.md,53299,13324
13911,https://www.mql5.com/en/articles/13911,Indicator of historical positions on the chart as their profit/loss diagram,,2024-04-22T13:30Z,Examples,MetaTrader 5,[],,,ok,,a2502d5d95cdc033d5805356987c8b2c4bd882c3758d36f5c928b7669457b5f6,md/13911.md,96736,24184
13912,https://www.mql5.com/en/articles/13912,Neural networks made easy (Part 68): Offline Preference-guided Policy Optimization,,2024-04-26T15:30Z,Trading systems,MetaTrader 5,[],Neural networks made easy (): Offline Preference-guided Policy Optimization,68,ok,,29f4795a6e4597a18d03a3dc93e8e55289e959756a1508096ce7f00b345289c2,md/13912.md,72474,18118
13915,https://www.mql5.com/en/articles/13915,MQL5 Wizard Techniques you should know (Part 09): Pairing K-Means Clustering with Fractal Waves,,2023-12-19T11:51Z,Trading systems,MetaTrader 5,[],MQL5 Wizard Techniques you should know (): Pairing K-Means Clustering with Fractal Waves,9,ok,,ac6fcac919ee7ca8ccdc760f472ede2c06b8e9a28613df170ae558eaafa6cb1c,md/13915.md,39487,9871
13919,https://www.mql5.com/en/articles/13919,Data label for time series mining (Part 6)：Apply and Test in EA Using ONNX,,2024-01-18T13:22Z,Examples,MetaTrader 5,[],Data label for time series mining ()：Apply and Test in EA Using ONNX,6,ok,,29dbbc7dba8d2136d7b5b5be71af2f791683e261cd0c160743073359efff379d,md/13919.md,55166,13791
13920,https://www.mql5.com/en/articles/13920,Integrate Your Own LLM into EA (Part 3): Training Your Own LLM with CPU,,2024-05-29T10:10Z,Examples,MetaTrader 5,[],Integrate Your Own LLM into EA (): Training Your Own LLM with CPU,3,ok,,0cd156a6bc513732569127d701679243a385e8d81c36eccb77b323494b3b7f59,md/13920.md,37429,9357
13923,https://www.mql5.com/en/articles/13923,"Population optimization algorithms: Evolution Strategies, (μ,λ)-ES and (μ+λ)-ES",,2024-04-23T14:19Z,Examples,MetaTrader 5,[],,,ok,,ecc0bf5ff6466d528fdbce1d1d4456252f6da1116a423a579ab042ccefa5a14f,md/13923.md,48431,12107
13941,https://www.mql5.com/en/articles/13941,Algorithmic Trading With MetaTrader 5 And R For Beginners,,2024-01-16T13:32Z,Trading,MetaTrader 5,[],,,ok,,42522d4c13398cfbd5d06126f0893988315c12bf7ceef3dffb0d7c00d1c4f426,md/13941.md,30424,7606
13951,https://www.mql5.com/en/articles/13951,Population optimization algorithms: Micro Artificial immune system (Micro-AIS),,2024-04-25T11:48Z,Examples,MetaTrader 5,[],,,ok,,ea5478e24e4cdea5ae5a3d849a22e62b351811fca2e386f44d070525d1f3ba6c,md/13951.md,42817,10704
13954,https://www.mql5.com/en/articles/13954,Neural networks made easy (Part 69): Density-based support constraint for the behavioral policy (SPOT),,2024-05-21T14:42Z,Trading systems,MetaTrader 5,[],Neural networks made easy (): Density-based support constraint for the behavioral policy (SPOT),69,ok,,6b5a27111e1c374d822f212e6866794e94d487594004a5d8ceb5f2bba7d76a7b,md/13954.md,74488,18622
13957,https://www.mql5.com/en/articles/13957,Causal inference in time series classification problems,,2024-05-27T14:29Z,Trading systems,MetaTrader 5,[],,,ok,,bd72287a29feae44ec794af4b526d82c136d05e0245eef07bf3c38f90c66ea68,md/13957.md,55872,13968
13968,https://www.mql5.com/en/articles/13968,"Data Science and Machine Learning (Part 18): The battle of Mastering Market Complexity, Truncated SVD Versus NMF",,2024-01-12T09:39Z,Trading,MetaTrader 5,[],"Data Science and Machine Learning (): The battle of Mastering Market Complexity, Truncated SVD Versus NMF",18,ok,,d3a9aac204196af8f94e3581de5316d66d5f3d75c68bf1bb18e940562c651665,md/13968.md,79325,19831
13972,https://www.mql5.com/en/articles/13972,Modified Grid-Hedge EA in MQL5 (Part III): Optimizing Simple Hedge Strategy (I),,2024-03-07T16:57Z,Trading systems,MetaTrader 5,[],,,ok,,78f942023c204cf85572b9ecf264e70d198ce300ecfda9ce495c9f4a3d18183b,md/13972.md,30067,7516
13975,https://www.mql5.com/en/articles/13975,Deep Learning Forecast and ordering with Python and MetaTrader5 python package and ONNX model file,,2024-01-18T16:43Z,Trading systems,MetaTrader 5,[],,,ok,,ebf9ebfa8bd14eb7db2924f86d939ab47a77e471864cbecb68a18e07b4a7a10f,md/13975.md,76315,19078
13982,https://www.mql5.com/en/articles/13982,Neural networks made easy (Part 70): Closed-Form Policy Improvement Operators (CFPI),,2024-05-27T14:33Z,Trading systems,MetaTrader 5,[],Neural networks made easy (): Closed-Form Policy Improvement Operators (CFPI),70,ok,,6012ecb86f11e140d70a1d7ebafb51ad83d14deb5ff84b53976acc92e4abcdda,md/13982.md,72600,18150
13988,https://www.mql5.com/en/articles/13988,MQL5 Wizard Techniques you should know (Part 10). The Unconventional RBM,,2024-01-16T11:30Z,Trading systems,MetaTrader 5,[],MQL5 Wizard Techniques you should know (). The Unconventional RBM,10,ok,,aade717c2a2569b04f72d2d41ddbeadc516567b4409ecf967e584f9ec597bfbb,md/13988.md,36837,9209
13991,https://www.mql5.com/en/articles/13991,Implementation of the Augmented Dickey Fuller test in MQL5,,2024-01-11T10:11Z,Examples,MetaTrader 5,[],,,ok,,0cda0abd2215133b9e26c766b11e23544e860a281541474ad942a76b3a805e8b,md/13991.md,74481,18620
13997,https://www.mql5.com/en/articles/13997,"Introduction to MQL5 (Part 2): Navigating Predefined Variables, Common Functions, and  Control Flow Statements",,2024-01-11T10:30Z,Examples,MetaTrader 5,[],"Introduction to MQL5 (): Navigating Predefined Variables, Common Functions, and  Control Flow Statements",2,ok,,c5eac9b2d10b395177a94ca92cef772da53d32388e4bd5352c8e1bff5c6d6d6c,md/13997.md,32620,8155
13998,https://www.mql5.com/en/articles/13998,Developing an MQTT client for Metatrader 5: a TDD approach — Part 5,,2024-01-11T10:22Z,Integration,MetaTrader 5,[],Developing an MQTT client for Metatrader 5: a TDD approach —,5,ok,,f67ac4aa081dfd6cd33e08f38d92dab1f5baa8d4631e0b9e1c1951dc77e31e23,md/13998.md,43889,10972
14006,https://www.mql5.com/en/articles/14006,Building and testing Aroon Trading Systems,,2024-01-19T09:38Z,Trading,MetaTrader 5,[],,,ok,,9923f9a118689c0202943665dd73eea55c7f1ea343274d8a1f71ba699a3a9685,md/14006.md,46951,11737
14011,https://www.mql5.com/en/articles/14011,Population optimization algorithms: Bacterial Foraging Optimization - Genetic Algorithm (BFO-GA),,2024-04-24T13:48Z,Examples,MetaTrader 5,[],,,ok,,81a982ede7cfbec6e498ebf3e0bffc8b6a2d8d8c078eb64ef282950667e41b89,md/14011.md,42892,10723
14012,https://www.mql5.com/en/articles/14012,Neural networks made easy (Part 71): Goal-Conditioned Predictive Coding (GCPC),,2024-05-29T10:43Z,Trading systems,MetaTrader 5,[],Neural networks made easy (): Goal-Conditioned Predictive Coding (GCPC),71,ok,,f310e7781687a78636b8081a3ca99167cd4ede98136c87372a327072a11f59e9,md/14012.md,84906,21226
14026,https://www.mql5.com/en/articles/14026,Developing a multi-currency Expert Advisor (Part 1): Collaboration of several trading strategies,,2024-05-23T13:48Z,Trading,MetaTrader 5,[],Developing a multi-currency Expert Advisor (): Collaboration of several trading strategies,1,ok,,c2fb1e42addd720cf077b9c60bfec9b1ca99012b6f4081ef24c656cb7e96ebfa,md/14026.md,55774,13943
14034,https://www.mql5.com/en/articles/14034,Data Science and Machine Learning (Part 19): Supercharge Your AI models with AdaBoost,,2024-01-26T11:02Z,Trading,MetaTrader 5,[],Data Science and Machine Learning (): Supercharge Your AI models with AdaBoost,19,ok,,f61c58b3fed7b83afcb61aa6be1f98775b3a6bde18cd5c32c46a8492bdd62ad3,md/14034.md,56161,14040
14035,https://www.mql5.com/en/articles/14035,Forex spread trading using seasonality,,2025-01-08T14:15Z,Indicators,MetaTrader 5,[],,,ok,,d2cabc2c3289002440b24138d3ae0dab6dc3cc3efa3e9c73af7195b2d8667040,md/14035.md,23980,5995
14040,https://www.mql5.com/en/articles/14040,Population optimization algorithms: Binary Genetic Algorithm (BGA). Part II,,2024-05-22T11:46Z,Examples,MetaTrader 5,[],,,ok,,a344fc79833d124b145f049a6a0822ffecb2bd094ffca9b83e75f0ba7d30bf27,md/14040.md,56799,14199
14044,https://www.mql5.com/en/articles/14044,Neural networks made easy (Part 72): Trajectory prediction in noisy environments,,2024-06-04T15:52Z,Trading systems,MetaTrader 5,[],Neural networks made easy (): Trajectory prediction in noisy environments,72,ok,,d389f3f8e1608f6a2991d2bdd1611b1caa722ebc1f62c466858dfa1829bac747,md/14044.md,66606,16651
14051,https://www.mql5.com/en/articles/14051,How to create a simple Multi-Currency Expert Advisor using MQL5 (Part 6): Two RSI indicators cross each other's lines,,2024-01-24T10:02Z,Examples,MetaTrader 5,[],How to create a simple Multi-Currency Expert Advisor using MQL5 (): Two RSI indicators cross each other's lines,6,ok,,f991a3178f32fb0088e29b0f160a615ad1c6b48e0fe702547e3eda883a1d9bda,md/14051.md,126257,31564
14053,https://www.mql5.com/en/articles/14053,Population optimization algorithms: Binary Genetic Algorithm (BGA). Part I,,2024-05-20T14:32Z,Examples,MetaTrader 5,[],,,ok,,d1326f8cd0ce776db15e30f5ec07327c3adcb7c054f4642c9e2af27dd7bb2352,md/14053.md,35857,8964
14095,https://www.mql5.com/en/articles/14095,Neural networks made easy (Part 73): AutoBots for predicting price movements,,2024-06-05T16:29Z,Trading systems,MetaTrader 5,[],Neural networks made easy (): AutoBots for predicting price movements,73,ok,,7b488fa9654faa824d7435f3ad32331982a008e6f35d480f952136457d60e504,md/14095.md,64809,16202
14099,https://www.mql5.com/en/articles/14099,Introduction to MQL5 (Part 3): Mastering the Core Elements of MQL5,,2024-01-26T10:11Z,Expert Advisors,MetaTrader 5,[],Introduction to MQL5 (): Mastering the Core Elements of MQL5,3,ok,,dd052f1f542ccdf67f7f48220605b2a59c98f5608d77099baab359d8ebee3a18,md/14099.md,49365,12341
14105,https://www.mql5.com/en/articles/14105,DRAW_ARROW drawing type in multi-symbol multi-period indicators,,2024-05-24T14:22Z,Examples,MetaTrader 5,[],,,ok,,b5bddc1378b50d00e1b9d68c1febded1621bfec7a4537cffc241f98d9869a219,md/14105.md,78576,19644
14107,https://www.mql5.com/en/articles/14107,Developing a multi-currency Expert Advisor (Part 2): Transition to virtual positions of trading strategies,,2024-06-03T14:58Z,Trading,MetaTrader 5,[],Developing a multi-currency Expert Advisor (): Transition to virtual positions of trading strategies,2,ok,,dac5b3b50ab1c49a2ef9ad4d89c10d043af8f96085e3137efa644eabaa0036fd,md/14107.md,58935,14733
14108,https://www.mql5.com/en/articles/14108,Using JSON Data API in your MQL projects,,2024-07-11T15:40Z,Trading systems,MetaTrader 5,[],,,ok,,efd2ef46040515fe8581e3a3c2c6f6b3da993c1a6cc4b2e37f88f556e883bc64,md/14108.md,35320,8830
14113,https://www.mql5.com/en/articles/14113,"Deep Learning GRU model with Python to ONNX  with EA, and GRU vs LSTM models",,2024-03-06T12:09Z,Tester,MetaTrader 5,[],,,ok,,0e6aa73d786fbfcea510fc7ab241c25fc7c0a31193f283bb803e5de85620a61a,md/14113.md,60923,15230
14128,https://www.mql5.com/en/articles/14128,"Data Science and Machine Learning (Part 20): Algorithmic Trading Insights, A Faceoff Between LDA and PCA in MQL5",,2024-02-22T11:10Z,Trading,MetaTrader 5,[],"Data Science and Machine Learning (): Algorithmic Trading Insights, A Faceoff Between LDA and PCA in MQL5",20,ok,,8fc9e4335d80cbc8ba77ad4e30db2a4f5779ac5825d0957717f73728ad1fd1dd,md/14128.md,53949,13487
14135,https://www.mql5.com/en/articles/14135,MQL5 Integration: Python,,2024-08-14T15:18Z,Trading systems,MetaTrader 5,[],,,ok,,755eb47c54e71aa063f9b68d7c2be16989a8cdc501ffe7e716c28e670f73fe10,md/14135.md,29362,7340
14136,https://www.mql5.com/en/articles/14136,Population optimization algorithms: Evolution of Social Groups (ESG),,2024-05-29T14:55Z,Examples,MetaTrader 5,[],,,ok,,56978a952c86a0abd87caf84aba3e3af976a722412e7be1511531998dbd182dd,md/14136.md,51329,12832
14142,https://www.mql5.com/en/articles/14142,MQL5 Wizard Techniques you should know (Part 11): Number Walls,,2024-01-31T13:29Z,Expert Advisors,MetaTrader 5,[],MQL5 Wizard Techniques you should know (): Number Walls,11,ok,,de7e9237f3117861102872af4a405bc3e57e0ac0af00d803598ca424e31707b0,md/14142.md,30524,7631
14143,https://www.mql5.com/en/articles/14143,Neural networks made easy (Part 74): Trajectory prediction with adaptation,,2024-06-13T15:09Z,Trading systems,MetaTrader 5,[],Neural networks made easy (): Trajectory prediction with adaptation,74,ok,,25e1e5dd8705301e69256d964d5f1c16032761c4d0dad117940e80e58914feba,md/14143.md,86291,21572
14148,https://www.mql5.com/en/articles/14148,Developing a multi-currency Expert Advisor (Part 3): Architecture revision,,2024-06-13T13:57Z,Trading,MetaTrader 5,[],Developing a multi-currency Expert Advisor (): Architecture revision,3,ok,,6babbe70aeb6de1d617f8cb167db7f3960ace5ac71cb604e2f179c1681b69cc7,md/14148.md,56066,14016
14161,https://www.mql5.com/en/articles/14161,Understanding Programming Paradigms (Part 2): An Object-Oriented Approach to Developing a Price Action Expert Advisor,,2024-03-07T16:51Z,Examples,MetaTrader 5,[],Understanding Programming Paradigms (): An Object-Oriented Approach to Developing a Price Action Expert Advisor,2,ok,,9422355a4db8e1aca63fd5e51d9aaf4f441cbfe9c004144e779c993db7421a18,md/14161.md,70570,17642
14162,https://www.mql5.com/en/articles/14162,Population optimization algorithms: Artificial Multi-Social Search Objects (MSO),,2024-05-30T12:57Z,Tester,MetaTrader 5,[],,,ok,,4ac6ddc5e0d0097e1e3c91015924d850441adfc2a2bc93010e435241b0794665,md/14162.md,60434,15108
14163,https://www.mql5.com/en/articles/14163,Balancing risk when trading multiple instruments simultaneously,,2024-06-11T13:12Z,Examples,MetaTrader 5,[],,,ok,,9bd55fc00b419b5387ce6e366b97c3e0b9d6ecf48aa728fdb764bffc694b04f0,md/14163.md,36778,9194
14167,https://www.mql5.com/en/articles/14167,Trailing stop in trading,,2024-05-27T16:47Z,Examples,MetaTrader 5,[],,,ok,,43ae382545aad1c06c0e48c1144d83f16630794ce88fda56e7e8280e9db2cf6f,md/14167.md,19168,4792
14169,https://www.mql5.com/en/articles/14169,Building and testing Keltner Channel trading systems,,2024-02-08T17:35Z,Trading,MetaTrader 5,[],,,ok,,38191dac80bee66a0ea77b452ba4c31d5bfcb8d17cb9842ee2a3eb0c8f61c07c,md/14169.md,49540,12385
14183,https://www.mql5.com/en/articles/14183,Using optimization algorithms to configure EA parameters on the fly,,2024-06-07T14:30Z,Tester,MetaTrader 5,[],,,ok,,363ee4b62036f66a2e3eb5d42fcd9e031c969fbc2b1fe75d4408ade7f4391574,md/14183.md,53800,13450
14186,https://www.mql5.com/en/articles/14186,Advanced Variables and Data Types in MQL5,,2024-03-14T17:11Z,Trading,MetaTrader 5,[],,,ok,,0c8ec706e9af9101ca6713d0dc1351a558be9cf9f701cf9e51e0f9b21aa57d8f,md/14186.md,32438,8109
14187,https://www.mql5.com/en/articles/14187,Neural networks made easy (Part 75): Improving the performance of trajectory prediction models,,2024-06-14T16:00Z,Trading systems,MetaTrader 5,[],Neural networks made easy (): Improving the performance of trajectory prediction models,75,ok,,56c628443bc9ee9804d33bf7e9beb3a7ed04e8f387ae78e854d855e63c1ec8dc,md/14187.md,77855,19463
14199,https://www.mql5.com/en/articles/14199,Spurious Regressions in Python,,2024-05-24T10:14Z,Statistics and analysis,MetaTrader 5,[],,,ok,,24c551f1b62f389a828cf0a6391263b9e61cd69166d5869954662aebe303526b,md/14199.md,79537,19884
14203,https://www.mql5.com/en/articles/14203,Implementing the Generalized Hurst Exponent and the Variance Ratio test in MQL5,,2024-02-08T09:48Z,Trading systems,MetaTrader 5,[],,,ok,,828fa5067b57841411bb8eebcbff162f9ecd05e75ee1629366bc81920eaccded,md/14203.md,56393,14098
14212,https://www.mql5.com/en/articles/14212,Population optimization algorithms: Resistance to getting stuck in local extrema (Part II),,2024-07-19T12:43Z,Tester,MetaTrader 5,[],,,ok,,84a6b3396dedb311a96ed8d1bf956f8160ef0856bf6508e71f15f6166f7b8ee4,md/14212.md,42279,10569
14226,https://www.mql5.com/en/articles/14226,Neural networks made easy (Part 76): Exploring diverse interaction patterns with Multi-future Transformer,,2024-06-18T13:29Z,Trading systems,MetaTrader 5,[],Neural networks made easy (): Exploring diverse interaction patterns with Multi-future Transformer,76,ok,,c1561cf640417f315501e6792577537d5719493fdf9e312c170a478f968287dc,md/14226.md,80958,20239
14232,https://www.mql5.com/en/articles/14232,"Introduction to MQL5 (Part 4): Mastering Structures, Classes, and Time Functions",,2024-02-16T10:48Z,Expert Advisors,MetaTrader 5,[],"Introduction to MQL5 (): Mastering Structures, Classes, and Time Functions",4,ok,,9ae7c30e50235a4edaf469ba73e2e4d0eddade9a2d451ecb3c66f11111e276e7,md/14232.md,45861,11465
14246,https://www.mql5.com/en/articles/14246,Developing a multi-currency Expert Advisor (Part 4): Pending virtual orders and saving status,,2024-06-27T14:33Z,Trading systems,MetaTrader 5,[],Developing a multi-currency Expert Advisor (): Pending virtual orders and saving status,4,ok,,b52e58c6f8f08900f8ac377cf993a72b6d8bde190e1d6690c338f95e1fb9e590,md/14246.md,74736,18684
14251,https://www.mql5.com/en/articles/14251,Multibot in MetaTrader (Part II): Improved dynamic template,,2024-06-20T17:07Z,Examples,MetaTrader 5,[],,,ok,,e05cee72530f6e513236efd535d9ddfff79ef7a79f6ebe3def8c103e675dbf44,md/14251.md,84587,21146
14261,https://www.mql5.com/en/articles/14261,Learn how to trade the Fair Value Gap (FVG)/Imbalances step-by-step: A Smart Money concept approach,,2024-05-21T16:42Z,Trading,MetaTrader 5,[],,,ok,,045d32275a5ac0c8f8c28a50c95d3341f811ff8d835b2f910e6e34f38e912078,md/14261.md,49119,12279
14273,https://www.mql5.com/en/articles/14273,MQL5 Wizard Techniques you should know (Part 12): Newton Polynomial,,2024-02-21T15:57Z,Tester,MetaTrader 5,[],MQL5 Wizard Techniques you should know (): Newton Polynomial,12,ok,,b9f441eb23e798afe41302bc52cc621f497e9a0c027fb688b2926f8892e3edc4,md/14273.md,32473,8118
14276,https://www.mql5.com/en/articles/14276,Neural networks made easy (Part 77): Cross-Covariance Transformer (XCiT),,2024-07-05T13:51Z,Trading systems,MetaTrader 5,[],Neural networks made easy (): Cross-Covariance Transformer (XCiT),77,ok,,a5729643755bc17d8960a644b220c62520f4d22cd1daa9126bbe4a0db2545528,md/14276.md,75243,18810
14278,https://www.mql5.com/en/articles/14278,DoEasy. Controls (Part 33): Vertical ScrollBar,,2024-06-19T12:38Z,Examples,MetaTrader 5,[],DoEasy. Controls (): Vertical ScrollBar,33,ok,,a41fb23499ca7940c8f31d34c84c9048fb6a8d2606f4c45fe43fe4ed0c15dc20,md/14278.md,76166,19041
14306,https://www.mql5.com/en/articles/14306,Introduction to MQL5 (Part 5): A Beginner's Guide to Array Functions in MQL5,,2024-03-14T15:46Z,Trading,MetaTrader 5,[],Introduction to MQL5 (): A Beginner's Guide to Array Functions in MQL5,5,ok,,b3e9d16d40253ede7a597d3134a31d3f1f9cd02c4a141204ad8306adbad1f48c,md/14306.md,68796,17199
14324,https://www.mql5.com/en/articles/14324,News Trading Made Easy (Part 1): Creating a Database,,2024-04-19T16:06Z,Examples,MetaTrader 5,[],News Trading Made Easy (): Creating a Database,1,ok,,efbe9b272d9270de3d0717bea3d954028d282f69a7a8821408c4e703b2e27302,md/14324.md,107537,26884
14326,https://www.mql5.com/en/articles/14326,Angle-based operations for traders,,2024-06-19T14:45Z,Examples,MetaTrader 5,[],,,ok,,7ac772e23d3b7ca74a29ddb67f2f643b537ff188b13cefe4844548fb464a9f54,md/14326.md,19334,4833
14329,https://www.mql5.com/en/articles/14329,How to create a simple Multi-Currency Expert Advisor using MQL5 (Part 7): ZigZag with Awesome Oscillator Indicators Signal,,2024-03-15T10:56Z,Examples,MetaTrader 5,[],How to create a simple Multi-Currency Expert Advisor using MQL5 (): ZigZag with Awesome Oscillator Indicators Signal,7,ok,,31daed368f405e5038e3d84adf531f4f2db2c3e2edffc2fa05d562077302aa7f,md/14329.md,162309,40577
14330,https://www.mql5.com/en/articles/14330,Working with ONNX models in float16 and float8 formats,,2024-02-28T13:45Z,Integration,MetaTrader 5,[],,,ok,,e75bd5dc5f8294ac4edba53a3dd2ceb77a7dd37a3c8a83f3c001259a9aa5e065,md/14330.md,104744,26186
14331,https://www.mql5.com/en/articles/14331,The base class of population algorithms as the backbone of efficient optimization,,2024-06-25T10:53Z,Tester,MetaTrader 5,[],,,ok,,4846ce75af7386291fb132661bdee619512759930cc40f8675b135e7046c603f,md/14331.md,62836,15709
14336,https://www.mql5.com/en/articles/14336,Developing a multi-currency Expert Advisor (Part 5): Variable position sizes,,2024-07-30T16:24Z,Tester,MetaTrader 5,[],Developing a multi-currency Expert Advisor (): Variable position sizes,5,ok,,86155a7d37cb13c1fa6824cb68e8edb5106def5c76dba17509795acf064dfb1d,md/14336.md,46512,11628
14338,https://www.mql5.com/en/articles/14338,Neural networks made easy (Part 78): Decoder-free Object Detector with Transformer (DFFT),,2024-07-08T16:26Z,Trading systems,MetaTrader 5,[],Neural networks made easy (): Decoder-free Object Detector with Transformer (DFFT),78,ok,,63daff7e4d56ac11e00f18cc9096370196cd445e95c53e9f3d85da2b573311e8,md/14338.md,84817,21204
14339,https://www.mql5.com/en/articles/14339,DoEasy. Service functions (Part 1): Price patterns,,2024-07-18T13:38Z,Examples,MetaTrader 5,[],DoEasy. Service functions (): Price patterns,1,ok,,6f1e9e1f04f80e177db623d3d503b080682080a5baf6a694f3d2859e0ec90c90,md/14339.md,469740,117435
14340,https://www.mql5.com/en/articles/14340,Risk manager for manual trading,,2024-08-02T16:32Z,Examples,MetaTrader 5,[],,,ok,,30b010da9cde912120db95af3540c2addd25d119c43b1bf839c3b57084274557,md/14340.md,93769,23442
14347,https://www.mql5.com/en/articles/14347,Building A Candlestick Trend Constraint Model (Part 1): For EAs And Technical Indicators,,2024-04-24T17:16Z,Trading,MetaTrader 5,[],Building A Candlestick Trend Constraint Model (): For EAs And Technical Indicators,1,ok,,d093aa0799f52fe986dc0b656061ebc87e08e2db7ed6e019f4ab9522c40fc492,md/14347.md,30764,7691
14350,https://www.mql5.com/en/articles/14350,Developing a robot in Python and MQL5 (Part 1): Data preprocessing,,2024-08-12T12:18Z,Trading systems,MetaTrader 5,[],Developing a robot in Python and MQL5 (): Data preprocessing,1,ok,,145a923dcb3bf914f318a3aacb37d2871949dfe734f025fa6e3aba6b2c0b4e7f,md/14350.md,34391,8597
14352,https://www.mql5.com/en/articles/14352,Population optimization algorithms: Resistance to getting stuck in local extrema (Part I),,2024-06-28T11:52Z,Examples,MetaTrader 5,[],,,ok,,0afc5755d39474f6a2aa8b1feec32cb3858e31e3827c43200ab238f647cf71c1,md/14352.md,34381,8595
14354,https://www.mql5.com/en/articles/14354,Master MQL5 from Beginner to Pro (Part III): Complex Data Types and Include Files,,2025-01-23T10:10Z,Examples,MetaTrader 5,[],,,ok,,cb209d767962f6fdcbb4ca9ee7bde3308fef7dd67e04ac3f83f4784e84b71094,md/14354.md,38254,9563
14360,https://www.mql5.com/en/articles/14360,Propensity score in causal inference,,2024-07-01T14:03Z,Trading systems,MetaTrader 5,[],,,ok,,eaed5b5a1d5e0b933eba1bb9c457f8e022d3e0be09369575045ad36c08c3ebb2,md/14360.md,41029,10257
14365,https://www.mql5.com/en/articles/14365,A Generic Optimization Formulation (GOF) to Implement Custom Max with Constraints,Better Trader Every Day,2024-04-24T14:47Z,Examples,MetaTrader 5,[],,,ok,,d9df47911cf5a254e262e3c5991717eb5ab971ed3d4a9ea950b216676b5a8879,md/14365.md,44800,11200
14389,https://www.mql5.com/en/articles/14389,Hybridization of population algorithms. Sequential and parallel structures,,2024-07-22T16:55Z,Examples,MetaTrader 5,[],,,ok,,a92682b182d5c7b21db11ce16e394d532be1df54a61f0045a0b95aa42eb79d3d,md/14389.md,36611,9152
14391,https://www.mql5.com/en/articles/14391,Developing an MQTT client for Metatrader 5: a TDD approach — Part 6,,2024-03-15T09:29Z,Integration,MetaTrader 5,[],Developing an MQTT client for Metatrader 5: a TDD approach —,6,ok,,36f6c738b3fe287009e5a4e0eb6cd0ee60cccf2d8b88d71d98661bb6ad19f6c5,md/14391.md,43680,10920
14394,https://www.mql5.com/en/articles/14394,Neural networks made easy (Part 79): Feature Aggregated Queries (FAQ) in the context of state,,2024-07-10T08:06Z,Trading systems,MetaTrader 5,[],Neural networks made easy (): Feature Aggregated Queries (FAQ) in the context of state,79,ok,,60c4c39d038cda35a84abf19fa804b18a49fec782827cd9b67599299977c3912,md/14394.md,78656,19664
14407,https://www.mql5.com/en/articles/14407,Introduction to MQL5 (Part 6): A Beginner's Guide to Array Functions in MQL5 (II),,2024-03-29T11:08Z,Trading,MetaTrader 5,[],Introduction to MQL5 (): A Beginner's Guide to Array Functions in MQL5 (II),6,ok,,6c6c521fd8b41521f7a1fbbed50fe9638ff10355bebeb524bf0d0d13d7ae4622,md/14407.md,49940,12485
14412,https://www.mql5.com/en/articles/14412,Non-stationary processes and spurious regression,,2024-08-20T10:16Z,Statistics and analysis,MetaTrader 5,[],,,ok,,ea2cd90dad6a6fad72568dc99d8514759291b7bf6954a294521469e2fd949e30,md/14412.md,25426,6356
14413,https://www.mql5.com/en/articles/14413,Role of random number generator quality in the efficiency of optimization algorithms,,2024-08-01T15:05Z,Tester,MetaTrader 5,[],,,ok,,91ac956fd29441200f1c6dedab34a52f5b7b36b5cebb5f462b0efc929641fece,md/14413.md,35134,8783
14414,https://www.mql5.com/en/articles/14414,Population optimization algorithms: Whale Optimization Algorithm (WOA),,2024-07-26T10:40Z,Examples,MetaTrader 5,[],,,ok,,e3255185413466e04709d4d5f03fbd9ffe98d5f3a3ab127cd1a07ea738c10b1d,md/14414.md,42516,10629
14424,https://www.mql5.com/en/articles/14424,Seasonality Filtering and time period for Deep Learning ONNX models with python for EA,,2024-03-21T11:15Z,Expert Advisors,MetaTrader 5,[],,,ok,,739b58f45e298909dfbf0b9729bb5c73bc84f548b38a921d432d91fea6f319de,md/14424.md,38036,9509
14435,https://www.mql5.com/en/articles/14435,"Data Science and Machine Learning (Part 21): Unlocking Neural Networks, Optimization algorithms demystified",,2024-03-22T09:47Z,Tester,MetaTrader 5,[],"Data Science and Machine Learning (): Unlocking Neural Networks, Optimization algorithms demystified",21,ok,,648114cd6ddaadc9cefacfc04bde2055f599f26f816f2a0bd1849e4ef07eafd1,md/14435.md,71578,17894
14441,https://www.mql5.com/en/articles/14441,Gain An Edge Over Any Market,,2024-03-29T10:55Z,Examples,MetaTrader 5,[],,,ok,,49086bd6d0d5f843e23bffa7d2e29b45029cc9751289fee31ff4096e966e5906,md/14441.md,39969,9992
14445,https://www.mql5.com/en/articles/14445,Neural networks made easy (Part 80): Graph Transformer Generative Adversarial Model (GTGAN),,2024-07-23T13:28Z,Trading systems,MetaTrader 5,[],Neural networks made easy (): Graph Transformer Generative Adversarial Model (GTGAN),80,ok,,5ff3932bda80142efa4d2ddc5c0e15c210b4bfb9a1f50bccfc7cd37eff6dcde6,md/14445.md,80921,20230
14454,https://www.mql5.com/en/articles/14454,The Group Method of Data Handling: Implementing the Multilayered Iterative Algorithm in MQL5,,2024-03-29T11:01Z,Examples,MetaTrader 5,[],,,ok,,0f4a64935bef1106ccc448784c965b69fea8bee97e49633c1cdd5b3e2de92a6a,md/14454.md,132816,33204
14478,https://www.mql5.com/en/articles/14478,Developing a multi-currency Expert Advisor (Part 6): Automating the selection of an instance group,,2024-08-09T16:55Z,Tester,MetaTrader 5,[],Developing a multi-currency Expert Advisor (): Automating the selection of an instance group,6,ok,,8aad6ef39ca043f1825ec89ecf711c056b98824357ec80c9b205b9e25fb58360,md/14478.md,45584,11396
14479,https://www.mql5.com/en/articles/14479,DoEasy. Service functions (Part 2): Inside Bar pattern,,2024-08-07T11:54Z,Examples,MetaTrader 5,[],DoEasy. Service functions (): Inside Bar pattern,2,ok,,3f2a0150698fb6f2820dc3099ff90c6384930c53669250f9ba5831b13c652289,md/14479.md,358375,89593
14481,https://www.mql5.com/en/articles/14481,Custom Indicators (Part 1): A Step-by-Step Introductory Guide to Developing Simple Custom Indicators in MQL5,,2024-05-02T13:26Z,Trading,MetaTrader 5,[],Custom Indicators (): A Step-by-Step Introductory Guide to Developing Simple Custom Indicators in MQL5,1,ok,,3aac9601cf82ccc420225250bf27bd44fdcbac2914c423674d8cc15fedcdb262,md/14481.md,82173,20543
14489,https://www.mql5.com/en/articles/14489,MQL5 Wizard Techniques you should know (Part 13): DBSCAN for Expert Signal Class,,2024-03-15T12:16Z,Trading systems,MetaTrader 5,[],MQL5 Wizard Techniques you should know (): DBSCAN for Expert Signal Class,13,ok,,d4d502221c3beb69390daecff249e3b773d156217eb09c8f953435a0c49eadb1,md/14489.md,33536,8384
14491,https://www.mql5.com/en/articles/14491,Population optimization algorithms: Bird Swarm Algorithm (BSA),,2024-08-19T11:08Z,Examples,MetaTrader 5,[],,,ok,,46d70d9b8d2b97221e3f43a354ba86f7eb79bcb5936bd96a52ed69f06889ca0c,md/14491.md,52005,13001
14494,https://www.mql5.com/en/articles/14494,Practicing the development of trading strategies,,2024-07-30T11:47Z,Trading,MetaTrader 5,[],,,ok,,c02c265f4bd174ad8f37dbb0a2cd2ba8ad136f3c82af89a38941950539897146,md/14494.md,30518,7629
14505,https://www.mql5.com/en/articles/14505,Neural Networks Made Easy (Part 81): Context-Guided Motion Analysis (CCMR),,2024-07-29T13:58Z,Trading systems,MetaTrader 5,[],Neural Networks Made Easy (): Context-Guided Motion Analysis (CCMR),81,ok,,7200bb1d7f6a04ba92c34a3d98fa058275c696e201abb5fb5e4142569eb67980,md/14505.md,75496,18874
14518,https://www.mql5.com/en/articles/14518,Modified Grid-Hedge EA in MQL5 (Part IV): Optimizing Simple Grid Strategy (I),,2024-05-27T16:34Z,Tester,MetaTrader 5,[],,,ok,,c4d880d5381a287e0259adba876c6631cbc2d20060219cc2599f41f7f8403f8f,md/14518.md,33870,8467
14548,https://www.mql5.com/en/articles/14548,Time series clustering in causal inference,,2024-08-06T16:56Z,Trading systems,MetaTrader 5,[],,,ok,,fefed2879fcfcefc33f6a8aedf5f6ef5126dc2c18d7ef2e212bcce6306b591b3,md/14548.md,41638,10409
14549,https://www.mql5.com/en/articles/14549,Developing a multi-currency Expert Advisor (Part 7): Selecting a group based on forward period,,2024-08-21T13:58Z,Tester,MetaTrader 5,[],Developing a multi-currency Expert Advisor (): Selecting a group based on forward period,7,ok,,940ecc2712baded7bb96c785fe6b8c1e9254e9dfc785d3c75c43979404ca6a7b,md/14549.md,32260,8065
14552,https://www.mql5.com/en/articles/14552,MQL5 Wizard Techniques you should know (14): Multi Objective Timeseries Forecasting with STF,,2024-03-26T09:43Z,Tester,MetaTrader 5,[],,,ok,,33fcb3c0fd5d31bd80b651bea9452b0d47865570495c52976d7a4d70c319694f,md/14552.md,34406,8601
14569,https://www.mql5.com/en/articles/14569,Neural networks made easy (Part 82): Ordinary Differential Equation models (NeuralODE),,2024-08-06T11:33Z,Trading systems,MetaTrader 5,[],Neural networks made easy (): Ordinary Differential Equation models (NeuralODE),82,ok,,cb025c32f1f9b24cfc1092ddf1fab81269d9f1fb24fa136cac6418f3a19ec829,md/14569.md,102351,25587
14574,https://www.mql5.com/en/articles/14574,Developing a multi-currency Expert Advisor (Part 8): Load testing and handling a new bar,,2024-08-29T17:35Z,Tester,MetaTrader 5,[],Developing a multi-currency Expert Advisor (): Load testing and handling a new bar,8,ok,,0416cd41b67c9b941380cab30a01694fa89dd3ce2e96ccf1e0684d8f284e927a,md/14574.md,45013,11253
14576,https://www.mql5.com/en/articles/14576,Population optimization algorithms: Boids Algorithm,,2024-08-13T10:55Z,Examples,MetaTrader 5,[],,,ok,,6addc09ee16cf6b16d65fe844765c45bd93253b6db87b7cb4ad78b62caae8758,md/14576.md,52859,13214
14615,https://www.mql5.com/en/articles/14615,"Neural Networks Made Easy (Part 83): The ""Conformer"" Spatio-Temporal Continuous Attention Transformer Algorithm",,2024-08-30T13:35Z,Trading systems,MetaTrader 5,[],"Neural Networks Made Easy (): The ""Conformer"" Spatio-Temporal Continuous Attention Transformer Algorithm",83,ok,,2a75e9583ed13e38baff004757a90cf817e3320866f674d61fb9818045b12217,md/14615.md,88497,22124
14622,https://www.mql5.com/en/articles/14622,Brain Storm Optimization algorithm (Part II): Multimodality,,2024-08-30T14:49Z,Examples,MetaTrader 5,[],,,ok,,172a954cd32d5242a5fa6c5387f81aa88e7adc64e89dd1128e3ec74e80a2781d,md/14622.md,49033,12258
14630,https://www.mql5.com/en/articles/14630,Build Self Optmising Expert Advisors in MQL5,,2024-04-04T15:49Z,Examples,MetaTrader 5,[],,,ok,,8d1f684ac45f20ea6334972d53610b16416b05c648942dd50e5fbe00ba3965bc,md/14630.md,73857,18464
14634,https://www.mql5.com/en/articles/14634,Risk manager for algorithmic trading,,2024-09-30T11:45Z,Trading,MetaTrader 5,[],,,ok,,5e3d5927a229dbbb619bbad9b0639e246f8ee2cbe7a9477bd180ca707283ddc1,md/14634.md,98275,24568
14651,https://www.mql5.com/en/articles/14651,Introduction to MQL5 (Part 7): Beginner's Guide to Building Expert Advisors and Utilizing AI-Generated Code in MQL5,,2024-05-09T14:30Z,Trading,MetaTrader 5,[],Introduction to MQL5 (): Beginner's Guide to Building Expert Advisors and Utilizing AI-Generated Code in MQL5,7,ok,,94cc4b56cf1891f8060e0d5adf85f51fc000a85364498f76a85b8248407936f8,md/14651.md,42773,10693
14672,https://www.mql5.com/en/articles/14672,Simple solutions for handling indicators conveniently,,2025-04-03T15:14Z,Examples,MetaTrader 5,[],,,ok,,5d85b003487ac9a6f18a85600f7598c2616da55b4bde33a302508b35b0d27b6b,md/14672.md,87583,21895
14673,https://www.mql5.com/en/articles/14673,Neural Networks Made Easy (Part 84): Reversible Normalization (RevIN),,2024-09-03T08:41Z,Trading systems,MetaTrader 5,[],Neural Networks Made Easy (): Reversible Normalization (RevIN),84,ok,,3b758047b84c5fbb5ac4bf85f680b3144f4338eaa12770e94ca380217becc4cb,md/14673.md,65065,16266
14677,https://www.mql5.com/en/articles/14677,Developing an MQTT client for MetaTrader 5: a TDD approach — Final,,2024-04-10T14:26Z,Integration,MetaTrader 5,[],,,ok,,355c2a51eeaeebdb722c2372a6b3ada2bb9bc7d5bb33f9f39bf87b3bd14318a0,md/14677.md,40118,10029
14680,https://www.mql5.com/en/articles/14680,Developing a multi-currency Expert Advisor (Part 9): Collecting optimization results for single trading strategy instances,,2024-09-06T14:13Z,Tester,MetaTrader 5,[],Developing a multi-currency Expert Advisor (): Collecting optimization results for single trading strategy instances,9,ok,,31c68836a2ed0c37e3bb4b80ff2f05f22cf60deb0cb6f0bec70a5522c6296a67,md/14680.md,53952,13488
14681,https://www.mql5.com/en/articles/14681,MQL5 Wizard Techniques You Should Know (Part 15): Support Vector Machines with Newton's Polynomial,,2024-04-10T13:55Z,Trading systems,MetaTrader 5,[],MQL5 Wizard Techniques You Should Know (): Support Vector Machines with Newton's Polynomial,15,ok,,6c7acc376cb0b01b185e1198dc678406b3f2bda09cc28346c0635056b716e859,md/14681.md,36186,9046
14703,https://www.mql5.com/en/articles/14703,Overcoming ONNX Integration Challenges,,2024-04-23T10:19Z,Trading systems,MetaTrader 5,[],,,ok,,4d3872214dfc0a7abd670ec7b08eb898a2474cf7bc92e61d70abd8124362e5a4,md/14703.md,49414,12353
14707,https://www.mql5.com/en/articles/14707,Brain Storm Optimization algorithm (Part I): Clustering,,2024-08-27T12:22Z,Examples,MetaTrader 5,[],,,ok,,a78e384d5bff155171b59bcc7e965d898caf70291662b1cde6df09979d243330,md/14707.md,33702,8425
14710,https://www.mql5.com/en/articles/14710,DoEasy. Service functions (Part 3): Outside Bar pattern,,2025-04-29T14:43Z,Examples,MetaTrader 5,[],DoEasy. Service functions (): Outside Bar pattern,3,ok,,a3b004335e4c9135219ca5013723e1169e2ed49d7d7c87ba46949b56c350876e,md/14710.md,251585,62896
14721,https://www.mql5.com/en/articles/14721,Neural Networks Made Easy (Part 85): Multivariate Time Series Forecasting,,2024-09-04T11:50Z,Trading systems,MetaTrader 5,[],Neural Networks Made Easy (): Multivariate Time Series Forecasting,85,ok,,07b57d159c4b0852516e934b482daf6f6e1b414c89c682574a6e14dd408dbf92,md/14721.md,57942,14485
14739,https://www.mql5.com/en/articles/14739,Developing a multi-currency Expert Advisor (Part 10): Creating objects from a string,,2024-09-13T18:38Z,Trading,MetaTrader 5,[],Developing a multi-currency Expert Advisor (): Creating objects from a string,10,ok,,7b13720384342563e381c680fa155d7ae00c88f91edd2e0342472a76b688f2d9,md/14739.md,51751,12937
14741,https://www.mql5.com/en/articles/14741,Developing a multi-currency Expert Advisor (Part 11): Automating the optimization (first steps),,2024-09-30T12:16Z,Tester,MetaTrader 5,[],Developing a multi-currency Expert Advisor (): Automating the optimization (first steps),11,ok,,dea3621b5e763788bd9eb96e9f447da9be4576bf3ad640a9a7bfbcadb903d32c,md/14741.md,50479,12619
14743,https://www.mql5.com/en/articles/14743,MQL5 Wizard Techniques you should know (Part 16): Principal Component Analysis with Eigen Vectors,,2024-04-19T17:18Z,Examples,MetaTrader 5,[],MQL5 Wizard Techniques you should know (): Principal Component Analysis with Eigen Vectors,16,ok,,9b990891297009e5efd6a16a25770fde9370a16c97eee47d7d4c8ca3ba7008a3,md/14743.md,31991,7997
14760,https://www.mql5.com/en/articles/14760,Data Science and Machine Learning (Part 22): Leveraging Autoencoders Neural Networks for Smarter Trades by Moving from Noise to Signal,,2024-05-07T17:07Z,Indicators,MetaTrader 5,[],Data Science and Machine Learning (): Leveraging Autoencoders Neural Networks for Smarter Trades by Moving from Noise to Signal,22,ok,,998d8c0c0f4b8be94816152cd959114dddbe32c0dbc4603da948d41c05b570e1,md/14760.md,45280,11320
14764,https://www.mql5.com/en/articles/14764,Developing a multi-currency Expert Advisor (Part 12): Developing prop trading level risk manager,,2024-10-10T11:56Z,Trading,MetaTrader 5,[],Developing a multi-currency Expert Advisor (): Developing prop trading level risk manager,12,ok,,66c1a957f21c8ad04719aad8f786fc7f76eed65fee1275164e6595eaefed65da,md/14764.md,52165,13041
14766,https://www.mql5.com/en/articles/14766,Neural Networks Made Easy (Part 86): U-Shaped Transformer,,2024-09-05T12:13Z,Trading systems,MetaTrader 5,[],Neural Networks Made Easy (): U-Shaped Transformer,86,ok,,26f9d0573b27ca64ef1c3e72e7c4fbdc50bc7316c3eef39dcb580b2c5c5a531d,md/14766.md,57582,14395
14775,https://www.mql5.com/en/articles/14775,How to build and optimize a volatility-based trading system (Chaikin Volatility - CHV),,2024-04-25T13:32Z,Trading,MetaTrader 5,[],,,ok,,6b58edbde2857db04f1e82ba7d1bdf04a206e952e4abf29d4b4a274f8a36d33f,md/14775.md,46311,11577
14782,https://www.mql5.com/en/articles/14782,How to add Trailing Stop using Parabolic SAR,,2024-09-10T12:55Z,Examples,MetaTrader 5,[],,,ok,,77a64788d43a5c0df77930cf57443b244b01c977df2b1c837a104fff9b7b8f4a,md/14782.md,83015,20753
14789,https://www.mql5.com/en/articles/14789,Turtle Shell Evolution Algorithm (TSEA),,2024-09-16T14:15Z,Examples,MetaTrader 5,[],,,ok,,4e3ca519a633d6ef6abeb5c515eb49e280233c5c0871388a596891401fe617c3,md/14789.md,56436,14109
14798,https://www.mql5.com/en/articles/14798,Neural Networks Made Easy (Part 87): Time Series Patching,,2024-09-10T13:02Z,Trading systems,MetaTrader 5,[],Neural Networks Made Easy (): Time Series Patching,87,ok,,b0e743d0643bc342ac497233f8da6a919d844b3b96b8442fea89f1e695c32f00,md/14798.md,59356,14839
14803,https://www.mql5.com/en/articles/14803,Building A Candlestick Trend Constraint Model(Part 2): Merging Native Indicators,,2024-05-09T16:08Z,Trading,MetaTrader 5,[],Building A Candlestick Trend Constraint Model(): Merging Native Indicators,2,ok,,7540f4be10a12b7ccfae05034ffda8c105d4e0b42ed3ec8cfef9074199eaea21,md/14803.md,38347,9586
14804,https://www.mql5.com/en/articles/14804,The Group Method of Data Handling: Implementing the Combinatorial Algorithm in MQL5,,2024-04-30T09:26Z,Examples,MetaTrader 5,[],,,ok,,25139a3470f75e481f7e558304360017cec399c16c3a31c7db6a3a71b0bb7593,md/14804.md,49666,12416
14806,https://www.mql5.com/en/articles/14806,MQL5 Wizard Techniques you should know (Part 17): Multicurrency Trading,,2024-04-30T09:30Z,Examples,MetaTrader 5,[],MQL5 Wizard Techniques you should know (): Multicurrency Trading,17,ok,,103f883258411bc40d5d3731b7ccb1fde7c95cc82866b15ecb0172412c2d2aaf,md/14806.md,33771,8442
14812,https://www.mql5.com/en/articles/14812,Neural Networks Made Easy (Part 88): Time-Series Dense Encoder (TiDE),,2024-09-20T16:04Z,Trading systems,MetaTrader 5,[],Neural Networks Made Easy (): Time-Series Dense Encoder (TiDE),88,ok,,76906f879702eb414351991dc221debdeaa83cef8005c4bd1e317e566f73fd9d,md/14812.md,59684,14921
14813,https://www.mql5.com/en/articles/14813,Two-sample Kolmogorov-Smirnov test as an indicator of time series non-stationarity,,2024-09-12T14:01Z,Statistics and analysis,MetaTrader 5,[],,,ok,,315667e8bea7472f892826a128a4c45dc48d99624edea1cca632a977cd8eb741,md/14813.md,28277,7069
14815,https://www.mql5.com/en/articles/14815,SP500 Trading Strategy in MQL5 For Beginners,,2024-07-17T11:16Z,Examples,MetaTrader 5,[],,,ok,,5be57fa4a5427ed5af04b27297931e465f944fceb7626dace51d3f57ba5357ff,md/14815.md,41199,10299
14822,https://www.mql5.com/en/articles/14822,MQL5 Trading Toolkit (Part 1): Developing A Positions Management EX5 Library,,2024-06-13T11:35Z,Examples,MetaTrader 5,[],MQL5 Trading Toolkit (): Developing A Positions Management EX5 Library,1,ok,,b7c1cbe33c612eb12b4914640cb03c5549bfdf1e27c95db6f83c5d6d96cd10a4,md/14822.md,103713,25928
14841,https://www.mql5.com/en/articles/14841,Comet Tail Algorithm (CTA),,2024-09-24T09:57Z,Examples,MetaTrader 5,[],,,ok,,45d6d26e61f16ca12ff36bfec68884b482a917dfe3a629b1599c2f9bc249ff7b,md/14841.md,46577,11644
14845,https://www.mql5.com/en/articles/14845,MQL5 Wizard Techniques you should know (Part 18): Neural Architecture Search with Eigen Vectors,,2024-05-09T11:03Z,Examples,MetaTrader 5,[],MQL5 Wizard Techniques you should know (): Neural Architecture Search with Eigen Vectors,18,ok,,582c4003c1268ed3dae919c913f133d829d53e92df4b9adbcbfb4b3ba1f388d2,md/14845.md,26264,6566
14846,https://www.mql5.com/en/articles/14846,Statistical Arbitrage with predictions,,2024-05-16T13:03Z,Trading systems,MetaTrader 5,[],,,ok,,0807c393ff1833fc0110cadb5564d140e774532e8a2ccd93a8a8934d2f15ac73,md/14846.md,59205,14801
14853,https://www.mql5.com/en/articles/14853,Building A Candlestick Trend Constraint Model(Part 3): Detecting changes in trends while using this system,,2024-05-24T12:50Z,Trading,MetaTrader 5,[],Building A Candlestick Trend Constraint Model(): Detecting changes in trends while using this system,3,ok,,526689a911b7add06dead6b99140997b6323c2020dbdb32d35229cd8b28e343f,md/14853.md,34623,8655
14855,https://www.mql5.com/en/articles/14855,Reimagining Classic Strategies: Crude Oil,,2024-06-04T12:44Z,Examples,MetaTrader 5,[],,,ok,,32e15b194834bee4bb19fd78bf5ad0b08cbda8a03ddcc0b962d15eaafd1849a5,md/14855.md,46121,11530
14858,https://www.mql5.com/en/articles/14858,Neural networks made easy (Part 89): Frequency Enhanced Decomposition Transformer (FEDformer),,2024-10-23T08:24Z,Trading systems,MetaTrader 5,[],Neural networks made easy (): Frequency Enhanced Decomposition Transformer (FEDformer),89,ok,,3bcc414d2ee5719da8dd8f5d22091e08fca049a59945fc60682d162ba5655de1,md/14858.md,57415,14353
14862,https://www.mql5.com/en/articles/14862,How to develop any type of Trailing Stop and connect it to an EA,,2024-09-25T17:12Z,Examples,MetaTrader 5,[],,,ok,,02cef266f0d8e46a850a12b3d6a59c50e7a21d6ef54333dc4a46f5f89adf654a,md/14862.md,84490,21122
14865,https://www.mql5.com/en/articles/14865,A feature selection algorithm using energy based learning in pure MQL5,,2024-05-16T10:11Z,Examples,MetaTrader 5,[],,,ok,,e7c693686025bf1c5d8d13d7fb39fd370802673563f27d8652e394e6b16347d7,md/14865.md,40656,10164
14873,https://www.mql5.com/en/articles/14873,Triangular arbitrage with predictions,,2024-05-21T14:49Z,Trading,MetaTrader 5,[],,,ok,,e4d06d6ffff8779c122a7a537f21443d953fb6dcfb35fc10b2e2a6a835ea03d9,md/14873.md,83472,20868
14878,https://www.mql5.com/en/articles/14878,Сode Lock Algorithm (CLA),,2024-10-04T15:33Z,Examples,MetaTrader 5,[],,,ok,,a0eeda828e4d632085d3f56c9ea35c92c27d03aeef8670e18bdff26358de19e8,md/14878.md,47889,11972
14892,https://www.mql5.com/en/articles/14892,Developing a multi-currency Expert Advisor (Part 13): Automating the second stage — selection into groups,,2024-11-15T08:51Z,Tester,MetaTrader 5,[],Developing a multi-currency Expert Advisor (): Automating the second stage — selection into groups,13,ok,,dd97e6ba7cc27d58fc247f29f6a6be77d95bf7071743139e0aad7bc19dd8c4b5,md/14892.md,55251,13812
14895,https://www.mql5.com/en/articles/14895,Fast trading strategy tester in Python using Numba,,2025-06-26T09:07Z,Tester,MetaTrader 5,[],,,ok,,099ab8698ae8fdd0e6ce64946391cb08a2b13952d6289fff20eda15d28b7b37d,md/14895.md,39417,9854
14899,https://www.mql5.com/en/articles/14899,Building A Candlestick Trend Constraint Model (Part 4): Customizing Display Style For Each Trend Wave,,2024-06-13T09:28Z,Trading systems,MetaTrader 5,[],Building A Candlestick Trend Constraint Model (): Customizing Display Style For Each Trend Wave,4,ok,,eab9ef28589506849adec79d200028d006b008e69d9a55b5176d8807de09a793,md/14899.md,48971,12242
14903,https://www.mql5.com/en/articles/14903,Visualizing deals on a chart (Part 1): Selecting a period for analysis,,2024-10-17T12:08Z,Trading systems,MetaTrader 5,[],Visualizing deals on a chart (): Selecting a period for analysis,1,ok,,f3aa78cd9cdfbaf275b4fc812095e296cbb22c07de0c7bb30639ef9dd3e0e6da,md/14903.md,60102,15025
14908,https://www.mql5.com/en/articles/14908,MQL5 Wizard Techniques you should know (Part 19): Bayesian Inference,,2024-05-17T16:38Z,Trading systems,MetaTrader 5,[],MQL5 Wizard Techniques you should know (): Bayesian Inference,19,ok,,817a90d6667cf45aea95974e13457a3e434f6fb23ece9e010df21b511f7012db,md/14908.md,29517,7379
14910,https://www.mql5.com/en/articles/14910,"Developing a robot in Python and MQL5 (Part 2): Model selection, creation and training, Python custom tester",,2024-10-08T12:48Z,Tester,MetaTrader 5,[],"Developing a robot in Python and MQL5 (): Model selection, creation and training, Python custom tester",2,ok,,e9e405df4f0085c5bbfe703134fae76413032282d135a16d0572f2e86aad4b1f,md/14910.md,33219,8304
14912,https://www.mql5.com/en/articles/14912,News Trading Made Easy (Part 2): Risk Management,,2024-06-04T14:54Z,Examples,MetaTrader 5,[],News Trading Made Easy (): Risk Management,2,ok,,39eeb6b9973315ef458af40bd10d53a1920bfbc7626e12154e856aabf09ff61b,md/14912.md,300503,75125
14913,https://www.mql5.com/en/articles/14913,Neural Networks Made Easy (Part 90): Frequency Interpolation of Time Series (FITS),,2024-10-29T15:58Z,Trading systems,MetaTrader 5,[],Neural Networks Made Easy (): Frequency Interpolation of Time Series (FITS),90,ok,,645f7b4e1325bb1b133da98ee11bd3d66aabd3289298a21d44709b71eb8b5cae,md/14913.md,62425,15606
14926,https://www.mql5.com/en/articles/14926,Data Science and Machine Learning (Part 23): Why LightGBM and XGBoost outperform a lot of AI models?,,2024-05-30T13:54Z,Statistics and analysis,MetaTrader 5,[],Data Science and Machine Learning (): Why LightGBM and XGBoost outperform a lot of AI models?,23,ok,,026fda93703b3a31691ebac2332404cc27efd031d2f4d985d45efd7afa113ac0,md/14926.md,58906,14726
14936,https://www.mql5.com/en/articles/14936,Gain An Edge Over Any Market (Part II): Forecasting Technical Indicators,,2024-06-11T17:07Z,Examples,MetaTrader 5,[],,,ok,,67e6d6b8cffb692b2e63bb094b5561865590d170317b40aea733687667a6896a,md/14936.md,31210,7802
14943,https://www.mql5.com/en/articles/14943,MQL5 Wizard Techniques you should know (Part 20): Symbolic Regression,,2024-05-22T12:57Z,Trading systems,MetaTrader 5,[],MQL5 Wizard Techniques you should know (): Symbolic Regression,20,ok,,3be8ded7beaf8e10e828687d3f8b14894df252d68460bdc4ac870a3816b684e5,md/14943.md,33786,8446
14944,https://www.mql5.com/en/articles/14944,Neural Networks Made Easy (Part 91): Frequency Domain Forecasting (FreDF),,2024-11-01T12:18Z,Examples,MetaTrader 5,[],Neural Networks Made Easy (): Frequency Domain Forecasting (FreDF),91,ok,,a3a5c7618d00dd8ec963c6b146d03200e51bf300e39f8aedb9ee15a6cfc3bd7a,md/14944.md,47805,11951
14961,https://www.mql5.com/en/articles/14961,Visualizing deals on a chart (Part 2): Data graphical display,,2024-11-19T12:23Z,Trading systems,MetaTrader 5,[],Visualizing deals on a chart (): Data graphical display,2,ok,,bcb62d88de605e88fc65bdbe38b74b98e941de32839f828c10254c80bf9fe0e1,md/14961.md,74955,18738
14963,https://www.mql5.com/en/articles/14963,Building A Candlestick Trend Constraint Model (Part 5): Notification System (Part I),,2024-06-20T14:05Z,Trading systems,MetaTrader 5,[],Building A Candlestick Trend Constraint Model (): Notification System (Part I),5,ok,,5aeb30fe1575e75ef71f7d10bf55398bb536bd002ca03dbc247f62f047f766ce,md/14963.md,40971,10242
14964,https://www.mql5.com/en/articles/14964,Price Driven CGI Model: Theoretical Foundation,,2024-07-12T16:22Z,Examples,MetaTrader 5,[],,,ok,,dc98fec4342e5fd350cb9189f9d2498e8c56e8e146e6f2af6cce5e459d464cda,md/14964.md,21377,5344
14968,https://www.mql5.com/en/articles/14968,Building A Candlestick Trend Constraint Model (Part 5): Notification System (Part II),,2024-06-27T10:11Z,Trading,MetaTrader 5,[],Building A Candlestick Trend Constraint Model (): Notification System (Part II),5,ok,,38c1aae41575a3b3691477f9b62f49438d9bafc43f8ac5dea0be1e3c9eb30bad,md/14968.md,51220,12805
14969,https://www.mql5.com/en/articles/14969,Building A Candlestick Trend Constraint Model (Part 5): Notification System (Part III),,2024-07-04T15:15Z,Trading systems,MetaTrader 5,[],Building A Candlestick Trend Constraint Model (): Notification System (Part III),5,ok,,44cb2de6f5524338e9e50108074d4ae9294573616db4fe6fd367881a8ded2434,md/14969.md,46850,11712
14975,https://www.mql5.com/en/articles/14975,Bill Williams Strategy with and without other indicators and predictions,,2024-05-29T08:59Z,Examples,MetaTrader 5,[],,,ok,,c3c7ec603d9c38ab14bf5aa17d22a990278aa427fb4a4c7497380d8c5106c7f9,md/14975.md,26713,6678
14993,https://www.mql5.com/en/articles/14993,MQL5 Wizard Techniques you should know (Part 21): Testing with Economic Calendar Data,,2024-05-30T16:46Z,Trading systems,MetaTrader 5,[],MQL5 Wizard Techniques you should know (): Testing with Economic Calendar Data,21,ok,,6ea226454fbb2d250450bb928f80cd98f207c06c1bb056b42d4a802ec25584d0,md/14993.md,36619,9154
14996,https://www.mql5.com/en/articles/14996,Neural Networks Made Easy (Part 92): Adaptive Forecasting in Frequency and Time Domains,,2024-11-08T16:19Z,Trading systems,MetaTrader 5,[],Neural Networks Made Easy (): Adaptive Forecasting in Frequency and Time Domains,92,ok,,236caba6ef9f00cd91fefe67a4ae575a41deefa688548f5a15b1af98c7eea3f4,md/14996.md,65079,16269
15004,https://www.mql5.com/en/articles/15004,Artificial Cooperative Search (ACS) algorithm,,2024-10-29T16:09Z,Examples,MetaTrader 5,[],,,ok,,e01e2c100849764da21de25a3aa1eae03c551e184d91c696e3da93c652e16cd9,md/15004.md,51231,12807
15013,https://www.mql5.com/en/articles/15013,Data Science and Machine Learning (Part 24): Forex Time series Forecasting Using Regular AI Models,,2024-06-20T10:42Z,Trading,MetaTrader 5,[],Data Science and Machine Learning (): Forex Time series Forecasting Using Regular AI Models,24,ok,,54dff01adbf32d7557c4e7a27a4623696fc4271624ab3c892661355b369b876e,md/15013.md,43211,10802
15014,https://www.mql5.com/en/articles/15014,Most notable Artificial Cooperative Search algorithm modifications (ACSm),,2024-10-31T12:56Z,Examples,MetaTrader 5,[],,,ok,,d00409928d7e85b2255fd8cea8c7cad1ac534c788504f65094f5ba868fc95437,md/15014.md,55631,13907
15017,https://www.mql5.com/en/articles/15017,A Step-by-Step Guide on Trading the Break of Structure (BoS) Strategy,,2024-06-13T09:52Z,Trading,MetaTrader 5,[],,,ok,,b3cba281b2d47174a8f78f43e423f0ff7105a2c863c20823dd06dfc637f34978,md/15017.md,54893,13723
15024,https://www.mql5.com/en/articles/15024,Neural Networks Made Easy (Part 93): Adaptive Forecasting in Frequency and Time Domains (Final Part),,2024-11-20T16:17Z,Trading systems,MetaTrader 5,[],Neural Networks Made Easy (): Adaptive Forecasting in Frequency and Time Domains (Final Part),93,ok,,4dc81f639be94b110e1dd2c9a2850d56648dae083ec1d670029c247b31b40f76,md/15024.md,68336,17084
15026,https://www.mql5.com/en/articles/15026,How to view deals directly on the chart without weltering in trading history,,2024-11-06T15:43Z,Examples,MetaTrader 5,[],,,ok,,d4d748a3a89a5feeb1413cda351c69ad97657e8ef7b683f6e8150e0af734ccf1,md/15026.md,176052,44013
15029,https://www.mql5.com/en/articles/15029,MQL5 Wizard Techniques you should know (Part 22): Conditional GANs,,2024-06-07T10:28Z,Trading systems,MetaTrader 5,[],MQL5 Wizard Techniques you should know (): Conditional GANs,22,ok,,be4d6bb4714f370753ccfd585f4fbd8f139314555e6b27d9b5a6baf0fa8572ac,md/15029.md,30746,7686
15030,https://www.mql5.com/en/articles/15030,How to Integrate Smart Money Concepts (BOS) Coupled with the RSI Indicator into an EA,,2024-07-10T14:19Z,Examples,MetaTrader 5,[],,,ok,,e31c028ddfc21749e625c83846978868cf6bea3091115798c7827a48c0109ee3,md/15030.md,28628,7157
15033,https://www.mql5.com/en/articles/15033,Integrating Hidden Markov Models in MetaTrader 5,,2024-06-12T11:35Z,Integration,MetaTrader 5,[],,,ok,,a1f775130afaa464bd88a82ec1869f306342cc8f8d756b0b889d31843b5223a4,md/15033.md,74747,18686
15040,https://www.mql5.com/en/articles/15040,Build Self Optimizing Expert Advisors With MQL5 And Python,,2024-07-25T16:26Z,Examples,MetaTrader 5,[],,,ok,,23a4f1c505ca2aa3d9091d97880bd08476e109c866346d383f84dd06160a9271,md/15040.md,44110,11027
15041,https://www.mql5.com/en/articles/15041,Chemical reaction optimization (CRO) algorithm (Part I): Process chemistry in optimization,,2024-11-20T10:45Z,Tester,MetaTrader 5,[],,,ok,,8b526233ebaeaee470acfd48db51bbd64c9a5244c926f8bcb01f5e92d8add0ab,md/15041.md,47502,11875
15042,https://www.mql5.com/en/articles/15042,Elements of correlation analysis in MQL5: Pearson chi-square test of independence and correlation ratio,,2024-11-01T15:25Z,Indicators,MetaTrader 5,[],,,ok,,ffb28ef87787d0db369e8a33301bf9152048cfdebb610806c78628c5a5ccdf5a,md/15042.md,22474,5618
15049,https://www.mql5.com/en/articles/15049,Across Neighbourhood Search (ANS),,2024-12-17T12:19Z,Examples,MetaTrader 5,[],,,ok,,d85e9656d10486f2fe1e2e650655abf6f3107ab7f8546f8bf6f02a9ba4b984a5,md/15049.md,50223,12555
15063,https://www.mql5.com/en/articles/15063,Creating Time Series Predictions using LSTM Neural Networks: Normalizing Price and Tokenizing Time,,2024-06-28T12:57Z,Examples,MetaTrader 5,[],,,ok,,f798c464d4544681d99250ff4506916f05257252fc02d60b045d999ab8a95a2a,md/15063.md,96836,24209
15067,https://www.mql5.com/en/articles/15067,Developing Zone Recovery Martingale strategy in MQL5,,2024-06-28T15:53Z,Trading,MetaTrader 5,[],,,ok,,59fb757cda2799185519564e0b6bfe0078f2d30c12dfa82e8001fd4c57ad4f5f,md/15067.md,55510,13877
15074,https://www.mql5.com/en/articles/15074,Neural Networks Made Easy (Part 94): Optimizing the Input Sequence,,2024-11-27T15:48Z,Trading systems,MetaTrader 5,[],Neural Networks Made Easy (): Optimizing the Input Sequence,94,ok,,bb310901241678513c2cabeba0c70583eefebf5ed0bdb4a24484b2d0c7e10bb7,md/15074.md,58204,14551
15080,https://www.mql5.com/en/articles/15080,Chemical reaction optimization (CRO) algorithm (Part II): Assembling and results,,2024-12-05T12:44Z,Examples,MetaTrader 5,[],,,ok,,e93af8df8b5fd523e8c7d7d213f83bae173ce3ae5882ba5149b9d55ea374651b,md/15080.md,41608,10402
15085,https://www.mql5.com/en/articles/15085,Developing a multi-currency Expert Advisor (Part 14): Adaptive volume change in risk manager,,2025-01-09T13:38Z,Trading,MetaTrader 5,[],Developing a multi-currency Expert Advisor (): Adaptive volume change in risk manager,14,ok,,a483cd478e6b2c3c67b5bce743ba7533111764536100d2647c1b0b3d87047caf,md/15085.md,46146,11536
15101,https://www.mql5.com/en/articles/15101,MQL5 Wizard Techniques you should know (Part 23): CNNs,,2024-06-20T09:41Z,Tester,MetaTrader 5,[],MQL5 Wizard Techniques you should know (): CNNs,23,ok,,ffa441e5dca8155fc3e80a84cce145f4f76fa696babc0f4aa9d419717ff08ac2,md/15101.md,42953,10738
15107,https://www.mql5.com/en/articles/15107,Mastering Market Dynamics: Creating a Support and Resistance Strategy Expert Advisor (EA),,2024-06-28T13:10Z,Trading,MetaTrader 5,[],,,ok,,7e5e45259da9435b9e7d4621be8138081803790e513f6852544e1bb6af4cfd0c,md/15107.md,75395,18848
15114,https://www.mql5.com/en/articles/15114,Data Science and Machine Learning (Part 25): Forex Timeseries Forecasting Using a Recurrent Neural Network (RNN),,2024-07-04T09:32Z,Expert Advisors,MetaTrader 5,[],Data Science and Machine Learning (): Forex Timeseries Forecasting Using a Recurrent Neural Network (RNN),25,ok,,e230d4b61f5439e19f9c649c3fcbd0786177403185cb18c7224380b3e8b796af,md/15114.md,48940,12235
15116,https://www.mql5.com/en/articles/15116,Automated Parameter Optimization for Trading Strategies Using Python and MQL5,,2024-06-28T16:53Z,Examples,MetaTrader 5,[],,,ok,,1cef997e147357370fc8f481fc7a6dc8d84149ded276da3cb07d93545f0bd2b6,md/15116.md,23954,5988
15117,https://www.mql5.com/en/articles/15117,Neural Networks Made Easy (Part 95): Reducing Memory Consumption in Transformer Models,,2024-12-10T15:59Z,Trading systems,MetaTrader 5,[],Neural Networks Made Easy (): Reducing Memory Consumption in Transformer Models,95,ok,,ee9bbef4892aaf0f201787c5100fb853d1b0dd2a7e5b06e0f6703a0d7579c7d7,md/15117.md,70486,17621
15127,https://www.mql5.com/en/articles/15127,Developing a trading robot in Python (Part 3): Implementing a model-based trading algorithm,,2024-12-11T10:29Z,Trading systems,MetaTrader 5,[],Developing a trading robot in Python (): Implementing a model-based trading algorithm,3,ok,,fbe4248abd11c606e1b8f83807cbcba30361abbb7c63fdc886d8e9100068700c,md/15127.md,36989,9247
15135,https://www.mql5.com/en/articles/15135,MQL5 Wizard Techniques you should know (Part 24): Moving Averages,,2024-06-26T10:05Z,Trading systems,MetaTrader 5,[],MQL5 Wizard Techniques you should know (): Moving Averages,24,ok,,5b8a75e4932c06ebfd8baa345757a620de865d3f610b7f9fe5859e2866d25a3f,md/15135.md,33291,8322
15143,https://www.mql5.com/en/articles/15143,Building A Candlestick Trend Constraint Model (Part 6): All in one integration,,2024-07-19T14:48Z,Trading systems,MetaTrader 5,[],Building A Candlestick Trend Constraint Model (): All in one integration,6,ok,,c5f0b94ae6df3429e2b00b07d5f0c1f92656eb7778930da1a4bdc879072b1871,md/15143.md,74880,18720
15154,https://www.mql5.com/en/articles/15154,Building A Candlestick Trend Constraint Model (Part 7): Refining our model for EA development,,2024-07-26T16:13Z,Trading,MetaTrader 5,[],Building A Candlestick Trend Constraint Model (): Refining our model for EA development,7,ok,,28981edd75ff02b1386006926e65935daeefd4aff93cbbec6182a976400c398c,md/15154.md,38808,9702
15155,https://www.mql5.com/en/articles/15155,Integrating MQL5 with data processing packages (Part 1): Advanced Data analysis and Statistical Processing,,2024-08-05T10:24Z,Trading systems,MetaTrader 5,[],Integrating MQL5 with data processing packages (): Advanced Data analysis and Statistical Processing,1,ok,,ecae81aa5c0bb83593c020de306d1a247189e36f33b28ebdb8020dd681b4fb5c,md/15155.md,27319,6829
15156,https://www.mql5.com/en/articles/15156,Neural Networks Made Easy (Part 96): Multi-Scale Feature Extraction (MSFformer),,2024-12-20T14:40Z,Trading systems,MetaTrader 5,[],Neural Networks Made Easy (): Multi-Scale Feature Extraction (MSFformer),96,ok,,d5cfa7ac9071f8f8560ec41c6a03a3181396a34666506648410827ef5aeecda3,md/15156.md,72177,18044
15160,https://www.mql5.com/en/articles/15160,Reimagining Classic Strategies in Python: MA Crossovers,,2024-07-05T16:03Z,Trading systems,MetaTrader 5,[],,,ok,,ad637ca3ad390e6eb6d2463810cb5764329bf2c16b486d726c520e01909fe5fc,md/15160.md,49696,12424
15162,https://www.mql5.com/en/articles/15162,Artificial Electric Field Algorithm (AEFA),,2025-01-10T16:50Z,Examples,MetaTrader 5,[],,,ok,,2570deeeb9ad7383d0c3d0168fc8d34b6da5b685883443df0e64940ef8bc64a7,md/15162.md,53457,13364
15171,https://www.mql5.com/en/articles/15171,Neural Networks Made Easy (Part 97): Training Models With MSFformer,,2025-01-13T13:34Z,Trading systems,MetaTrader 5,[],Neural Networks Made Easy (): Training Models With MSFformer,97,ok,,630cf3b58e60920438b9f359a44336bc2cea0f22907cb02298cb704f25fb71ce,md/15171.md,58181,14545
15182,https://www.mql5.com/en/articles/15182,Data Science and ML (Part 26): The Ultimate Battle in Time Series Forecasting — LSTM vs GRU Neural Networks,,2024-07-18T14:49Z,Expert Advisors,MetaTrader 5,[],Data Science and ML (): The Ultimate Battle in Time Series Forecasting — LSTM vs GRU Neural Networks,26,ok,,7a626cce3d5726dbdf409c1f07479d8425645c8a61c4d28cd1b92c95bd5c5601,md/15182.md,39803,9950
15185,https://www.mql5.com/en/articles/15185,MQL5 Wizard Techniques you should know (Part 25): Multi-Timeframe Testing and Trading,,2024-07-04T09:43Z,Trading systems,MetaTrader 5,[],MQL5 Wizard Techniques you should know (): Multi-Timeframe Testing and Trading,25,ok,,48b372c3f7c195e2adb6b39dd839b7e82d78443cb8b0b6f9922261a85a2cefad,md/15185.md,30309,7577
15198,https://www.mql5.com/en/articles/15198,Using PatchTST Machine Learning Algorithm for Predicting Next 24 Hours of Price Action,,2024-07-11T11:29Z,Trading,MetaTrader 5,[],,,ok,,587239b85acf83a71ca0315632773e5078fc2bc2199011fc2ff399a7f9cbd2d1,md/15198.md,51286,12821
15199,https://www.mql5.com/en/articles/15199,Creating a Daily Drawdown Limiter EA in MQL5,,2024-07-10T13:05Z,Trading,MetaTrader 5,[],,,ok,,e31f67a7022195a5d412e9a89b58eaaeaf19fbfc647f0728818905c052fd1c13,md/15199.md,43742,10935
15205,https://www.mql5.com/en/articles/15205,Creating an Interactive Graphical User Interface in MQL5 (Part 1): Making the Panel,,2024-07-05T17:26Z,Trading,MetaTrader 5,[],Creating an Interactive Graphical User Interface in MQL5 (): Making the Panel,1,ok,,7c4630c65332e36e3ef28728edd89978a4a7796b42243ce379b4ab0dff805ad9,md/15205.md,74875,18718
15217,https://www.mql5.com/en/articles/15217,Neural Networks in Trading: Piecewise Linear Representation of Time Series,,2025-01-15T11:13Z,Trading systems,MetaTrader 5,[],,,ok,,317200449253af3bc6493bf200d26eca18fe870ced4637b75bcb5aa752b4007e,md/15217.md,52334,13083
15222,https://www.mql5.com/en/articles/15222,MQL5 Wizard Techniques you should know (Part 26): Moving Averages and the Hurst Exponent,,2024-07-05T17:05Z,Trading systems,MetaTrader 5,[],MQL5 Wizard Techniques you should know (): Moving Averages and the Hurst Exponent,26,ok,,41a639998c2fc8c75241a3ed94e953689a37c487cf26348c701f54633b0d8cd9,md/15222.md,34334,8583
15223,https://www.mql5.com/en/articles/15223,Econometric tools for forecasting volatility: GARCH model,,2025-01-06T13:48Z,Indicators,MetaTrader 5,[],,,ok,,2a4664bb5b5ea48529b22288f978193465d52933bf80eca865dc7127303972de,md/15223.md,32855,8213
15224,https://www.mql5.com/en/articles/15224,MQL5 Trading Toolkit (Part 2): Expanding and Implementing the Positions Management EX5 Library,,2024-07-24T10:34Z,Examples,MetaTrader 5,[],MQL5 Trading Toolkit (): Expanding and Implementing the Positions Management EX5 Library,2,ok,,1c4c94a7fd3483e0953331a7663e3717c9e27c4a091edf3b4ec503d141f8c4d1,md/15224.md,157193,39298
15225,https://www.mql5.com/en/articles/15225,Sentiment Analysis and Deep Learning for Trading with EA and Backtesting with Python,,2024-07-05T16:34Z,Examples,MetaTrader 5,[],,,ok,,a806b2c00ca4d749ebaf3002c3ca289c36886fb375a80038afdce0cd03d8ff5e,md/15225.md,31589,7897
15229,https://www.mql5.com/en/articles/15229,Eigenvectors and eigenvalues: Exploratory data analysis in MetaTrader 5,,2024-07-11T10:43Z,Examples,MetaTrader 5,[],,,ok,,e49fdc1aa17dcc711411bbc7d055abeab5edfba32965da2925586bcffc103c92,md/15229.md,85565,21391
15241,https://www.mql5.com/en/articles/15241,MQL5 Wizard Techniques you should know (Part 27): Moving Averages and the Angle of Attack,,2024-07-11T13:35Z,Trading systems,MetaTrader 5,[],MQL5 Wizard Techniques you should know (): Moving Averages and the Angle of Attack,27,ok,,c0a60f665f2dc066e4450f3bf06cebc9dca7fbbb5da5db0cbb69068111e5002c,md/15241.md,27872,6968
15250,https://www.mql5.com/en/articles/15250,Cascade Order Trading Strategy Based on EMA Crossovers for MetaTrader 5,,2024-07-12T20:33Z,Trading,MetaTrader 5,[],,,ok,,68cecc874d473e0471ce687feba500d3794d3fc936cb3d08a69bbf038342a7fa,md/15250.md,42529,10632
15255,https://www.mql5.com/en/articles/15255,Neural Networks in Trading: Dual-Attention-Based Trend Prediction Model,,2025-01-17T06:29Z,Trading systems,MetaTrader 5,[],,,ok,,a5b0165579668c8ebfe2fed45ac6ca77769d57d9a24926922ca5a12c07905d64,md/15255.md,60828,15207
15259,https://www.mql5.com/en/articles/15259,Data Science and ML (Part 27): Convolutional Neural Networks (CNNs) in MetaTrader 5 Trading Bots — Are They Worth It?,,2024-07-19T15:43Z,Expert Advisors,MetaTrader 5,[],Data Science and ML (): Convolutional Neural Networks (CNNs) in MetaTrader 5 Trading Bots — Are They Worth It?,27,ok,,e933e37414c3b505da4fc0998b5d49faa6e944b6a2a0b890d1cf33b91038c5c2,md/15259.md,42750,10687
15263,https://www.mql5.com/en/articles/15263,Creating an Interactive Graphical User Interface in MQL5 (Part 2): Adding Controls and Responsiveness,,2024-07-12T13:40Z,Trading,MetaTrader 5,[],Creating an Interactive Graphical User Interface in MQL5 (): Adding Controls and Responsiveness,2,ok,,a9de7efb5e667e66ad9acaaf380677181f89a33c895cb46aa41eced6e21515d6,md/15263.md,96041,24010
15283,https://www.mql5.com/en/articles/15283,"Adaptive Social Behavior Optimization (ASBO): Schwefel, Box-Muller Method",,2025-01-14T11:50Z,Examples,MetaTrader 5,[],,,ok,,620cf614e82933919c50089bb9129ad3beb4e3415b72757dcedeaa84cf853413,md/15283.md,43788,10947
15288,https://www.mql5.com/en/articles/15288,Portfolio Optimization in Python and MQL5,,2024-07-15T12:44Z,Statistics and analysis,MetaTrader 5,[],,,ok,,ffaa974eb321fda04b58023bc4713f6b67c532bbda5b1301a9008bd139f49564,md/15288.md,55133,13783
15290,https://www.mql5.com/en/articles/15290,Neural Networks in Trading: Spatio-Temporal Neural Network (STNN),,2025-01-20T10:43Z,Trading systems,MetaTrader 5,[],,,ok,,3712a0bd90543a14199a3519e327a8691a4c0662727cead66a36aab2739c0c6d,md/15290.md,62289,15572
15293,https://www.mql5.com/en/articles/15293,Combine Fundamental And Technical Analysis Strategies in MQL5 For Beginners,,2024-07-22T14:05Z,Examples,MetaTrader 5,[],,,ok,,65b629c821dd794dfccc7d728434009427083b6a1e89505e88c5bc4ef270a34f,md/15293.md,29219,7304
15294,https://www.mql5.com/en/articles/15294,Developing a multi-currency Expert Advisor (Part 15): Preparing EA for real trading,,2025-01-16T13:07Z,Tester,MetaTrader 5,[],Developing a multi-currency Expert Advisor (): Preparing EA for real trading,15,ok,,b9b194bb45b42aa7b097be1c94c6f5e10b323be6f4677fa54c918006e8d43d93,md/15294.md,54000,13500
15299,https://www.mql5.com/en/articles/15299,Introduction to MQL5 (Part 8): Beginner's Guide to Building Expert Advisors (II),,2024-07-18T09:25Z,Trading,MetaTrader 5,[],Introduction to MQL5 (): Beginner's Guide to Building Expert Advisors (II),8,ok,,9910a7551785119cdab202272cb19585490b1a2098853e0a98438b4618476005,md/15299.md,55684,13921
15301,https://www.mql5.com/en/articles/15301,From Basic to Intermediate: Variables (I),,2025-01-24T09:44Z,Examples,MetaTrader 5,[],,,ok,,4267f6d80f54fc6c7650782d94506d4f557e1c7a7b39b032dd01f478fcd74dda,md/15301.md,30947,7736
15302,https://www.mql5.com/en/articles/15302,From Basic to Intermediate: Variables (II),,2025-02-03T13:39Z,Examples,MetaTrader 5,[],,,ok,,f0f5a87a99d2191b3879e21e516d3c34192b07916a4da92e51ef3cc06098a1cd,md/15302.md,32195,8048
15304,https://www.mql5.com/en/articles/15304,From Basic to Intermediate: Variables (III),,2025-02-13T15:22Z,Examples,MetaTrader 5,[],,,ok,,5bbb35b4f88c2fec85500ea0342ff2ef571a803b1450f3dcb11e6f044c5fd52e,md/15304.md,33109,8277
15305,https://www.mql5.com/en/articles/15305,From Basic to Intermediate: Operators,,2025-02-25T15:24Z,Examples,MetaTrader 5,[],,,ok,,28f32d4241c28ff5533e2fadd9154b36e9658c6dfbe4f2a1168720ef1851666f,md/15305.md,28358,7089
15311,https://www.mql5.com/en/articles/15311,Developing an Expert Advisor (EA) based on the Consolidation Range Breakout strategy in MQL5,,2024-07-17T11:12Z,Trading,MetaTrader 5,[],,,ok,,250cae5c3735af0d0f3ae2ceeecb0e5a171cd9117dc4542b63306e2aed280061,md/15311.md,61469,15367
15319,https://www.mql5.com/en/articles/15319,Price-Driven CGI Model: Advanced Data Post-Processing and Implementation,,2024-08-06T09:54Z,Tester,MetaTrader 5,[],,,ok,,53d2ef1c539e57a6c9d319b0e15ba96bdb271ab172023619f29d4cd55e25f105,md/15319.md,33679,8419
15320,https://www.mql5.com/en/articles/15320,From Novice to Expert: The Essential Journey Through MQL5 Trading,,2024-07-30T14:56Z,Tester,MetaTrader 5,[],,,ok,,a6d668f4a7854d8762ebf9f746c06063cd77fa81e041134b25b36432e966b518,md/15320.md,31696,7924
15321,https://www.mql5.com/en/articles/15321,Building a Candlestick Trend Constraint Model (Part 8): Expert Advisor Development (I),,2024-08-14T10:07Z,Tester,MetaTrader 5,[],Building a Candlestick Trend Constraint Model (): Expert Advisor Development (I),8,ok,,725f09cd4958f8d665073cfb3d7c4a5dd793fad20f2f2085baa76bfa124cdc63,md/15321.md,46471,11617
15322,https://www.mql5.com/en/articles/15322,Building A Candlestick Trend Constraint Model (Part 8): Expert Advisor Development (II),,2024-08-30T13:34Z,Tester,MetaTrader 5,[],Building A Candlestick Trend Constraint Model (): Expert Advisor Development (II),8,ok,,ecb61181e09a9d65a4c5b7a528e10e5e88b93ee5a2a7240db8298188446c6ad2,md/15322.md,44283,11070
15325,https://www.mql5.com/en/articles/15325,From Novice to Expert: Collaborative Debugging in MQL5,,2024-10-03T14:16Z,Examples,MetaTrader 5,[],,,ok,,da8a290fd6f274d255826830857ff7d11b54409fcee47b89216672cf22467293,md/15325.md,42343,10585
15329,https://www.mql5.com/en/articles/15329,Adaptive Social Behavior Optimization (ASBO): Two-phase evolution,,2025-01-20T13:18Z,Examples,MetaTrader 5,[],,,ok,,b17f1682e1fc9a971403803e24bf52e5b5220aa126d0bae745c7d27782b8849b,md/15329.md,53962,13490
15330,https://www.mql5.com/en/articles/15330,Developing a multi-currency Expert Advisor (Part 16): Impact of different quote histories on test results,,2025-01-30T13:01Z,Tester,MetaTrader 5,[],Developing a multi-currency Expert Advisor (): Impact of different quote histories on test results,16,ok,,733aac4fde5fabc9ee815566b9e77c344af6c5cf86db07191b5f3dc37a3391e0,md/15330.md,60941,15235
15332,https://www.mql5.com/en/articles/15332,"Chaos theory in trading (Part 1): Introduction, application in financial markets and Lyapunov exponent",,2025-01-16T15:58Z,Tester,MetaTrader 5,[],"Chaos theory in trading (): Introduction, application in financial markets and Lyapunov exponent",1,ok,,c2fa5d8d7eb9cbcc03eb0122d308f62ac35c05587a5edd7881b9ffbb49167c31,md/15332.md,22400,5600
15336,https://www.mql5.com/en/articles/15336,Reimagining Classic Strategies (Part II): Bollinger Bands Breakouts,,2024-07-22T17:13Z,Examples,MetaTrader 5,[],,,ok,,316543bddda830f797cfa0c0cad89815a26fab0e5622310ff1d03f513a36f621,md/15336.md,47836,11959
15345,https://www.mql5.com/en/articles/15345,From Basic to Intermediate: Passing by Value or by Reference,,2025-03-12T09:59Z,Examples,MetaTrader 5,[],,,ok,,0d9bab659d3a45a1259da068e687f2105f92c5fbddc6a72b9af9dda85ef6e19d,md/15345.md,37612,9403
15346,https://www.mql5.com/en/articles/15346,Monitoring trading with push notifications — example of a MetaTrader 5 service,,2025-01-23T10:56Z,Examples,MetaTrader 5,[],,,ok,,37762df912dfcc162525d4ac218e5aec2c66446f93880e49ef78dc5d247b43d8,md/15346.md,286477,71619
15347,https://www.mql5.com/en/articles/15347,Artificial Bee Hive Algorithm (ABHA): Theory and methods,,2025-02-05T11:31Z,Examples,MetaTrader 5,[],,,ok,,293f2f8fe6b2be463b2dd993ec327f7816913453ba53dbbf9bb58a8007527150,md/15347.md,46314,11578
15349,https://www.mql5.com/en/articles/15349,MQL5 Wizard Techniques you should know (Part 28): GANs Revisited with a Primer on Learning Rates,,2024-07-19T15:37Z,Trading systems,MetaTrader 5,[],MQL5 Wizard Techniques you should know (): GANs Revisited with a Primer on Learning Rates,28,ok,,897b926062075fde26923dbb46a778736cd78c82f31beac21740bf332791cdb4,md/15349.md,28282,7070
15352,https://www.mql5.com/en/articles/15352,Neural Networks in Trading: Reducing Memory Consumption with Adam-mini Optimization,,2025-02-05T10:19Z,Trading systems,MetaTrader 5,[],,,ok,,76b7aa5512ef6561ad70e625ecbf7176915aac5e87a9902fb14243f0150aa9da,md/15352.md,51925,12981
15356,https://www.mql5.com/en/articles/15356,"Creating a Dynamic Multi-Symbol, Multi-Period Relative Strength Indicator (RSI) Indicator Dashboard in MQL5",,2024-07-30T14:48Z,Trading systems,MetaTrader 5,[],,,ok,,0ee7f60922c50fe8b992dbc074fe808f758cc579eba8b575c74f53ddb614d305,md/15356.md,90974,22743
15357,https://www.mql5.com/en/articles/15357,"Master MQL5 from beginner to pro (Part IV): About Arrays, Functions and Global Terminal Variables",,2025-02-18T14:53Z,Examples,MetaTrader 5,[],,,ok,,ff595a39346c0dcdf517ab4cb5775c77ae11412223953ef2273606f77298abef,md/15357.md,71845,17961
15359,https://www.mql5.com/en/articles/15359,News Trading Made Easy (Part 3): Performing Trades,,2024-08-12T11:46Z,Trading,MetaTrader 5,[],News Trading Made Easy (): Performing Trades,3,ok,,ea00e20ba917a01f295887782014422450685ef686e8342adbbb834f1ced6841,md/15359.md,281927,70481
15360,https://www.mql5.com/en/articles/15360,Developing a multi-currency Expert Advisor (Part 17): Further preparation for real trading,,2025-03-12T15:50Z,Tester,MetaTrader 5,[],Developing a multi-currency Expert Advisor (): Further preparation for real trading,17,ok,,4827567492b443bdb4a38b929fd16c97f3db5621ffa07de7420e92ebb3d23087,md/15360.md,58349,14587
15365,https://www.mql5.com/en/articles/15365,From Basic to Intermediate: IF ELSE,,2025-03-24T09:22Z,Examples,MetaTrader 5,[],,,ok,,bd699868aeb9ffc4ecef87fe82f71e629f9e36964b0f6cc12d23ff2f2497d43e,md/15365.md,36711,9177
15375,https://www.mql5.com/en/articles/15375,From Basic to Intermediate: WHILE and DO WHILE Statements,,2025-03-27T12:31Z,Examples,MetaTrader 5,[],,,ok,,ff45e3ec0dcba1890896a47907a1c2b5c38932509fd30ea4a0a5d31591e34c8a,md/15375.md,32914,8228
15376,https://www.mql5.com/en/articles/15376,From Basic to Intermediate: BREAK and CONTINUE Statements,,2025-04-07T10:05Z,Examples,MetaTrader 5,[],,,ok,,19de12bb6b507d4a07983745fb2a3cb10cf86a2960b181a9a33054d9ac0a5a57,md/15376.md,37482,9370
15378,https://www.mql5.com/en/articles/15378,Formulating Dynamic Multi-Pair EA (Part 1): Currency Correlation and Inverse Correlation,,2024-09-06T15:58Z,Examples,MetaTrader 5,[],Formulating Dynamic Multi-Pair EA (): Currency Correlation and Inverse Correlation,1,ok,,cd50fabf1b4a9b50e3528485843392009da5b6c61026357832cef681deadf346,md/15378.md,24498,6124
15383,https://www.mql5.com/en/articles/15383,From Basic to Intermediate: The Include Directive,,2025-04-10T14:25Z,Examples,MetaTrader 5,[],,,ok,,74bc5a15d10de5826c230f4ae503c4a006938dd179b682c0d63a1e03e366796e,md/15383.md,36720,9180
15388,https://www.mql5.com/en/articles/15388,Reimagining Classic Strategies (Part III): Forecasting Higher Highs And Lower Lows,,2024-07-31T11:37Z,Examples,MetaTrader 5,[],,,ok,,2a39c85c7305cfe6bf9165d3278d2c9258c99dfa1aed2e3ce5613decd613e1dd,md/15388.md,47216,11804
15391,https://www.mql5.com/en/articles/15391,From Basic to Intermediate: SWITCH Statement,,2025-04-16T14:27Z,Examples,MetaTrader 5,[],,,ok,,0361112c0fc13f533a8b0d7701e40a39f4d869a6e69be7fe3f7b3528b1f9f438,md/15391.md,33110,8277
15392,https://www.mql5.com/en/articles/15392,Neural Networks in Trading: Lightweight Models for Time Series Forecasting,,2025-02-11T15:02Z,Trading systems,MetaTrader 5,[],,,ok,,cbc62f4d81ef0c440c57a3a13708a5ca6751d12c90ce30ecf9df6a268cce7250,md/15392.md,40963,10240
15393,https://www.mql5.com/en/articles/15393,Causal analysis of time series using transfer entropy,,2024-07-26T19:26Z,Examples,MetaTrader 5,[],,,ok,,e5f35ae1c23d162b77c052be51827cf9734fd06dd7a82978f8a0c7dc75be09fa,md/15393.md,62669,15667
15394,https://www.mql5.com/en/articles/15394,Implementing a Bollinger Bands Trading Strategy with MQL5: A Step-by-Step Guide,,2024-08-07T11:38Z,Trading,MetaTrader 5,[],,,ok,,a285364ed8f2faa59ad6390a668026443d31eff3c0a3f2b7b4ade5623b8c3c13,md/15394.md,40967,10241
15405,https://www.mql5.com/en/articles/15405,MQL5 Wizard Techniques you should know (Part 29): Continuation on Learning Rates with MLPs,,2024-07-26T16:54Z,Trading systems,MetaTrader 5,[],MQL5 Wizard Techniques you should know (): Continuation on Learning Rates with MLPs,29,ok,,c17a11f975933c68f28a99f8c4fad76f26747c9d1e030e94e454c4a704342892,md/15405.md,45257,11314
15406,https://www.mql5.com/en/articles/15406,From Basic to Intermediate: FOR Statement,,2025-04-25T15:03Z,Examples,MetaTrader 5,[],,,ok,,1f3b21e8f692930a57e050b0ce26d42184d6da00df60e747ea6ce4ffcc192660,md/15406.md,32123,8030
15407,https://www.mql5.com/en/articles/15407,Twitter Sentiment Analysis with Sockets,,2024-07-26T17:00Z,Integration,MetaTrader 5,[],,,ok,,68c0130126a01bd0d2ff3a994f54670736b86607a60cb65cdb9f9db177d6bb6a,md/15407.md,34139,8534
15413,https://www.mql5.com/en/articles/15413,Build Self Optimizing Expert Advisors With MQL5 And Python (Part II): Tuning Deep Neural Networks,,2024-08-02T16:47Z,Examples,MetaTrader 5,[],,,ok,,983ed465e8a6ae6c8959c2fc5560c4adc5856a0f3a2c5ae466c0d8335641d7ef,md/15413.md,39700,9925
15417,https://www.mql5.com/en/articles/15417,Creating a Trading Administrator Panel in MQL5 (Part I): Building a Messaging Interface,,2024-08-21T14:40Z,Examples,MetaTrader 5,[],,,ok,,07b716019ae4f02de090eca6256771a595ed546268207ad20e61b10542f69d15,md/15417.md,45419,11354
15418,https://www.mql5.com/en/articles/15418,Creating a Trading Administrator Panel in MQL5 (Part II): Enhancing Responsiveness and Quick Messaging,,2024-09-09T17:04Z,Examples,MetaTrader 5,[],,,ok,,988f5bd99e76c15f31216d4b93f85f71043f804d7374dc60edfd1df56898323d,md/15418.md,36767,9191
15419,https://www.mql5.com/en/articles/15419,Creating a Trading Administrator Panel in MQL5 (Part III): Enhancing the GUI with Visual Styling (I),,2024-09-13T19:28Z,Examples,MetaTrader 5,[],,,ok,,aa07df731eebe7b9b3a4140fc32110ce8ba67b5e1d2ee20c27e31e32e022ec3f,md/15419.md,42691,10672
15431,https://www.mql5.com/en/articles/15431,Implementing the Deus EA: Automated Trading with RSI and Moving Averages in MQL5,,2024-08-08T15:03Z,Trading,MetaTrader 5,[],,,ok,,2f084e4c5c4e6594a7c2fbba04a90dcfa6a6bc20c5339af546eb1ded6d038b1b,md/15431.md,53908,13477
15440,https://www.mql5.com/en/articles/15440,From Basic to Intermediate: Operator Precedence,,2025-05-05T13:46Z,Examples,MetaTrader 5,[],,,ok,,e87eb1fa4b913b46b52a833a9d74b0cfefd0d6cbbbaa57aae070e54f2af6a010,md/15440.md,31423,7855
15441,https://www.mql5.com/en/articles/15441,From Basic to Intermediate: Arrays and Strings (I),,2025-05-06T14:02Z,Examples,MetaTrader 5,[],,,ok,,1c564f108de45042764a8c2c9d8c55b01ee33cdbe142fcfce90bda818dd6de82,md/15441.md,33064,8266
15442,https://www.mql5.com/en/articles/15442,From Basic to Intermediate: Arrays and Strings (II),,2025-05-12T10:26Z,Examples,MetaTrader 5,[],,,ok,,36dd10575d28f6a6d3406aca7f413aaf114872c829e84bd9a5b054ceb24bf299,md/15442.md,33963,8490
15445,https://www.mql5.com/en/articles/15445,Chaos theory in trading (Part 2): Diving deeper,,2025-02-03T12:26Z,Trading systems,MetaTrader 5,[],Chaos theory in trading (): Diving deeper,2,ok,,908a63e68e8506bfb4c011a62d9398ff88044638d82d7ac4f6f489200c2e682c,md/15445.md,60703,15175
15451,https://www.mql5.com/en/articles/15451,Neural Networks in Trading: Using Language Models for Time Series Forecasting,,2025-02-12T11:01Z,Trading systems,MetaTrader 5,[],,,ok,,55a797b1a180e9b786dcf559e9e9680bde71ec0cd1c96c1fdf24044cf3451b11,md/15451.md,57443,14360
15457,https://www.mql5.com/en/articles/15457,Creating an MQL5-Telegram Integrated Expert Advisor (Part 1): Sending Messages from MQL5 to Telegram,,2024-08-08T14:17Z,Trading systems,MetaTrader 5,[],Creating an MQL5-Telegram Integrated Expert Advisor (): Sending Messages from MQL5 to Telegram,1,ok,,0fb49d65364a9a077805db40354f499575f94bbf71ad4e869161521e1397c6c7,md/15457.md,54840,13710
15461,https://www.mql5.com/en/articles/15461,From Basic to Intermediate: Arrays and Strings (III),,2025-05-14T14:29Z,Examples,MetaTrader 5,[],,,ok,,dad95c4a760db10dd6080594f977cd64dcdfeb140650bb6b79a26092becabee6,md/15461.md,40566,10141
15462,https://www.mql5.com/en/articles/15462,From Basic to Intermediate: Array (I),,2025-05-23T06:13Z,Examples,MetaTrader 5,[],,,ok,,369119ed73a8765cb3ebba3822ee377596ee85a7c4730c87fd5b20ade4af9f03,md/15462.md,39479,9869
15465,https://www.mql5.com/en/articles/15465,"Data Science and ML (Part 28): Predicting Multiple Futures for EURUSD, Using AI",,2024-08-01T17:40Z,Trading,MetaTrader 5,[],"Data Science and ML (): Predicting Multiple Futures for EURUSD, Using AI",28,ok,,2ed9629975a497f137e045fa27b8de1ef9037ff09b38a574b85ad52a2be27b0c,md/15465.md,44831,11207
15466,https://www.mql5.com/en/articles/15466,MQL5 Wizard Techniques you should know (Part 30): Spotlight on Batch-Normalization in Machine Learning,,2024-08-06T10:04Z,Trading systems,MetaTrader 5,[],MQL5 Wizard Techniques you should know (): Spotlight on Batch-Normalization in Machine Learning,30,ok,,97259ba60cf02b1d656610b22d3fa1032ce0dfe58bd106ae8d6caa1b4294d42d,md/15466.md,32109,8027
15469,https://www.mql5.com/en/articles/15469,Neural Networks in Trading: Practical Results of the TEMPO Method,,2025-02-20T10:02Z,Trading systems,MetaTrader 5,[],,,ok,,9065009519a1c2808645746d53c2c6201b0c53e3f122f1dc8263e5be413c3d22,md/15469.md,48313,12078
15472,https://www.mql5.com/en/articles/15472,From Basic to Intermediate: Array (II),,2025-05-28T12:04Z,Examples,MetaTrader 5,[],,,ok,,64a2cee069b9fa68fc7dea2b7c1f29901f2a62884ffc5ee181cd45fc7fc990b1,md/15472.md,35807,8951
15473,https://www.mql5.com/en/articles/15473,From Basic to Intermediate: Array (III),,2025-06-02T13:41Z,Examples,MetaTrader 5,[],,,ok,,58a5224e598398d4079dadb38512bf8626811e3eafc4ff8a1f1803f30a507e49,md/15473.md,33099,8274
15476,https://www.mql5.com/en/articles/15476,Example of Auto Optimized Take Profits and Indicator Parameters with SMA and EMA,,2024-08-09T16:28Z,Examples,MetaTrader 5,[],,,ok,,e09b8d511f3bab03bf74359f24b42e4434738b5172b4ce203f4270bba92253d3,md/15476.md,39608,9902
15479,https://www.mql5.com/en/articles/15479,Deconstructing examples of trading strategies in the client terminal,,2025-02-13T12:05Z,Examples,MetaTrader 5,[],,,ok,,f77a2e2b9e4eeb1452da7e3983230b8670c628c9dd4fb65a8ca00d7bbc4843b5,md/15479.md,33211,8302
15482,https://www.mql5.com/en/articles/15482,Data Science and ML (Part 29): Essential Tips for Selecting the Best Forex Data for AI Training Purposes,,2024-08-07T14:03Z,Statistics and analysis,MetaTrader 5,[],Data Science and ML (): Essential Tips for Selecting the Best Forex Data for AI Training Purposes,29,ok,,47b29cabe051de4bfeee7c1493c583723bdc79b62ed6a0252edbeb05172d3acd,md/15482.md,41346,10336
15486,https://www.mql5.com/en/articles/15486,Artificial Bee Hive Algorithm (ABHA): Tests and results,,2025-02-07T12:22Z,Tester,MetaTrader 5,[],,,ok,,3843d01d7b554863b348b73953bf6c915558789ee19d4c843c52cd70e54e0d87,md/15486.md,59089,14772
15495,https://www.mql5.com/en/articles/15495,Creating an MQL5-Telegram Integrated Expert Advisor (Part 2): Sending Signals from MQL5 to Telegram,,2024-08-12T11:25Z,Trading systems,MetaTrader 5,[],Creating an MQL5-Telegram Integrated Expert Advisor (): Sending Signals from MQL5 to Telegram,2,ok,,617944147d04c857330fbbac57bb60f9115a63770451c6020e1c6b18fc2fcd47,md/15495.md,89316,22329
15498,https://www.mql5.com/en/articles/15498,Neural Networks in Trading: Injection of Global Information into Independent Channels (InjectTST),,2025-02-21T13:55Z,Trading systems,MetaTrader 5,[],,,ok,,eb626d5fe18fb85f0ca9c89ffedfeb61f595a94293be808aad255a75883b95fb,md/15498.md,72380,18095
15499,https://www.mql5.com/en/articles/15499,Master MQL5 from beginner to pro (Part V): Fundamental control flow operators,,2025-04-02T10:12Z,Examples,MetaTrader 5,[],,,ok,,138a4e6aa562a5907399a937c3d1a4eb43c972d84b6bc4dcae0719ba55f091a6,md/15499.md,53052,13263
15501,https://www.mql5.com/en/articles/15501,From Basic to Intermediate: Array (IV),,2025-06-17T10:15Z,Examples,MetaTrader 5,[],,,ok,,f4dd14ea251815250746c7fa7b14a096f56e97b51ab4c13ee26241a9a0baba30,md/15501.md,48203,12050
15502,https://www.mql5.com/en/articles/15502,From Basic to Intermediate: Union (I),,2025-07-08T10:02Z,Examples,MetaTrader 5,[],,,ok,,64b4f553e79c99d8ddd607a2099c431990d1e01357d56b9395a97b5d0e69774f,md/15502.md,34547,8636
15503,https://www.mql5.com/en/articles/15503,From Basic to Intermediate: Union (II),,2025-07-11T14:33Z,Examples,MetaTrader 5,[],,,ok,,1a51d520b59f074af82bd6c62e8baf5a176b6b2f0ba88f1f385bc7a187c9ca08,md/15503.md,53388,13347
15504,https://www.mql5.com/en/articles/15504,From Basic to Intermediate: Recursion,,2025-07-15T07:11Z,Examples,MetaTrader 5,[],,,ok,,92cdde4f9839094dfa9472c976064e08899783a497ff237deba8383f8f78e3a8,md/15504.md,29289,7322
15509,https://www.mql5.com/en/articles/15509,Building A Candlestick Trend Constraint Model (Part 9): Multiple Strategies Expert Advisor (I),,2024-09-27T09:43Z,Trading systems,MetaTrader 5,[],Building A Candlestick Trend Constraint Model (): Multiple Strategies Expert Advisor (I),9,ok,,91785e434e00133422b333e206d08ae8b64f61a33f5eb989ba38c0770ad720ac,md/15509.md,43997,10999
15511,https://www.mql5.com/en/articles/15511,Anarchic Society Optimization (ASO) algorithm,,2025-02-24T14:39Z,Examples,MetaTrader 5,[],,,ok,,eb4897ce76e4177f7caaa6a51c570800268ddb1eb2123b73371db1d7b8d33879,md/15511.md,59274,14818
15524,https://www.mql5.com/en/articles/15524,MQL5 Wizard Techniques you should know (Part 31): Selecting the Loss Function,,2024-08-08T15:49Z,Trading systems,MetaTrader 5,[],MQL5 Wizard Techniques you should know (): Selecting the Loss Function,31,ok,,7f2caf270e338c3df67535720cf0e78380a85292ab9cb7d2002e01c9aa80a4ef,md/15524.md,36405,9101
15531,https://www.mql5.com/en/articles/15531,Reimagining Classic Strategies (Part IV): SP500 and US Treasury Notes,,2024-08-13T15:04Z,Examples,MetaTrader 5,[],,,ok,,ee4e1e13bf2d54849e83aa74546ddf604f5dd14e32b606ea09a919d490816e9d,md/15531.md,49744,12436
15541,https://www.mql5.com/en/articles/15541,Application of Nash's Game Theory with HMM Filtering in Trading,,2024-08-23T11:09Z,Trading systems,MetaTrader 5,[],,,ok,,2888ba783d79dc792c9cefc10fada2b878117ba834e5059fc2027619f33fda10,md/15541.md,66154,16538
15543,https://www.mql5.com/en/articles/15543,Animal Migration Optimization (AMO) algorithm,,2025-02-18T12:26Z,Tester,MetaTrader 5,[],,,ok,,d2206d36bef935a1525bf6a0ed8709303b02d7380a88080ec34b81d41f403068,md/15543.md,54423,13605
15546,https://www.mql5.com/en/articles/15546,Neural Networks in Trading: State Space Models,,2025-03-10T11:19Z,Trading systems,MetaTrader 5,[],,,ok,,460c75d80f4aef76d7f80eb96418c8d31e80d7168aeb34c11ff2c860621592e1,md/15546.md,47787,11946
15556,https://www.mql5.com/en/articles/15556,William Gann methods (Part I): Creating Gann Angles indicator,,2025-02-19T11:22Z,Trading,MetaTrader 5,[],,,ok,,89138f8c591c162d1ad1714414c3f9a11181aa99482d1a287c616d23a58640a8,md/15556.md,33235,8308
15565,https://www.mql5.com/en/articles/15565,Artificial Algae Algorithm (AAA),,2025-02-28T10:52Z,Tester,MetaTrader 5,[],,,ok,,ab67fd6a429deb78cd67c4f8fceada2640895f5689c030a42ec9aeb1f3075a4b,md/15565.md,59204,14801
15566,https://www.mql5.com/en/articles/15566,William Gann methods (Part II): Creating Gann Square indicator,,2025-02-26T10:46Z,Examples,MetaTrader 5,[],,,ok,,5b48efcf2e30b4e3d77bad4455bd25bbfccc1487591329f16cda3a291243b3a9,md/15566.md,31337,7834
15570,https://www.mql5.com/en/articles/15570,Reimagining Classic Strategies (Part V): Multiple Symbol Analysis on USDZAR,,2024-08-16T16:51Z,Examples,MetaTrader 5,[],,,ok,,77453c86eba1eb43d47bfb0502ca7a49fddbe7e5f39bfe21557baefe0f23654d,md/15570.md,47921,11980
15572,https://www.mql5.com/en/articles/15572,Pattern Recognition Using Dynamic Time Warping in MQL5,,2024-08-16T10:42Z,Examples,MetaTrader 5,[],,,ok,,a0a9d62bc26941e00edbadc1cf8245ca039d0a55f4730f7fd6a20ce67608ce82,md/15572.md,71316,17829
15573,https://www.mql5.com/en/articles/15573,From Basic to Intermediate: Definitions (I),,2025-08-14T10:12Z,Examples,MetaTrader 5,[],,,ok,,96673cf7f48085268ba67c39c3a26aac086d5901cd61010117557e77deb7439f,md/15573.md,41642,10410
15575,https://www.mql5.com/en/articles/15575,Gain an Edge Over Any Market (Part III): Visa Spending Index,,2024-08-26T08:06Z,Examples,MetaTrader 5,[],,,ok,,3623cf655e2dfb63e5b17160b3927f2af4457707db0eb0cf15bb115b2682056f,md/15575.md,51497,12874
15576,https://www.mql5.com/en/articles/15576,MQL5 Wizard Techniques you should know (Part 32): Regularization,,2024-08-16T11:54Z,Trading systems,MetaTrader 5,[],MQL5 Wizard Techniques you should know (): Regularization,32,ok,,013830ded249c84d6af08f6dd074eb345214042bb83316158ee230be8827d756,md/15576.md,32508,8127
15578,https://www.mql5.com/en/articles/15578,Integrating MQL5 with data processing packages (Part 2): Machine Learning and Predictive Analytics,,2024-08-20T13:29Z,Trading systems,MetaTrader 5,[],Integrating MQL5 with data processing packages (): Machine Learning and Predictive Analytics,2,ok,,feafa259b4724f947895aca45fe6cec9f0e31626502d16c0f2a8d7078720b63c,md/15578.md,32573,8143
15585,https://www.mql5.com/en/articles/15585,"Data Science and ML(Part 30): The Power Couple for Predicting the Stock Market, Convolutional Neural Networks(CNNs) and Recurrent Neural Networks(RNNs)",,2024-09-30T14:31Z,Trading,MetaTrader 5,[],"Data Science and ML(): The Power Couple for Predicting the Stock Market, Convolutional Neural Networks(CNNs) and Recurrent Neural Networks(RNNs)",30,ok,,15a1b6401de9e540695cc822dcf96470d9d38abc2e23b43cb152effa7de40f1b,md/15585.md,32171,8042
15588,https://www.mql5.com/en/articles/15588,From Basic to Intermediate: Definitions (II),,2025-08-18T08:40Z,Examples,MetaTrader 5,[],,,ok,,643ab7816440d4b1c836f3e00275fe4afaac46b1432a1574b2f41be7d8743a25,md/15588.md,38883,9720
15589,https://www.mql5.com/en/articles/15589,Automating Trading Strategies with Parabolic SAR Trend Strategy in MQL5: Crafting an Effective Expert Advisor,,2024-08-23T13:35Z,Trading,MetaTrader 5,[],,,ok,,8b3ebe8cb07055d5e1af23867c64511737572aef0b7db1e731a24b1159f0a795,md/15589.md,32426,8106
15595,https://www.mql5.com/en/articles/15595,Neural Networks in Trading: A Complex Trajectory Prediction Method (Traj-LLM),,2025-03-12T15:31Z,Trading systems,MetaTrader 5,[],,,ok,,3fe711818a157d68fcf57e88d0d2ee6698964d915bd6e2a34ef4d95a90aa0fb0,md/15595.md,71424,17856
15610,https://www.mql5.com/en/articles/15610,Reimagining Classic Strategies (Part VI): Multiple Time-Frame Analysis,,2024-08-20T14:26Z,Examples,MetaTrader 5,[],,,ok,,ba7abb9c6af7fdfa3bc1277a28fc78ff7b669a64b4bf547fe621bc9a5512ad02,md/15610.md,56536,14134
15611,https://www.mql5.com/en/articles/15611,From Basic to Intermediate: Floating point,,2025-08-18T08:48Z,Examples,MetaTrader 5,[],,,ok,,85b8f3d0afc495ccf286e707d2905b336fbf4ae9a6385f49390c099731bf3cf9,md/15611.md,34261,8565
15614,https://www.mql5.com/en/articles/15614,Cycles and Forex,,2025-03-04T10:42Z,Examples,MetaTrader 5,[],,,ok,,99eea7ba406e232f04bc7ac48b79baeb9276a571bb0c6e769c6d2a5873b004bc,md/15614.md,22926,5731
15615,https://www.mql5.com/en/articles/15615,MQL5 Wizard Techniques you should know (Part 33): Gaussian Process Kernels,,2024-08-20T09:17Z,Indicators,MetaTrader 5,[],MQL5 Wizard Techniques you should know (): Gaussian Process Kernels,33,ok,,12a24e6a5cbb791668f035f9fe3ba27d2bc9fe1615fc146df2e8d2b2375d9b87,md/15615.md,27487,6871
15616,https://www.mql5.com/en/articles/15616,Creating an MQL5-Telegram Integrated Expert Advisor (Part 3): Sending Chart Screenshots with Captions from MQL5 to Telegram,,2024-08-22T13:45Z,Trading systems,MetaTrader 5,[],Creating an MQL5-Telegram Integrated Expert Advisor (): Sending Chart Screenshots with Captions from MQL5 to Telegram,3,ok,,86e70d5c9a121cb56a8794bea3927f85900df31d3f7ca9ed487db80019bf296c,md/15616.md,77988,19497
15622,https://www.mql5.com/en/articles/15622,Evaluating the Quality of Forex Spread Trading Based on Seasonal Factors in MetaTrader 5,,2026-05-25T11:15Z,Trading,MetaTrader 5,[],,,ok,,dd6038433c2f0e75f3f413ae22dc54c949b8825fedde07f0894c8fb8712dc773,md/15622.md,34356,8589
15625,https://www.mql5.com/en/articles/15625,William Gann methods (Part III): Does Astrology Work?,,2025-03-07T12:30Z,Tester,MetaTrader 5,[],,,ok,,46da7c94a9b83e5830d37f4c87831387adae7253328c9c000cddb7a5d9db8381,md/15625.md,43746,10936
15642,https://www.mql5.com/en/articles/15642,From Basic to Intermediate: Overload,,2025-08-18T08:43Z,Examples,MetaTrader 5,[],,,ok,,e347623c4b8c471d0d0e5a71cba8e2dda430c6b5d458b2940dd3c5716b020980,md/15642.md,34684,8671
15648,https://www.mql5.com/en/articles/15648,Neural Networks in Trading: Unified Trajectory Generation Model (UniTraj),,2025-03-24T15:21Z,Trading systems,MetaTrader 5,[],,,ok,,744315378d88baba83b58aca86ff195f079cfc103b0f2edea235ba5ce28c4b29,md/15648.md,59147,14786
15652,https://www.mql5.com/en/articles/15652,MQL5 Wizard Techniques you should know (Part 34): Price-Embedding with an Unconventional RBM,,2024-08-22T14:46Z,Trading systems,MetaTrader 5,[],MQL5 Wizard Techniques you should know (): Price-Embedding with an Unconventional RBM,34,ok,,7d175fba8023c46f554dcbffa278ab21121bc634885047fe54a9809dbfa9665c,md/15652.md,35520,8880
15654,https://www.mql5.com/en/articles/15654,Tabu Search (TS),,2025-03-14T13:45Z,Tester,MetaTrader 5,[],,,ok,,6376679f634251eb9f0f3cae448b28c76499ba523601828ab8572c1f3b932fd2,md/15654.md,58946,14736
15658,https://www.mql5.com/en/articles/15658,From Basic to Intermediate: Template and Typename (I),,2025-08-18T12:56Z,Examples,MetaTrader 5,[],,,ok,,ba04aa23cfffa276a9d78ff3e0fd2549121aab0031a41c104ef9bfa81e8bc413,md/15658.md,27969,6992
15665,https://www.mql5.com/en/articles/15665,Example of Causality Network Analysis (CNA) and Vector Auto-Regression Model for Market Event Prediction,,2024-08-29T17:11Z,Trading systems,MetaTrader 5,[],,,ok,,0645afd166ae18426e6d842c31a529f0bd34e0a77296b9a26871008db116d22a,md/15665.md,48724,12181
15668,https://www.mql5.com/en/articles/15668,From Basic to Intermediate: Template and Typename (II),,2025-08-21T07:33Z,Examples,MetaTrader 5,[],,,ok,,3ef8df9066091547e120330b2d035bc8ed1f059f3a71b4aac06a168ac586e9c2,md/15668.md,32330,8082
15669,https://www.mql5.com/en/articles/15669,From Basic to Intermediate: Template and Typename (III),,2025-08-21T14:56Z,Examples,MetaTrader 5,[],,,ok,,5678649175dd659056842c2bc6f540a958e661fb1efd5a7ebb9958d5a68a6b87,md/15669.md,38914,9728
15670,https://www.mql5.com/en/articles/15670,From Basic to Intermediate: Template and Typename (IV),,2025-08-25T07:27Z,Examples,MetaTrader 5,[],,,ok,,17158ea41bba1c3c2d181f487ab58b33e35b5e047abd4905859372ec82247a82,md/15670.md,40125,10031
15671,https://www.mql5.com/en/articles/15671,From Basic to Intermediate: Template and Typename (V),,2025-10-24T07:40Z,Examples,MetaTrader 5,[],,,ok,,6b1b1c1f07c46a753568a683d206b6ac71eca5e256b7939595014d2003a2b10f,md/15671.md,38644,9661
15683,https://www.mql5.com/en/articles/15683,Developing a multi-currency Expert Advisor (Part 18): Automating group selection considering forward period,,2025-04-14T13:25Z,Tester,MetaTrader 5,[],Developing a multi-currency Expert Advisor (): Automating group selection considering forward period,18,ok,,69a0bece7c43da049e51397496ca8f481d5df904563206f45cd12dc86b6ee445,md/15683.md,54374,13593
15684,https://www.mql5.com/en/articles/15684,USD and EUR index charts — example of a MetaTrader 5 service,,2025-03-17T15:00Z,Examples,MetaTrader 5,[],,,ok,,5555330c3097f3b20aa724dffaa809d7faa23dcc7974cd14b23333093283a126,md/15684.md,36772,9193
15688,https://www.mql5.com/en/articles/15688,Neural Networks in Trading: Hierarchical Vector Transformer (HiVT),,2025-03-28T10:41Z,Trading systems,MetaTrader 5,[],,,ok,,9523fa11e6ab2977fd6206fa58add4c95621fec08c8c7b4b608c704844489c12,md/15688.md,56229,14057
15692,https://www.mql5.com/en/articles/15692,MQL5 Wizard Techniques you should know (Part 35): Support Vector Regression,,2024-08-28T11:10Z,Trading systems,MetaTrader 5,[],MQL5 Wizard Techniques you should know (): Support Vector Regression,35,ok,,762598594eb6588429fdc2ecdac31c0f0c776006ef3565be779c0ebb722ea01b,md/15692.md,35494,8873
15698,https://www.mql5.com/en/articles/15698,Implementing a Rapid-Fire Trading Strategy Algorithm with Parabolic SAR and Simple Moving Average (SMA) in MQL5,,2024-08-29T09:50Z,Trading systems,MetaTrader 5,[],,,ok,,39ed7e654ece1dc2997705ba709b884be8e85e7cc0fedddd7246c40063073131,md/15698.md,55115,13778
15706,https://www.mql5.com/en/articles/15706,Creating an MQL5-Telegram Integrated Expert Advisor (Part 4): Modularizing Code Functions for Enhanced Reusability,,2024-09-02T12:30Z,Trading systems,MetaTrader 5,[],Creating an MQL5-Telegram Integrated Expert Advisor (): Modularizing Code Functions for Enhanced Reusability,4,ok,,4b251dee4a16598ebc7343391b223f4aefea6932fc75a3f1332b04ea71edca3e,md/15706.md,67621,16905
15711,https://www.mql5.com/en/articles/15711,Bacterial Chemotaxis Optimization (BCO),,2025-03-26T11:38Z,Examples,MetaTrader 5,[],,,ok,,b42e370fba27cde8bbea02fd59bab7fca107f942211b7b498b56205309c87d99,md/15711.md,62192,15548
15713,https://www.mql5.com/en/articles/15713,Neural Networks in Trading: Hierarchical Vector Transformer (Final Part),,2025-04-08T13:42Z,Trading systems,MetaTrader 5,[],,,ok,,e0c5679c624abcd894ccf17a00aa12ee92716b7f067c5746892b07fb9be5bcaf,md/15713.md,49292,12323
15719,https://www.mql5.com/en/articles/15719,Reimagining Classic Strategies (Part VII) : Forex Markets And Sovereign Debt Analysis on the USDJPY,,2024-08-29T16:42Z,Examples,MetaTrader 5,[],,,ok,,20486dc20ba06f89d382ec553753915f3b61b32b5e95887124251b39f0524976,md/15719.md,52494,13123
15720,https://www.mql5.com/en/articles/15720,Example of Stochastic Optimization and Optimal Control,,2024-09-09T15:47Z,Trading,MetaTrader 5,[],,,ok,,a2d399f517691f6b3ff3941a29aed3bcebf086415f21448d4eb342542079df30,md/15720.md,38705,9676
15727,https://www.mql5.com/en/articles/15727,Master MQL5 from Beginner to Pro (Part VI): Basics of Developing Expert Advisors,,2025-07-10T10:29Z,Examples,MetaTrader 5,[],,,ok,,46020e945ea4001535fc64c320e268d1abf521024af54d92907fbd37cc145050,md/15727.md,60136,15034
15730,https://www.mql5.com/en/articles/15730,From Basic to Intermediate: Struct (I),,2025-11-27T08:34Z,Examples,MetaTrader 5,[],,,ok,,43942c030776baffe1d49e711e9722a4e0686491e54ae16dc2d9bfe67971260d,md/15730.md,31432,7858
15731,https://www.mql5.com/en/articles/15731,From Basic to Intermediate: Structs (II),,2025-12-03T16:23Z,Examples,MetaTrader 5,[],,,ok,,e1244d5d0586b32bc67c5e195f54687ebca00c14b1f2b336c0712b161629a6f9,md/15731.md,39451,9862
15732,https://www.mql5.com/en/articles/15732,From Basic to Intermediate: Events (I),,2026-01-15T15:44Z,Examples,MetaTrader 5,[],,,ok,,c4b23ae3b07b9da74d006baec5c135db1dde29c9b6b42f6979f70bfb80fbc2db,md/15732.md,30484,7621
15733,https://www.mql5.com/en/articles/15733,From Basic to Intermediate: Events (II),,2026-02-05T09:07Z,Examples,MetaTrader 5,[],,,ok,,35b4e9b55a475a86c6668b394ff3849d40958efb4b0b994a38820d61237f8b37,md/15733.md,28168,7042
15743,https://www.mql5.com/en/articles/15743,MQL5 Wizard Techniques you should know (Part 36): Q-Learning with Markov Chains,,2024-09-04T12:20Z,Trading systems,MetaTrader 5,[],MQL5 Wizard Techniques you should know (): Q-Learning with Markov Chains,36,ok,,a78b7663107d0b0601cf559a0cea9de8088d3203c321ee4cac2caadd6ad55214,md/15743.md,39424,9856
15747,https://www.mql5.com/en/articles/15747,Neural Networks in Trading: Point Cloud Analysis (PointNet),,2025-04-09T11:27Z,Trading systems,MetaTrader 5,[],,,ok,,f85dc4585feca3ef2e8757f485ebcb0e3e758ff27b53d0a80d66545ff44a82dc,md/15747.md,60204,15051
15748,https://www.mql5.com/en/articles/15748,Developing a Trading System Based on the Order Book (Part I): Indicator,,2025-04-11T09:52Z,Examples,MetaTrader 5,[],,,ok,,94163570ae4f3467201db6aec429f57fb79a53315d1d2858879126147980d9dd,md/15748.md,24786,6196
15750,https://www.mql5.com/en/articles/15750,Creating an MQL5-Telegram Integrated Expert Advisor (Part 5): Sending Commands from Telegram to MQL5 and Receiving Real-Time Responses,,2024-09-06T15:52Z,Trading systems,MetaTrader 5,[],Creating an MQL5-Telegram Integrated Expert Advisor (): Sending Commands from Telegram to MQL5 and Receiving Real-Time Responses,5,ok,,1af6f837845fa4ff5154e7450a2899c3d9e093b0ed459823503b711f5286c6ef,md/15750.md,108961,27240
15762,https://www.mql5.com/en/articles/15762,Reimagining Classic Strategies (Part VIII): Currency Markets And Precious Metals on the USDCAD,,2024-09-05T11:06Z,Examples,MetaTrader 5,[],,,ok,,02656310fd8edcbc9a526da5df98c4aa95b99b4ae8cf0d777db5cb9aba725580,md/15762.md,47927,11981
15764,https://www.mql5.com/en/articles/15764,Introduction to MQL5 (Part 9): Understanding and Using Objects in MQL5,,2024-09-05T12:18Z,Tester,MetaTrader 5,[],Introduction to MQL5 (): Understanding and Using Objects in MQL5,9,ok,,23a7a5465eb6790afb3895eab5a3260939c423ee735714341c15ead3066fd826,md/15764.md,66643,16660
15767,https://www.mql5.com/en/articles/15767,MQL5 Wizard Techniques you should know (Part 37): Gaussian Process Regression with Linear and Matérn Kernels,,2024-09-06T16:05Z,Tester,MetaTrader 5,[],MQL5 Wizard Techniques you should know (): Gaussian Process Regression with Linear and Matérn Kernels,37,ok,,1137e8e51e6a19d0eedb9832fa460dd69e8ebbb236a32a97d463d35b4d36051a,md/15767.md,30954,7738
15771,https://www.mql5.com/en/articles/15771,Reimagining Classic Strategies in MQL5 (Part II): FTSE100 and UK Gilts,,2024-09-06T16:14Z,Examples,MetaTrader 5,[],,,ok,,70d6d0128ac32b42d2f95d0e30d1cbbe64e311abee0ecdfad493177f082c90cd,md/15771.md,35269,8817
15779,https://www.mql5.com/en/articles/15779,Quantitative approach to risk management: Applying VaR model to optimize multi-currency portfolio using Python and MetaTrader 5,,2025-04-09T10:54Z,Tester,MetaTrader 5,[],,,ok,,9b85a4b92d1a85b4530d4366b747534a38d7e8935cb235441a82a01206fb304d,md/15779.md,35637,8909
15781,https://www.mql5.com/en/articles/15781,Self Optimizing Expert Advisor with MQL5 And Python (Part III): Cracking The Boom 1000 Algorithm,,2024-09-09T15:42Z,Examples,MetaTrader 5,[],,,ok,,9a9374b75e64c273288060e88d218414332d557cb9f346f428513076bc0c6cf4,md/15781.md,46657,11664
15782,https://www.mql5.com/en/articles/15782,Archery Algorithm (AA),,2025-04-04T11:07Z,Tester,MetaTrader 5,[],,,ok,,527230d696ba0a541e6bc65e9278737fcc266d401ca4b398c9331a192b528b99,md/15782.md,52853,13213
15789,https://www.mql5.com/en/articles/15789,Neural Networks in Trading: Hierarchical Feature Learning for Point Clouds,,2025-04-11T14:34Z,Trading systems,MetaTrader 5,[],,,ok,,aaa3cbf6b15880c1a17150578396fdf74238b1057f8cb5bad15773d1df62c2c3,md/15789.md,48643,12160
15794,https://www.mql5.com/en/articles/15794,From Basic to Intermediate: Indicator (I),,2026-02-09T10:11Z,Examples,MetaTrader 5,[],,,ok,,72c7832e825fca055d9c8aaf5da23bdf69259c8d602046a88ea5594bc1be8c49,md/15794.md,32413,8103
15795,https://www.mql5.com/en/articles/15795,Introduction to Connexus (Part 1): How to Use the WebRequest Function?,,2024-09-20T10:38Z,Examples,MetaTrader 5,[],Introduction to Connexus (): How to Use the WebRequest Function?,1,ok,,82c14b3631e306575d00c89285f374685568be9c8e8c826916c5ed75777aa5fc,md/15795.md,36602,9150
15802,https://www.mql5.com/en/articles/15802,From Basic to Intermediate: Indicator (II),,2026-02-10T08:18Z,Examples,MetaTrader 5,[],,,ok,,05e21db6fd712ec4b4cfed893de91d2562d7f903f16b7b3ddf4d69e9de2930b1,md/15802.md,43496,10874
15803,https://www.mql5.com/en/articles/15803,MQL5 Wizard Techniques you should know (Part 38): Bollinger Bands,,2024-09-12T15:44Z,Trading systems,MetaTrader 5,[],MQL5 Wizard Techniques you should know (): Bollinger Bands,38,ok,,6df1efbdb86b7c064a3d34e80f0993edcf02868f610917d80cbb58b202df28c0,md/15803.md,36446,9111
15811,https://www.mql5.com/en/articles/15811,How to create a trading journal with MetaTrader and Google Sheets,,2024-10-07T17:14Z,Examples,MetaTrader 5,[],,,ok,,f2fe3167aa4c5e06cb37881870e94855a1a84e9a2ff5e5f0e4b7b060fcdf6013,md/15811.md,41723,10430
15818,https://www.mql5.com/en/articles/15818,Reimagining Classic Strategies in MQL5 (Part III): FTSE 100 Forecasting,,2024-09-23T14:20Z,Examples,MetaTrader 5,[],,,ok,,0f6f54462f76d535af6226527776e2973a3d32d3e06c5b6656b45dc886b6f12b,md/15818.md,44830,11207
15819,https://www.mql5.com/en/articles/15819,"Example of CNA (Causality Network Analysis), SMOC (Stochastic Model Optimal Control) and Nash Game Theory with Deep Learning",,2024-09-16T12:37Z,Examples,MetaTrader 5,[],,,ok,,37d2f92fa5eaa47594bcc98be970aaa78709d65613782aa92c2005b8a6498946,md/15819.md,46440,11610
15820,https://www.mql5.com/en/articles/15820,Neural Networks in Trading: Transformer for the Point Cloud (Pointformer),,2025-04-15T14:26Z,Trading systems,MetaTrader 5,[],,,ok,,7c9538263b99de325332de73940adc7a79c9add9ba565e28beb7881f82f4a3ea,md/15820.md,44575,11143
15823,https://www.mql5.com/en/articles/15823,Creating an MQL5-Telegram Integrated Expert Advisor (Part 6): Adding Responsive Inline Buttons,,2024-09-12T16:02Z,Trading systems,MetaTrader 5,[],Creating an MQL5-Telegram Integrated Expert Advisor (): Adding Responsive Inline Buttons,6,ok,,d81f9400b3ce996dffa1876f97d68e1f10008ea2fa4a78c3a5fcfe5e41819133,md/15823.md,115633,28908
15828,https://www.mql5.com/en/articles/15828,From Basic to Intermediate: Indicator (III),,2026-02-11T09:41Z,Examples,MetaTrader 5,[],,,ok,,d6a7cb37cb4a8598f10bca885d83c28776afbff240db49fb35ac366fac9eb6ce,md/15828.md,38598,9649
15830,https://www.mql5.com/en/articles/15830,Applying Localized Feature Selection in Python and MQL5,,2024-09-12T11:00Z,Examples,MetaTrader 5,[],,,ok,,aa5d03b2e7d79733a61b632e8c2b1518fb6345c1916400b3ab93e104fb2200a8,md/15830.md,67428,16857
15833,https://www.mql5.com/en/articles/15833,From Basic to Intermediate: Indicator (IV),,2026-02-11T12:41Z,Examples,MetaTrader 5,[],,,ok,,899e54d0a587b0723cfedaf9fde9f5d9f804b85df1a2bca9e024883d38b901c6,md/15833.md,33388,8347
15837,https://www.mql5.com/en/articles/15837,How to Implement Auto Optimization in MQL5 Expert Advisors,,2024-09-13T16:26Z,Examples,MetaTrader 5,[],,,ok,,5a42cf7be9ccf77141a8b5727fdf072b1bf6067dfd9a2849db5858bad90cbe22,md/15837.md,47848,11962
15841,https://www.mql5.com/en/articles/15841,Gain An Edge Over Any Market (Part IV): CBOE Euro And Gold Volatility Indexes,,2024-09-23T13:54Z,Examples,MetaTrader 5,[],,,ok,,0c80c47c5c7db47d907e1e0e89bead8109711ce93f6468acc7f6ba4bfb84d8ba,md/15841.md,61182,15295
15847,https://www.mql5.com/en/articles/15847,From Basic to Intermediate: Struct (III),,2026-02-12T10:36Z,Examples,MetaTrader 5,[],,,ok,,2b23297e58d98f08ce398a30d4591fd6061a470c2ba046fbc16c0f4422123756,md/15847.md,34747,8686
15849,https://www.mql5.com/en/articles/15849,Atmosphere Clouds Model Optimization (ACMO): Theory,,2025-04-10T11:32Z,Tester,MetaTrader 5,[],,,ok,,f36822a5cc5084ebf86631ebc6fe7a1726805b4d68765b0fbe1cccc57ddf164e,md/15849.md,43955,10988
15850,https://www.mql5.com/en/articles/15850,MQL5 Wizard Techniques you should know (Part 39): Relative Strength Index,,2024-09-18T10:49Z,Trading systems,MetaTrader 5,[],MQL5 Wizard Techniques you should know (): Relative Strength Index,39,ok,,8e95d992f817078d1c01bdcb5f9609078fbb3af4071351fd7c2f6508c858f98f,md/15850.md,39245,9811
15859,https://www.mql5.com/en/articles/15859,Neural Networks in Trading: Scene-Aware Object Detection (HyperDet3D),,2025-04-17T13:46Z,Trading systems,MetaTrader 5,[],,,ok,,99fc0b15b4902fea6ea3ea2a788eb1b79c742192ec66d2640c86f65d2e7a6ff8,md/15859.md,68281,17070
15860,https://www.mql5.com/en/articles/15860,From Basic to Intermediate: Struct (IV),,2026-02-17T09:27Z,Examples,MetaTrader 5,[],,,ok,,ce16b97d193c327dc43a13faffaae004e9b85b61fa8368ebda1bfa5c1da027df,md/15860.md,37722,9430
15868,https://www.mql5.com/en/articles/15868,"Using PSAR, Heiken Ashi, and Deep Learning Together for Trading",,2024-09-18T10:09Z,Examples,MetaTrader 5,[],,,ok,,7552503deecf9f197fedba7ecd55bcc50f06fa5084eb52e4d540017d128cc162,md/15868.md,46149,11537
15869,https://www.mql5.com/en/articles/15869,From Basic to Intermediate: Struct (V),,2026-02-13T14:50Z,Examples,MetaTrader 5,[],,,ok,,8ebe5591df4b5d5a1b3ec6d44a87c7df8435cd054ddc521626b3bc4da0707dc8,md/15869.md,35907,8976
15878,https://www.mql5.com/en/articles/15878,News Trading Made Easy (Part 4): Performance Enhancement,,2024-10-30T11:10Z,Trading systems,MetaTrader 5,[],News Trading Made Easy (): Performance Enhancement,4,ok,,62751cf25b829a61507042c382418887375866100408dd7e275543e21badc13a,md/15878.md,49632,12408
15882,https://www.mql5.com/en/articles/15882,Neural Networks in Trading: Exploring the Local Structure of Data,,2025-04-23T14:24Z,Trading systems,MetaTrader 5,[],,,ok,,eb774d31766205dc1a5de6fb470acbb804262ff1d20cf25be453bd2c4b63badb,md/15882.md,54482,13620
15886,https://www.mql5.com/en/articles/15886,Self Optimizing Expert Advisor With MQL5 And Python (Part IV): Stacking Models,,2024-09-19T16:07Z,Examples,MetaTrader 5,[],,,ok,,fd720cd841f1d17325f145f58960eb3f0c53ae6bda98d5e98c21271093b757bb,md/15886.md,58584,14646
15887,https://www.mql5.com/en/articles/15887,MQL5 Wizard Techniques you should know (Part 40): Parabolic SAR,,2024-09-20T10:44Z,Trading systems,MetaTrader 5,[],MQL5 Wizard Techniques you should know (): Parabolic SAR,40,ok,,c0f2bdf4723005bab143a5b10d9ee6b384d362b4fc648773003cba97b8214701,md/15887.md,37300,9325
15888,https://www.mql5.com/en/articles/15888,MQL5 Trading Toolkit (Part 3): Developing a Pending Orders Management EX5 Library,,2024-10-17T13:14Z,Examples,MetaTrader 5,[],MQL5 Trading Toolkit (): Developing a Pending Orders Management EX5 Library,3,ok,,46bf8ee3fbe411c8db188bf0f042faf50c4373dee4916cdc3d09dd491fe7a7dd,md/15888.md,217578,54394
15889,https://www.mql5.com/en/articles/15889,From Basic to Intermediate: Struct (VI),,2026-02-13T14:50Z,Examples,MetaTrader 5,[],,,ok,,9281ea78e7262c28ed704a8b47fe5927592a8102366d3f888758e4d1b618bce7,md/15889.md,37477,9369
15895,https://www.mql5.com/en/articles/15895,Scalping Orderflow for MQL5,,2024-09-19T17:20Z,Examples,MetaTrader 5,[],,,ok,,189c1caf2a107fdfa84e563d35470500a9db3ebffcbbc7c213255c991420979b,md/15895.md,32246,8061
15897,https://www.mql5.com/en/articles/15897,HTTP and Connexus (Part 2): Understanding HTTP Architecture and Library Design,,2024-09-27T10:07Z,Examples,MetaTrader 5,[],HTTP and Connexus (): Understanding HTTP Architecture and Library Design,2,ok,,7106bfe20b9869355f88c58afc266b5ada4309c7dbfddf2adbafabb06a7322af,md/15897.md,62923,15730
15899,https://www.mql5.com/en/articles/15899,Developing Advanced ICT Trading Systems: Implementing Order Blocks in an Indicator,,2025-06-24T14:14Z,Examples,MetaTrader 5,[],,,ok,,cc900e737a3caa117467b82cf61c6e1cc8a0d5835878a74e91ddafe12a22e8ce,md/15899.md,76822,19205
15909,https://www.mql5.com/en/articles/15909,Multiple Symbol Analysis With Python And MQL5 (Part I): NASDAQ Integrated Circuit Makers,,2024-09-25T09:26Z,Examples,MetaTrader 5,[],,,ok,,bdb4d352251e3a1d22194644411d09d6a6b41aa7ce3f40c03a6f7896bf3425b2,md/15909.md,32975,8243
15911,https://www.mql5.com/en/articles/15911,Developing a multi-currency Expert Advisor (Part 19): Creating stages implemented in Python,,2025-05-30T09:22Z,Tester,MetaTrader 5,[],Developing a multi-currency Expert Advisor (): Creating stages implemented in Python,19,ok,,28031dd7afe8aebf7302677a9e0f8ed8236715f107034634f46d2fcefda3298e,md/15911.md,67172,16793
15912,https://www.mql5.com/en/articles/15912,From Basic to Intermediate: Struct (VII),,2026-03-30T11:18Z,Examples,MetaTrader 5,[],,,ok,,19d0b5611e4fcd4fd0a47526325eb6c3d3aee88f1cd653f4a595733312f5fd70,md/15912.md,43511,10877
15921,https://www.mql5.com/en/articles/15921,Atmosphere Clouds Model Optimization (ACMO): Practice,,2025-04-24T12:35Z,Tester,MetaTrader 5,[],,,ok,,9aa0ceb0db4e2d0d70fab6bf3d361f7778901d60916282ae2b8736719ea6383b,md/15921.md,59632,14908
15922,https://www.mql5.com/en/articles/15922,From Basic to Intermediate: Inheritance,,2026-04-02T09:31Z,Examples,MetaTrader 5,[],,,ok,,8bab7385eed05d7792e8a358b6194548c11ed36942f4d946cb356753b85b00bf,md/15922.md,58565,14641
15927,https://www.mql5.com/en/articles/15927,Price Action Analysis Toolkit Development (Part 2):  Analytical Comment Script,,2024-11-22T10:54Z,Examples,MetaTrader 5,[],Price Action Analysis Toolkit Development ():  Analytical Comment Script,2,ok,,160ff87c7649248380a1d71e93fe87a82e187f67ab3c0d17f1f9a00ad74ec05b,md/15927.md,27834,6958
15928,https://www.mql5.com/en/articles/15928,Neural Networks in Trading: Superpoint Transformer (SPFormer),,2025-05-06T13:26Z,Trading systems,MetaTrader 5,[],,,ok,,109ff9f2ad914655188dc2403109c94c93cce8bba8a871d08fd70b2e4125f501,md/15928.md,62963,15740
15932,https://www.mql5.com/en/articles/15932,From Basic to Intermediate: Indicator (V),,2026-06-02T11:24Z,Examples,MetaTrader 5,[],,,ok,,11309bd72c715b3198ca84e1b8d0a140cbde536f39c98e4070457cbea288934e,md/15932.md,44042,11010
15949,https://www.mql5.com/en/articles/15949,Gain An Edge Over Any Market (Part V): FRED EURUSD Alternative Data,,2024-09-30T14:36Z,Examples,MetaTrader 5,[],,,ok,,dd942592f6b0ff77f82ef731f952be589ff609725fced0098ce3ebff9f145e0a,md/15949.md,59616,14904
15956,https://www.mql5.com/en/articles/15956,Example of new Indicator and Conditional LSTM,,2024-09-26T10:36Z,Examples,MetaTrader 5,[],,,ok,,8d5c381dc5656ef98ab43f74476f678e1f2ec177a575374107020d886b4cb51d,md/15956.md,38678,9669
15962,https://www.mql5.com/en/articles/15962,Creating an MQL5-Telegram Integrated Expert Advisor (Part 7): Command Analysis for Indicator Automation on Charts,,2024-09-27T10:00Z,Trading systems,MetaTrader 5,[],Creating an MQL5-Telegram Integrated Expert Advisor (): Command Analysis for Indicator Automation on Charts,7,ok,,be9afee1e7e87ecda3fca2898af879bbc91c6d1f4a28645d381929f36b6bf104,md/15962.md,61129,15282
15964,https://www.mql5.com/en/articles/15964,High frequency arbitrage trading system in Python using MetaTrader 5,,2025-05-07T11:08Z,Trading,MetaTrader 5,[],,,ok,,83624a7de132905144eab04ea75f64b3469f87b75469350e1c6a4470bffe9afb,md/15964.md,47196,11799
15965,https://www.mql5.com/en/articles/15965,Finding custom currency pair patterns in Python using MetaTrader 5,,2025-05-07T16:22Z,Trading,MetaTrader 5,[],,,ok,,bb8715de52f821614381d6bbffe11be2a2a979a3d86fe38913e71204c939d2b1,md/15965.md,56946,14236
15971,https://www.mql5.com/en/articles/15971,Self Optimizing Expert Advisor With MQL5 And Python (Part VI): Taking Advantage of Deep Double Descent,,2024-11-04T09:50Z,Examples,MetaTrader 5,[],,,ok,,f0ca85c3a9d1ec9c68dfa91234f9f0a94327962c65f2c7a2360c0b9a7ef21dae,md/15971.md,47034,11758
15972,https://www.mql5.com/en/articles/15972,Reimagining Classic Strategies (Part IX): Multiple Time Frame Analysis (II),,2024-10-09T08:55Z,Examples,MetaTrader 5,[],,,ok,,b5cfb08def86d53ed121e2c599693a1adbeb74afe8c9da45980c1faf85cf19ee,md/15972.md,50057,12514
15973,https://www.mql5.com/en/articles/15973,Neural Networks in Trading: Mask-Attention-Free Approach to Price Movement Forecasting,,2025-05-12T15:00Z,Trading systems,MetaTrader 5,[],,,ok,,a2deb445d4949e814fe35dade8937fff2cd87f83965f07f8495dc497b4ae94ae,md/15973.md,58267,14566
15975,https://www.mql5.com/en/articles/15975,From Basic to Intermediate: Objects (I),,2026-06-03T11:40Z,Examples,MetaTrader 5,[],,,ok,,b3603ef7c6c415c6488670229e0a35650946157926c72b9945e0505f56eaf51f,md/15975.md,34561,8640
15980,https://www.mql5.com/en/articles/15980,Artificial Showering Algorithm (ASHA),,2025-05-05T13:33Z,Tester,MetaTrader 5,[],,,ok,,8353ee74947c61231d49cb2900de398374c2cd41e2879535d736917328dd1349,md/15980.md,50530,12632
15987,https://www.mql5.com/en/articles/15987,From Basic to Intermediate: Objects (II),,2026-06-05T10:04Z,Examples,MetaTrader 5,[],,,ok,,bca2add51136f1dfb12355f2ef1577b016c55d2637cb67d104f6fed5f54e73ea,md/15987.md,37840,9460
15995,https://www.mql5.com/en/articles/15995,From Basic to Intermediate: Function Pointers,,2026-06-05T09:08Z,Examples,MetaTrader 5,[],,,ok,,6dd1ab56fb07a4132918973862edffa87cdbef572d72f5f9390ca3f5f642198f,md/15995.md,45748,11437
15997,https://www.mql5.com/en/articles/15997,Neural Networks in Trading: Generalized 3D Referring Expression Segmentation,,2025-05-15T13:08Z,Trading systems,MetaTrader 5,[],,,ok,,6d88f912065b410dd51817f039950b1f49a5952225f85186a0ddddbb0408c28d,md/15997.md,79047,19761
15998,https://www.mql5.com/en/articles/15998,Economic forecasts: Exploring the Python potential,,2025-05-08T10:38Z,Integration,MetaTrader 5,[],,,ok,,230e7104906f2ff5979d31280aed403b4675e733f69910e7f46dd5efda56175d,md/15998.md,46942,11735
16000,https://www.mql5.com/en/articles/16000,From Basic to Intermediate: Handling Mouse Events,,2026-06-19T08:05Z,Examples,MetaTrader 5,[],,,ok,,73cda793eb8e5679d1d4606512e035ce2d96ea3573327cc80d105e9173c31ee4,md/16000.md,40259,10064
16008,https://www.mql5.com/en/articles/16008,MQL5 Wizard Techniques you should know (Part 41): Deep-Q-Networks,,2024-10-03T08:17Z,Trading systems,MetaTrader 5,[],MQL5 Wizard Techniques you should know (): Deep-Q-Networks,41,ok,,9142776c83fdbcac803c987cf10d45d2cafb384be5d0ccd98457f41e0393338e,md/16008.md,39881,9970
16012,https://www.mql5.com/en/articles/16012,Integration of Broker APIs with Expert Advisors using MQL5 and Python,,2025-01-17T12:14Z,Examples,MetaTrader 5,[],,,ok,,96fa412640a8561e95e6c73c3d98840d346314be7a4b5b41479f5dcd57c8ccd7,md/16012.md,42198,10549
16014,https://www.mql5.com/en/articles/16014,Price Action Analysis Toolkit Development (Part 1): Chart Projector,,2024-11-11T16:12Z,Examples,MetaTrader 5,[],Price Action Analysis Toolkit Development (): Chart Projector,1,ok,,d91fa2f64552ac40a87ac9b5d80dda33a8e16231baccb85f55c21f3ed597fc48,md/16014.md,24724,6181
16017,https://www.mql5.com/en/articles/16017,Data Science and ML (Part 31): Using CatBoost AI Models for Trading,,2024-10-15T15:49Z,Trading,MetaTrader 5,[],Data Science and ML (): Using CatBoost AI Models for Trading,31,ok,,e8b5fd785e8830c6d0a43d9b5f26a557d91a0c2a76acfcb09a0ca6f802b78101,md/16017.md,39828,9957
16021,https://www.mql5.com/en/articles/16021,From Basic to Intermediate: Objects (III),,2026-06-22T12:31Z,Examples,MetaTrader 5,[],,,ok,,b36ba4d098a3d5b0643b2fb3a9e04b0b3f15bb74ce1f3449ae537d8dd4dd5a99,md/16021.md,59439,14859
16024,https://www.mql5.com/en/articles/16024,African Buffalo Optimization (ABO),,2025-05-12T12:57Z,Tester,MetaTrader 5,[],,,ok,,48033dc6801d54f4424aeab31d40aa9cba428f5810112d8ccc0de6885c252f0a,md/16024.md,48301,12075
16026,https://www.mql5.com/en/articles/16026,From Basic to Intermediate: Objects (IV),,2026-07-09T14:59Z,Examples,MetaTrader 5,[],,,ok,,21f23a68ad7dfeee248937e1b3cad14a8a0759f01ae1c5166a18bbf6e14e61a3,md/16026.md,46606,11651
16029,https://www.mql5.com/en/articles/16029,Forecasting exchange rates using classic machine learning methods: Logit and Probit models,,2025-05-08T12:48Z,Expert Advisors,MetaTrader 5,[],,,ok,,6e56c2e05dcc5af33ee115a291f8b373bc49b6771dd81dd71ddc367adfb6a9f3,md/16029.md,34976,8744
16030,https://www.mql5.com/en/articles/16030,Self Optimizing Expert Advisor With MQL5 And Python (Part V): Deep Markov Models,,2024-10-08T16:50Z,Examples,MetaTrader 5,[],,,ok,,c34d797bcd2698aeba83977e2efa43acd1681026a3bd969ad1efea3876bc3931,md/16030.md,41134,10283
16034,https://www.mql5.com/en/articles/16034,Creating an MQL5 Expert Advisor Based on the PIRANHA Strategy by Utilizing Bollinger Bands,,2024-10-10T15:50Z,Trading systems,MetaTrader 5,[],,,ok,,ec69e0360f5718ade894764bbaf6506ca34a4e82e6dc01ceb9802bd3b31e151f,md/16034.md,53936,13484
16035,https://www.mql5.com/en/articles/16035,From Basic to Intermediate: Object Events (I),,2026-06-22T12:40Z,Examples,MetaTrader 5,[],,,ok,,122185dba3750c305e220646347e304f177f4440b993eeb2d3216f926539f1f8,md/16035.md,45876,11469
16038,https://www.mql5.com/en/articles/16038,Neural Networks in Trading: Controlled Segmentation,,2025-05-20T12:27Z,Trading systems,MetaTrader 5,[],,,ok,,888c9ea728fed46b83bd27ea9f68cf4f8cbe85322e6e3005a69a86516acfe766,md/16038.md,47642,11910
16043,https://www.mql5.com/en/articles/16043,Header in the Connexus (Part 3): Mastering the Use of HTTP Headers for Requests,,2024-10-10T08:58Z,Examples,MetaTrader 5,[],Header in the Connexus (): Mastering the Use of HTTP Headers for Requests,3,ok,,345e48cba99d971bbca7556daf97dc054fdd7656822260485b809701a5bccced,md/16043.md,44631,11157
16045,https://www.mql5.com/en/articles/16045,Creating a Trading Administrator Panel in MQL5 (Part III): Extending Built-in Classes for Theme Management (II),,2024-10-09T08:36Z,Examples,MetaTrader 5,[],,,ok,,e918049131d4e0b86aadd7fce74dc092d1c3d896577494b721eb65ca41d58673,md/16045.md,85972,21493
16050,https://www.mql5.com/en/articles/16050,From Basic to Intermediate: Object Events (II),,2026-06-23T14:20Z,Examples,MetaTrader 5,[],,,ok,,9fe8c3927ca8a2658e647543685d5f0ee39e2fd5436562be7c695d71ae15b120,md/16050.md,64787,16196
16056,https://www.mql5.com/en/articles/16056,Ordinal Encoding for Nominal Variables,,2024-10-11T12:39Z,Examples,MetaTrader 5,[],,,ok,,1a7e77fafeac946f029fdeead319410d7b0b004797c1fc1dd62d4540856a0186,md/16056.md,70858,17714
16057,https://www.mql5.com/en/articles/16057,Neural Networks in Trading: Controlled Segmentation (Final Part),,2025-05-22T07:22Z,Trading systems,MetaTrader 5,[],,,ok,,9457e964868fa77374ee4f66ad355ef42c83f5916cd93f25c458bbe76df91190,md/16057.md,66098,16524
16058,https://www.mql5.com/en/articles/16058,Artificial Ecosystem-based Optimization (AEO) algorithm,,2025-05-13T12:13Z,Tester,MetaTrader 5,[],,,ok,,0d3a5ec865e2bbc01b54abfc8cb3c74ca8e8f687cc7ce2750f2193171f3a57ef,md/16058.md,68614,17153
16060,https://www.mql5.com/en/articles/16060,Analyzing weather impact on currencies of agricultural countries using Python,,2025-06-18T15:43Z,Integration,MetaTrader 5,[],,,ok,,0e33346776ef7e382d90d9c33b353d5438373b8b68f6f089951dedeeced2da9e,md/16060.md,37677,9419
16061,https://www.mql5.com/en/articles/16061,Using association rules in Forex data analysis,,2025-07-04T13:07Z,Integration,MetaTrader 5,[],,,ok,,8a2852cc1dccb0f9dd825f76a483f8f6d5d54412054c83137eb618189177e6dc,md/16061.md,55829,13957
16062,https://www.mql5.com/en/articles/16062,Volumetric neural network analysis as a key to future trends,,2025-06-27T11:41Z,Trading,MetaTrader 5,[],,,ok,,24b29d682cc7da5fd86bd6468c3555f3d0388394efffc0f7c04527a8ac6568de,md/16062.md,28722,7180
16066,https://www.mql5.com/en/articles/16066,Reimagining Classic Strategies (Part X): Can AI Power The MACD?,,2024-10-16T11:32Z,Experts,MetaTrader 5,[],,,ok,,b06e7190433907c3ec8958725a4de052675fbf2e12d9a59fd11fa84794805504,md/16066.md,65103,16275
16075,https://www.mql5.com/en/articles/16075,From Basic to Intermediate: Object Events (III),,2026-07-07T11:28Z,Examples,MetaTrader 5,[],,,ok,,9085fb1e723638d764647bfd6bd9284edf23a5203b443e5db7d7ac9263dc4751,md/16075.md,45422,11355
16079,https://www.mql5.com/en/articles/16079,Creating a Trading Administrator Panel in MQL5 (Part IV): Login Security Layer,,2024-10-18T11:20Z,Examples,MetaTrader 5,[],,,ok,,2d297e40aeacd8fbb29f7b0867906fc697951f4ab01992e1c7fc175d9bd17d27,md/16079.md,47353,11838
16083,https://www.mql5.com/en/articles/16083,Integrating MQL5 with data processing packages (Part 3): Enhanced Data Visualization,,2024-10-21T09:59Z,Examples,MetaTrader 5,[],Integrating MQL5 with data processing packages (): Enhanced Data Visualization,3,ok,,069195424f9cac7994c3678da38f1955e0be688b54af371e6379b9f869e3dc59,md/16083.md,44501,11125
16084,https://www.mql5.com/en/articles/16084,How to Create an Interactive MQL5 Dashboard/Panel Using the Controls Class (Part 1): Setting Up the Panel,,2024-10-16T11:30Z,Trading,MetaTrader 5,[],How to Create an Interactive MQL5 Dashboard/Panel Using the Controls Class (): Setting Up the Panel,1,ok,,71aa1c9ff268f9b315d8899cf2823495f53712c60b55686a019c47589f6d194a,md/16084.md,103312,25828
16085,https://www.mql5.com/en/articles/16085,MQL5 Wizard Techniques you should know (Part 42): ADX Oscillator,,2024-10-11T15:50Z,Trading systems,MetaTrader 5,[],MQL5 Wizard Techniques you should know (): ADX Oscillator,42,ok,,638c5de693d6e04458c2f63e791fc406888983ab6edabe2ab21c12904d43cb3f,md/16085.md,33316,8329
16089,https://www.mql5.com/en/articles/16089,Formulating Dynamic Multi-Pair EA (Part 2): Portfolio Diversification and Optimization,,2025-04-15T11:47Z,Tester,MetaTrader 5,[],Formulating Dynamic Multi-Pair EA (): Portfolio Diversification and Optimization,2,ok,,83265d8208135c60ac9bb7f5b22981b7ecf1375059dca3dd1e3e71e5b757ec98,md/16089.md,38731,9682
16094,https://www.mql5.com/en/articles/16094,From Basic to Intermediate: Object Events (IV),,2026-07-13T08:28Z,Examples,MetaTrader 5,[],,,ok,,b92a3ce0a8e461fe9a10736fb08030d9903ec947e7702ae28541380aeb9cdd42,md/16094.md,55237,13809
16097,https://www.mql5.com/en/articles/16097,Neural Networks in Trading: Transformer with Relative Encoding,,2025-05-26T13:35Z,Trading systems,MetaTrader 5,[],,,ok,,949bc311b6ed156b0c8edc38d0e0294a20c8d9b006247d1894c874547bcea353,md/16097.md,51177,12794
16098,https://www.mql5.com/en/articles/16098,Body in Connexus (Part 4): Adding HTTP body support,,2024-10-16T11:26Z,Examples,MetaTrader 5,[],Body in Connexus (): Adding HTTP body support,4,ok,,2a56e3172b18b8518bfb49a9aa445c6a524055ab6ac3188a1686c8d0a59d913c,md/16098.md,43990,10997
16124,https://www.mql5.com/en/articles/16124,Feature Engineering With Python And MQL5 (Part II): Angle Of Price,,2024-11-08T13:28Z,Expert Advisors,MetaTrader 5,[],,,ok,,d4af11cc47e58a24718232a6876e16a3f782db40a019a04e06a2a8ca57a006fa,md/16124.md,46004,11501
16130,https://www.mql5.com/en/articles/16130,Neural Networks in Trading: Market Analysis Using a Pattern Transformer,,2025-06-02T08:54Z,Trading systems,MetaTrader 5,[],,,ok,,c4f6b3449a4a93de227928db08b553a35c5574b9cfb9ee4c3a9a8907cc475766,md/16130.md,53393,13348
16133,https://www.mql5.com/en/articles/16133,ALGLIB library optimization methods (Part I),,2025-06-02T12:10Z,Tester,MetaTrader 5,[],,,ok,,5c5ac30057f7a756f6fc83fc0fcbffa8862388e779bfd2c2a70ef389cb436d23,md/16133.md,47841,11960
16134,https://www.mql5.com/en/articles/16134,Developing a multi-currency Expert Advisor (Part 20): Putting in order the conveyor of automatic project optimization stages (I),,2025-07-03T15:07Z,Tester,MetaTrader 5,[],Developing a multi-currency Expert Advisor (): Putting in order the conveyor of automatic project optimization stages (I),20,ok,,9b9c992815f3c71e13b77727fd061189e83cf4cfb4d58368458e13016a8be4d1,md/16134.md,51815,12953
16135,https://www.mql5.com/en/articles/16135,Creating an MQL5 Expert Advisor Based on the Daily Range Breakout Strategy,,2024-10-21T10:05Z,Trading,MetaTrader 5,[],,,ok,,53c9e1f003ba47fc6a395b06ca4a508fc818c5f852160965b9123e012fdd1cf1,md/16135.md,97245,24311
16136,https://www.mql5.com/en/articles/16136,Connexus Helper (Part 5): HTTP Methods and Status Codes,,2024-10-28T15:14Z,Examples,MetaTrader 5,[],Connexus Helper (): HTTP Methods and Status Codes,5,ok,,e03c57ec1ac68ef4d9f660c24c8fa6a482de951689e3b4f20689d13047247db3,md/16136.md,54507,13626
16137,https://www.mql5.com/en/articles/16137,Building A Candlestick Trend Constraint Model (Part 9): Multiple Strategies Expert Advisor (II),,2024-10-31T08:26Z,Examples,MetaTrader 5,[],Building A Candlestick Trend Constraint Model (): Multiple Strategies Expert Advisor (II),9,ok,,084705ee5080577fff5c01f36caad238bf4c0ae1ddb7a38f3c70ddfe1d517bac,md/16137.md,59759,14939
16142,https://www.mql5.com/en/articles/16142,Creating a Trading Administrator Panel in MQL5 (Part V): Two-Factor Authentication (2FA),,2024-10-24T10:40Z,Examples,MetaTrader 5,[],,,ok,,8d87fd1cc3c16d8bd3701f6ec6ab0f061bf3ff63a16ddcb6aedc66469acbea15,md/16142.md,54926,13731
16143,https://www.mql5.com/en/articles/16143,MQL5 Wizard Techniques you should know (Part 43): Reinforcement Learning with SARSA,,2024-10-18T11:29Z,Trading systems,MetaTrader 5,[],MQL5 Wizard Techniques you should know (): Reinforcement Learning with SARSA,43,ok,,84d4e66f060c4be8f62942639dd7f1f25400da8715d57177012738bd6f8b1b1f,md/16143.md,33839,8459
16146,https://www.mql5.com/en/articles/16146,How to Create an Interactive MQL5 Dashboard/Panel Using the Controls Class (Part 2): Adding Button Responsiveness,,2024-10-22T15:56Z,Trading,MetaTrader 5,[],How to Create an Interactive MQL5 Dashboard/Panel Using the Controls Class (): Adding Button Responsiveness,2,ok,,81952b69fe96bd124e58efc5947dd1ac2dc3c56cb43b754b34086140e056e776,md/16146.md,100187,25046
16163,https://www.mql5.com/en/articles/16163,Neural Networks in Trading: Contrastive Pattern Transformer,,2025-06-03T11:43Z,Trading systems,MetaTrader 5,[],,,ok,,00d6a9994a999c91dfb350b531991fcca4295d09b7296b9e59e5619ef0651df7,md/16163.md,57799,14449
16164,https://www.mql5.com/en/articles/16164,ALGLIB library optimization methods (Part II),,2025-06-06T12:16Z,Tester,MetaTrader 5,[],,,ok,,5f060897c1738f479b3e6c49a4e16e141465dda7d72873a3744f9e44d9ffa7c1,md/16164.md,60156,15039
16167,https://www.mql5.com/en/articles/16167,From Basic to Intermediate: Working with Files in the MetaTrader 5 Sandbox,,2026-07-14T08:28Z,Examples,MetaTrader 5,[],,,ok,,cef79cdb8851c6b97c3d397c8618957b43a85ee91ed548a667f7365c20f83655,md/16167.md,32085,8021
16169,https://www.mql5.com/en/articles/16169,News Trading Made Easy (Part 5): Performing Trades (II),,2024-11-06T16:42Z,Trading systems,MetaTrader 5,[],News Trading Made Easy (): Performing Trades (II),5,ok,,fb660b1377196c3d1a23bc12ddea343e2a5cf8e973691157ef42ad77f85aaafb,md/16169.md,100197,25049
16170,https://www.mql5.com/en/articles/16170,News Trading Made Easy (Part 6): Performing Trades (III),,2025-01-10T09:58Z,Trading systems,MetaTrader 5,[],News Trading Made Easy (): Performing Trades (III),6,ok,,c6d9ea52d47a3cfe85205d814a8a2620ab139e8f27c29d1119c19858107d4cae,md/16170.md,101479,25369
16171,https://www.mql5.com/en/articles/16171,Monochronic Trading (Part 1): How to Detect Broker Timezone and DST in MQL5,,2026-07-20T10:20Z,Trading systems,MetaTrader 5,[],Monochronic Trading (): How to Detect Broker Timezone and DST in MQL5,1,ok,,23a84ce192d4862b166cdf981f4de4f023f0fad2960929e7c78ad2a62ff17158,md/16171.md,31576,7894
16182,https://www.mql5.com/en/articles/16182,Requesting in Connexus (Part 6): Creating an HTTP Request and Response,,2024-11-06T09:32Z,Examples,MetaTrader 5,[],Requesting in Connexus (): Creating an HTTP Request and Response,6,ok,,d2e8906df2f493a8e836239bd68f6a40f95f6c902ed0d32657db0bb7d67be998,md/16182.md,45683,11420
16190,https://www.mql5.com/en/articles/16190,Feature selection and dimensionality reduction using principal components,,2024-10-23T15:38Z,Statistics and analysis,MetaTrader 5,[],,,ok,,38a7e55a0e04e9007748b7692d0107968d663ab8000ec50bcb1a595a465cb278,md/16190.md,65575,16393
16192,https://www.mql5.com/en/articles/16192,Neural Networks in Trading: Contrastive Pattern Transformer (Final Part),,2025-06-11T06:04Z,Trading systems,MetaTrader 5,[],,,ok,,d248009e10524500fd9c08f1f5bb9e6cd28849a6dee1d5b20724b25a00818e98,md/16192.md,51580,12895
16211,https://www.mql5.com/en/articles/16211,From Basic to Intermediate: FileSave and FileLoad,,2026-07-17T12:26Z,Examples,MetaTrader 5,[],,,ok,,723cf7496e045f30f56d1c0b892341ea98d82350c8cd5be391e6d60830843afe,md/16211.md,36773,9193
16213,https://www.mql5.com/en/articles/16213,MQL5 Wizard Techniques you should know (Part 44): Average True Range (ATR) technical indicator,,2024-10-25T09:50Z,Tester,MetaTrader 5,[],MQL5 Wizard Techniques you should know (): Average True Range (ATR) technical indicator,44,ok,,22f11468fde93b15c3435e9c8f428947f743a0fa0af8dccfddb31ca0f7c5de1d,md/16213.md,39792,9948
16214,https://www.mql5.com/en/articles/16214,Generative Adversarial Networks (GANs) for Synthetic Data in Financial Modeling (Part 1): Introduction to GANs and Synthetic Data in Financial Modeling,,2024-12-02T10:17Z,Machine learning,MetaTrader 5,[],Generative Adversarial Networks (GANs) for Synthetic Data in Financial Modeling (): Introduction to GANs and Synthetic Data in Financial Modeling,1,ok,,22b30e28c95ab2c089fa8446df816849c2c2172de1367c0e6730b7d6c151275f,md/16214.md,34249,8562
16223,https://www.mql5.com/en/articles/16223,Trading with the MQL5 Economic Calendar (Part 1): Mastering the Functions of the MQL5 Economic Calendar,,2024-10-30T11:16Z,Trading,MetaTrader 5,[],Trading with the MQL5 Economic Calendar (): Mastering the Functions of the MQL5 Economic Calendar,1,ok,,f35decd7abc898567a5b5630bbb5a8327813ea305696a1815d2c454e2c95f119,md/16223.md,50342,12585
16230,https://www.mql5.com/en/articles/16230,Feature Engineering With Python And MQL5 (Part I): Forecasting Moving Averages For Long-Range AI Models,,2024-11-01T11:20Z,Examples,MetaTrader 5,[],,,ok,,7758209f3e9fc8a0a83c35131edc2af80e7e29a7d7a577717847355867d31036,md/16230.md,69101,17275
16233,https://www.mql5.com/en/articles/16233,SQLite capabilities in MQL5: Example of a dashboard with trading statistics by symbols and magic numbers,,2025-06-12T16:31Z,Examples,MetaTrader 5,[],,,ok,,050b119ada61dfad330ed48270ba6ab9a14fd020237a340240ee2b86ac9694ec,md/16233.md,283913,70978
16238,https://www.mql5.com/en/articles/16238,Exploring Cryptography in MQL5: A Step-by-Step Approach,Saif Akhlaq,2024-10-31T08:19Z,Integration,MetaTrader 5,[],,,ok,,2aa1969dbf9e0062e47cad9d585e2b3b457c0edef06559e62c33fac69bd186dc,md/16238.md,35312,8828
16240,https://www.mql5.com/en/articles/16240,Creating a Trading Administrator Panel in MQL5 (Part VI): Multiple Functions Interface (I),,2024-11-12T11:36Z,Examples,MetaTrader 5,[],,,ok,,0751f35b4d92b4e312091244e22883b801bbd8da753a943fc2c2ca1e71c9e52e,md/16240.md,116956,29239
16243,https://www.mql5.com/en/articles/16243,Neural Networks in Trading: Node-Adaptive Graph Representation with NAFS,,2025-06-13T13:56Z,Trading systems,MetaTrader 5,[],,,ok,,ae89dff69f5ffdf95efe4e6e864bf16bd4a9eb7b136508bfd54031b7e3c4c59e,md/16243.md,40820,10205
16246,https://www.mql5.com/en/articles/16246,From Basic to Intermediate: Random Access to Files (I),,2026-07-19T14:56Z,Examples,MetaTrader 5,[],,,ok,,5125d2ccbd56c2260c07dd44fe260f19f06bdd3a05dca53a6ea67ca343b1a6e3,md/16246.md,32417,8104
16254,https://www.mql5.com/en/articles/16254,MQL5 Wizard Techniques you should know (Part 45): Reinforcement Learning with Monte-Carlo,,2024-11-01T11:12Z,Trading systems,MetaTrader 5,[],MQL5 Wizard Techniques you should know (): Reinforcement Learning with Monte-Carlo,45,ok,,14f703354fb22290e1181d9a79cdfcca9d15dc4d26c1c0bd460929c19367d026,md/16254.md,33404,8351
16268,https://www.mql5.com/en/articles/16268,Developing Advanced ICT Trading Systems: Implementing Signals in the Order Blocks Indicator,,2025-10-03T14:34Z,Examples,MetaTrader 5,[],,,ok,,cc2ba0b6621d9c3478d52729550b9115f227abc08526595f5c2efdda882d7562,md/16268.md,65388,16347
16269,https://www.mql5.com/en/articles/16269,Neural Networks in Trading: Directional Diffusion Models (DDM),,2025-06-18T12:28Z,Trading systems,MetaTrader 5,[],,,ok,,e8a134fd0cf95fb6dbad1683f6e63bec7c4b359bd0ede8f5cb02d92c5f8248b9,md/16269.md,45817,11454
16271,https://www.mql5.com/en/articles/16271,From Basic to Intermediate: Random Access (II),,2026-07-20T13:02Z,Examples,MetaTrader 5,[],,,ok,,3342cc698398faeba7662ac66249db055743892ca11868373fb331aea78f41ba,md/16271.md,37643,9410
16273,https://www.mql5.com/en/articles/16273,Multiple Symbol Analysis With Python And MQL5 (Part II): Principal Components Analysis For Portfolio Optimization,,2024-11-07T13:41Z,Examples,MetaTrader 5,[],,,ok,,e9a140c2180b5bbf7b199c61f38e8e4e5cc55ce964dcb0129e411898869d05a6,md/16273.md,33622,8405
16276,https://www.mql5.com/en/articles/16276,Atomic Orbital Search (AOS) algorithm,,2025-06-24T11:17Z,Examples,MetaTrader 5,[],,,ok,,030dfb95f81e3e76a416cdaba04265fe56603a3f976638fcfc133247ba78e3fb,md/16276.md,72726,18181
16278,https://www.mql5.com/en/articles/16278,MQL5 Wizard Techniques you should know (Part 46): Ichimoku,,2024-11-07T13:52Z,Trading systems,MetaTrader 5,[],MQL5 Wizard Techniques you should know (): Ichimoku,46,ok,,05965fee321a6aa2c9f3ba1f8fbb8579f2f1f2210ca92c7a55726a0285e5cef6,md/16278.md,39999,9999
16280,https://www.mql5.com/en/articles/16280,Reimagining Classic Strategies (Part XI): Moving Average Cross Over (II),,2024-11-11T14:08Z,Trading systems,MetaTrader 5,[],,,ok,,5be394ea91c7eb3127efcb324bd0336ab816850632b0f1230ce1b78f0405af6e,md/16280.md,56730,14182
16285,https://www.mql5.com/en/articles/16285,Stepwise feature selection in MQL5,,2024-11-07T13:47Z,Statistics and analysis,MetaTrader 5,[],,,ok,,a43a7fb77771b25830e97f5bcb649903c5de72330ece7f2e6b4f3ad131e2d885,md/16285.md,67687,16921
16296,https://www.mql5.com/en/articles/16296,Training a multilayer perceptron using the Levenberg-Marquardt algorithm,,2025-06-19T11:19Z,Trading,MetaTrader 5,[],,,ok,,ace9617b60dcd26f4281152c416a6d61f28274901e060eaeb1e9ed00170716de,md/16296.md,50444,12611
16300,https://www.mql5.com/en/articles/16300,From Python to MQL5: A Journey into Quantum-Inspired Trading Systems,,2024-11-08T16:18Z,Trading,MetaTrader 5,[],,,ok,,84ac31e19996f85cccb6513fbd0cdd9fa22900d106f46eebb99d280c87fe4015,md/16300.md,33067,8266
16301,https://www.mql5.com/en/articles/16301,Trading with the MQL5 Economic Calendar (Part 2): Creating a News Dashboard Panel,,2024-11-11T15:02Z,Trading,MetaTrader 5,[],Trading with the MQL5 Economic Calendar (): Creating a News Dashboard Panel,2,ok,,6b17367bb95851420754105922ade73bafb80b8a91be469dbb41f5db9e32cfa4,md/16301.md,56667,14166
16303,https://www.mql5.com/en/articles/16303,MQL5 Wizard Techniques you should know (Part 47): Reinforcement Learning with Temporal Difference,,2024-11-12T08:19Z,Trading systems,MetaTrader 5,[],MQL5 Wizard Techniques you should know (): Reinforcement Learning with Temporal Difference,47,ok,,c6c4cb0970af01381158307e7eccd87ee4d46a93df21534975f108d7c9fbe128,md/16303.md,44918,11229
16306,https://www.mql5.com/en/articles/16306,Neural Networks in Trading: Hyperbolic Latent Diffusion Model (HypDiff),,2025-07-08T09:51Z,Trading systems,MetaTrader 5,[],,,ok,,8271ddcbef36ad86fe857826b9246df998b51d87330ef0df995c50d78fe5d68c,md/16306.md,49648,12412
16308,https://www.mql5.com/en/articles/16308,Moving Average in MQL5 from scratch: Plain and simple,,2025-06-30T12:34Z,Examples,MetaTrader 5,[],,,ok,,878591dd2095886406f0e4d1036f334b724fc069969d82cd6d86d00c842b0881,md/16308.md,72453,18113
16315,https://www.mql5.com/en/articles/16315,Atomic Orbital Search (AOS) algorithm: Modification,,2025-07-01T12:25Z,Tester,MetaTrader 5,[],,,ok,,8ba5bc663ca0b14e91aeefd5fd614e575ead223f92ab511928e319fe5b101269,md/16315.md,51225,12806
16322,https://www.mql5.com/en/articles/16322,From Basic to Intermediate: Navigating the Sandbox,,2026-09-03T12:57Z,Examples,MetaTrader 5,[],,,ok,,c53ae55e699acaee1e6fbbd80f9380c7eb5451841c3c32148f8f06fc5aa52434,md/16322.md,32612,8153
16323,https://www.mql5.com/en/articles/16323,Neural Networks in Trading: Hyperbolic Latent Diffusion Model (Final Part),,2025-07-08T14:53Z,Trading systems,MetaTrader 5,[],,,ok,,21db2209720529c0c7a2eb38f9c86569df7f0a2e27174c5d3f20aa88c771afb9,md/16323.md,51338,12834
16324,https://www.mql5.com/en/articles/16324,Client in Connexus (Part 7): Adding the Client Layer,,2024-11-14T14:02Z,Examples,MetaTrader 5,[],Client in Connexus (): Adding the Client Layer,7,ok,,cb9af6bca62f523acd1f58e7cf5ee0d2cfcca2c0d1f0b5bb728c43094e9b1b4e,md/16324.md,45176,11294
16328,https://www.mql5.com/en/articles/16328,Creating a Trading Administrator Panel in MQL5 (Part VI):Trade Management Panel (II),,2024-11-22T13:39Z,Examples,MetaTrader 5,[],,,ok,,9a33c838d466a0c113d1a5085d3550e42bf067245c25714acd87d68fe3bd6ceb,md/16328.md,91606,22901
16329,https://www.mql5.com/en/articles/16329,MQL5 Wizard Techniques you should know (Part 48): Bill Williams Alligator,,2024-11-15T16:56Z,Trading systems,MetaTrader 5,[],MQL5 Wizard Techniques you should know (): Bill Williams Alligator,48,ok,,cb01f864d85ac4da65e1da1a2edc5c1f1635a2130773911cd2e3e88326b75cbe,md/16329.md,33492,8373
16339,https://www.mql5.com/en/articles/16339,"Creating a Trading Administrator Panel in MQL5 (Part VII): Trusted User, Recovery and Cryptography",,2024-11-27T09:54Z,Examples,MetaTrader 5,[],,,ok,,ce0212763da820cf64106432c5e698768a41e7b2c084c921e2840ef5680d5756,md/16339.md,32029,8007
16340,https://www.mql5.com/en/articles/16340,"Elevate Your Trading With Smart Money Concepts (SMC): OB, BOS, and FVG",,2025-09-10T13:07Z,Examples,MetaTrader 5,[],,,ok,,0796ab496febf59e53147a1ddcc61b59a6ce2e2793a5a9eac8cfd2c9faadef27,md/16340.md,47214,11803
16356,https://www.mql5.com/en/articles/16356,Creating a Trading Administrator Panel in MQL5 (Part VIII): Analytics Panel,,2024-12-09T14:18Z,Examples,MetaTrader 5,[],,,ok,,92fc73f14b25472995f8d35fe3cc33f735fe2bc364d06224982546c0e1f1291a,md/16356.md,40270,10067
16357,https://www.mql5.com/en/articles/16357,Implementing the SHA-256 Cryptographic Algorithm from Scratch in MQL5,Abdulkudus Okatengwu Kadir,2025-01-20T14:05Z,Examples,MetaTrader 5,[],,,ok,,22f75d70eaa2ca8a7c1821e5367b909be522536315ce82b71255aca232e2a2be,md/16357.md,31063,7765
16360,https://www.mql5.com/en/articles/16360,Neural Networks in Trading: Optimizing the Transformer for Time Series Forecasting (LSEAttention),,2025-07-14T09:33Z,Trading systems,MetaTrader 5,[],,,ok,,c0d6d9e33b728a665300cd65c48f8cbb4442bbef04992210c5f24cd89e18298f,md/16360.md,43491,10872
16364,https://www.mql5.com/en/articles/16364,Arithmetic Optimization Algorithm (AOA): From AOA to SOA (Simple Optimization Algorithm),,2025-07-08T13:30Z,Tester,MetaTrader 5,[],,,ok,,4ec4f0add00056d16aaed9306e8dc6cc01ce649125906b0cf04433f3fbada66e,md/16364.md,68701,17175
16365,https://www.mql5.com/en/articles/16365,Automating Trading Strategies in MQL5 (Part 1): The Profitunity System (Trading Chaos by Bill Williams),,2024-11-20T14:56Z,Trading,MetaTrader 5,[],Automating Trading Strategies in MQL5 (): The Profitunity System (Trading Chaos by Bill Williams),1,ok,,9c8c04b5ebd5966d3f79620f7e814ea975036615640c0bec70d6884eb508eacf,md/16365.md,70920,17730
16373,https://www.mql5.com/en/articles/16373,Developing a multi-currency Expert Advisor (Part 21): Preparing for an important experiment and optimizing the code,,2025-09-15T15:48Z,Tester,MetaTrader 5,[],Developing a multi-currency Expert Advisor (): Preparing for an important experiment and optimizing the code,21,ok,,7a510483ad52c595a107b51a62e9743db4f364fab951ed83cd18bae480c0ad09,md/16373.md,80330,20082
16377,https://www.mql5.com/en/articles/16377,Connexus Observer (Part 8): Adding a Request Observer,,2024-11-20T14:49Z,Examples,MetaTrader 5,[],Connexus Observer (): Adding a Request Observer,8,ok,,09e80b6258d39abf379c0e8cb7a5f9d91e731cc69f80f2188f49525134b15775,md/16377.md,34753,8688
16380,https://www.mql5.com/en/articles/16380,"Trading with the MQL5 Economic Calendar (Part 3): Adding Currency, Importance, and Time Filters",,2024-11-29T10:30Z,Trading,MetaTrader 5,[],"Trading with the MQL5 Economic Calendar (): Adding Currency, Importance, and Time Filters",3,ok,,d3c77e5ad43df19b74e8bbd215c5be15411761b76d5672cc71458bdba67ec61f,md/16380.md,34887,8721
16386,https://www.mql5.com/en/articles/16386,Trading with the MQL5 Economic Calendar (Part 4): Implementing Real-Time News Updates in the Dashboard,,2024-12-03T11:22Z,Trading,MetaTrader 5,[],Trading with the MQL5 Economic Calendar (): Implementing Real-Time News Updates in the Dashboard,4,ok,,48501b9afbd63a9e99223ec9766ccfbe7e10e7d68bcd2f13380627502dbc2dd0,md/16386.md,41578,10394
16388,https://www.mql5.com/en/articles/16388,Neural Networks in Trading: Enhancing Transformer Efficiency by Reducing Sharpness (SAMformer),,2025-07-21T14:15Z,Trading systems,MetaTrader 5,[],,,ok,,b711bfebf2aed956a4c09ca6648eda06a3447f1619b899c32bbf608a6e951df7,md/16388.md,39682,9920
16390,https://www.mql5.com/en/articles/16390,"Data Science and ML (Part 32): Keeping your AI models updated, Online Learning",,2024-11-21T09:46Z,Statistics and analysis,MetaTrader 5,[],"Data Science and ML (): Keeping your AI models updated, Online Learning",32,ok,,733c0ab6e88f953d41b07fedcf65e8c2f1950c3868bba87f47cee4fd4d5897af,md/16390.md,53703,13425
16403,https://www.mql5.com/en/articles/16403,Neural Networks in Trading: Enhancing Transformer Efficiency by Reducing Sharpness (Final Part),,2025-08-11T14:24Z,Examples,MetaTrader 5,[],,,ok,,aea3ebffad39b26da5cee91bb5eb1333e97628bc06bcd6d265a561355e14585f,md/16403.md,56168,14042
16404,https://www.mql5.com/en/articles/16404,Trading with the MQL5 Economic Calendar (Part 5): Enhancing the Dashboard with Responsive Controls and Filter Buttons,,2024-12-09T09:37Z,Trading,MetaTrader 5,[],Trading with the MQL5 Economic Calendar (): Enhancing the Dashboard with Responsive Controls and Filter Buttons,5,ok,,7c03d228faea0672c219f3eab06f610b39a674a4859247e9ed266823db042fdb,md/16404.md,79136,19784
16416,https://www.mql5.com/en/articles/16416,Mutual information as criteria for Stepwise Feature Selection,,2024-11-21T09:53Z,Statistics and analysis,MetaTrader 5,[],,,ok,,3a863591b90a5d3df8a37edfa2ca787f482aa9303868df4c317134a49009ecc4,md/16416.md,89581,22395
16418,https://www.mql5.com/en/articles/16418,From Basic to Intermediate: Like Bubbles,,2026-09-04T09:00Z,Examples,MetaTrader 5,[],,,ok,,14b73d15dbc8a66d7e7b3fde97ce89d6d00a54fe0dd5c9e80e33b35cdbb183fa,md/16418.md,51004,12751
16428,https://www.mql5.com/en/articles/16428,Generative Adversarial Networks (GANs) for Synthetic Data in Financial Modeling (Part 2): Creating Synthetic Symbol for Testing,,2025-01-31T12:50Z,Machine learning,MetaTrader 5,[],Generative Adversarial Networks (GANs) for Synthetic Data in Financial Modeling (): Creating Synthetic Symbol for Testing,2,ok,,65469f606d52fecf007284bd53add62403ee59c29a8091f81a551f0df9479e90,md/16428.md,23822,5955
16434,https://www.mql5.com/en/articles/16434,Price Action Analysis Toolkit Development (Part 3): Analytics Master — EA,,2024-11-29T14:02Z,Examples,MetaTrader 5,[],Price Action Analysis Toolkit Development (): Analytics Master — EA,3,ok,,b00dd14791acde3325d3a45b3c19a4b5d93d00e9f15462e688461a02231f12a7,md/16434.md,40381,10095
16439,https://www.mql5.com/en/articles/16439,Neural Networks in Trading: A Parameter-Efficient Transformer with Segmented Attention (PSformer),,2025-08-13T10:37Z,Trading systems,MetaTrader 5,[],,,ok,,178c2ed410acde1293b95c39a14e5c65affaeceffa363e0de5ecf9010b8714a8,md/16439.md,42079,10519
16443,https://www.mql5.com/en/articles/16443,Population ADAM (Adaptive Moment Estimation),,2025-07-23T13:36Z,Examples,MetaTrader 5,[],,,ok,,c208d9181ddcb27b73b12c7d68ba4ac4ebb8349ede549984cb64fa120b1f30dc,md/16443.md,59528,14882
16445,https://www.mql5.com/en/articles/16445,Trading Insights Through Volume: Moving Beyond OHLC Charts,,2024-11-25T10:38Z,Examples,MetaTrader 5,[],,,ok,,34bba9d1243c523e1b07c96f350138805dc118c5d9679b5e2b36bf95eb160c51,md/16445.md,29249,7312
16446,https://www.mql5.com/en/articles/16446,Integrating MQL5 with data processing packages (Part 4): Big Data Handling,,2024-12-18T08:33Z,Examples,MetaTrader 5,[],Integrating MQL5 with data processing packages (): Big Data Handling,4,ok,,5cf96cf7e0069c415a6e6cf0e66a67e7d53defa0f70839fd027457ed5532e102,md/16446.md,33484,8371
16447,https://www.mql5.com/en/articles/16447,Mastering Log Records (Part 1): Fundamental Concepts and First Steps in MQL5,,2024-11-27T11:38Z,Examples,MetaTrader 5,[],Mastering Log Records (): Fundamental Concepts and First Steps in MQL5,1,ok,,7e2379b9c82e9b511a9c291c2a26149dea2557f8eca3a6ff290f880d28722a1c,md/16447.md,36674,9168
16448,https://www.mql5.com/en/articles/16448,MQL5 Wizard Techniques you should know (Part 49): Reinforcement Learning with Proximal Policy Optimization,,2024-11-26T13:26Z,Trading systems,MetaTrader 5,[],MQL5 Wizard Techniques you should know (): Reinforcement Learning with Proximal Policy Optimization,49,ok,,4e893dc7d53edf753861339d7af6c28a12414f74b7ce43b3c8572c41e4fb7223,md/16448.md,38069,9517
16452,https://www.mql5.com/en/articles/16452,Developing a multi-currency Expert Advisor (Part 22): Starting the transition to hot swapping of settings,,2025-11-07T11:17Z,Tester,MetaTrader 5,[],Developing a multi-currency Expert Advisor (): Starting the transition to hot swapping of settings,22,ok,,95d7d625729be2c537e2b32aef24f099ced4c8ae71f321dd80b13c542352fbff,md/16452.md,85156,21289
16457,https://www.mql5.com/en/articles/16457,Creating a mean-reversion strategy based on machine learning,,2026-01-08T15:32Z,Trading,MetaTrader 5,[],,,ok,,895b2387856346fe2c52705593dda65be9e04c6948307a4d0b41ba11362d540f,md/16457.md,108048,27012
16461,https://www.mql5.com/en/articles/16461,Market Profile indicator,,2025-07-14T11:49Z,Examples,MetaTrader 5,[],,,ok,,73b841c2add555988b5f94652f48d6767d345f640ed6bed0f0b1cc40836ecf73,md/16461.md,39613,9903
16469,https://www.mql5.com/en/articles/16469,How to build and optimize a volume-based trading system (Chaikin Money Flow - CMF),,2024-12-17T16:25Z,Trading,MetaTrader 5,[],,,ok,,858ac33bb17f9c6047ea83e543af94f70ee89dbd3f91c7458371d2126329e005,md/16469.md,49330,12332
16473,https://www.mql5.com/en/articles/16473,Non-linear regression models on the stock exchange,,2025-07-11T15:12Z,Trading systems,MetaTrader 5,[],,,ok,,3e10d2b2ceacaaf6b755ae8dc312eceb61828df1a3aadd784c93abab92579841,md/16473.md,57741,14435
16483,https://www.mql5.com/en/articles/16483,Neural Networks in Trading: Parameter-Efficient Transformer with Segmented Attention (Final Part),,2025-08-14T12:31Z,Trading systems,MetaTrader 5,[],,,ok,,1111f398cc2412258bf91373fe3baf451df6aff11611d4f1ea774ec7afd2d8a5,md/16483.md,39588,9897
16487,https://www.mql5.com/en/articles/16487,Utilizing CatBoost Machine Learning model as a Filter for Trend-Following Strategies,,2024-12-09T11:06Z,Integration,MetaTrader 5,[],,,ok,,8c2a807fbf4511b4d90d179a183126f2f323037bca41112bb2ca58588889a3e4,md/16487.md,39304,9826
16494,https://www.mql5.com/en/articles/16494,Cycles and trading,,2025-07-15T10:11Z,Tester,MetaTrader 5,[],,,ok,,01b10b52a375278f8712317b2e0f30dc6d9ed4446b6e86d7405d7349995b2068,md/16494.md,24263,6065
16500,https://www.mql5.com/en/articles/16500,Portfolio Risk Model using Kelly Criterion and Monte Carlo Simulation,,2024-12-12T13:49Z,Trading,MetaTrader 5,[],,,ok,,19d882994d8c3ce779d43b7914bd65e25bcdee96ea85357615d4d6a3a26fc94a,md/16500.md,25670,6417
16502,https://www.mql5.com/en/articles/16502,MQL5 Wizard Techniques you should know (Part 50): Awesome Oscillator,,2024-11-29T10:33Z,Trading systems,MetaTrader 5,[],MQL5 Wizard Techniques you should know (): Awesome Oscillator,50,ok,,cd0e88a52f5fe5f0f94a0a6bccc83e186172c164419ef5c6947eff5fe4f9b6b1,md/16502.md,37084,9271
16514,https://www.mql5.com/en/articles/16514,Introduction to MQL5 (Part 10): A Beginner's Guide to Working with Built-in Indicators in MQL5,,2024-12-04T09:45Z,Trading,MetaTrader 5,[],Introduction to MQL5 (): A Beginner's Guide to Working with Built-in Indicators in MQL5,10,ok,,1f91dcd2e9e4218268221aa8deac8350ae4a66db9991e00ad120a55eb0cc5d34,md/16514.md,83892,20973
16515,https://www.mql5.com/en/articles/16515,Expert Advisor based on the universal MLP approximator,,2025-08-01T14:18Z,Examples,MetaTrader 5,[],,,ok,,dd3260b6c4dd072c60a26ff7e7d9085a5a8b1c95ebc43a795484b8e5e2a64fc1,md/16515.md,52164,13041
16518,https://www.mql5.com/en/articles/16518,The Liquidity Grab Trading Strategy,,2025-01-20T12:46Z,Examples,MetaTrader 5,[],,,ok,,446c31c431e1780cbd151928832387942f04f4df9837ec389b65c5f219123784,md/16518.md,26675,6668
16528,https://www.mql5.com/en/articles/16528,MQL5 Trading Toolkit (Part 4): Developing a History Management EX5 Library,,2024-12-09T13:39Z,Examples,MetaTrader 5,[],MQL5 Trading Toolkit (): Developing a History Management EX5 Library,4,ok,,8830d4f829150509aaba706318360cdbe649feebe64834dd1710d6159401dfc3,md/16528.md,94405,23601
16537,https://www.mql5.com/en/articles/16537,Neural Networks in Trading: A Multi-Agent Self-Adaptive Model (MASA),,2025-08-26T12:36Z,Trading systems,MetaTrader 5,[],,,ok,,fa63fddfb19cee2240c2715ae1f62dd73e5134d74910f32f3b3e61392d23bcd5,md/16537.md,44901,11225
16539,https://www.mql5.com/en/articles/16539,Creating a Trading Administrator Panel in MQL5 (Part IX): Code Organization (I),,2025-02-10T13:10Z,Examples,MetaTrader 5,[],,,ok,,fc580a390a7da10551b3b02c082f8906ee4cd69f739dd1075cb4c234b077f715,md/16539.md,65505,16376
16549,https://www.mql5.com/en/articles/16549,Building a Candlestick Trend Constraint Model (Part 9): Multiple Strategies Expert Advisor (III),,2024-12-16T13:59Z,Examples,MetaTrader 5,[],Building a Candlestick Trend Constraint Model (): Multiple Strategies Expert Advisor (III),9,ok,,a4d43088d479dbe477809bdac2998a71e2dd64a7ee9756484bd052f56d1eb864,md/16549.md,50298,12574
16555,https://www.mql5.com/en/articles/16555,"Creating 3D bars based on time, price and volume",,2025-07-21T13:51Z,Integration,MetaTrader 5,[],,,ok,,1cec4ee0555ffcaa44ec846378ffb3228adefb74c4b8e1bddcb466680865de87,md/16555.md,59566,14891
16559,https://www.mql5.com/en/articles/16559,Price Action Analysis Toolkit Development Part (4): Analytics Forecaster EA,,2024-12-06T14:10Z,Integration,MetaTrader 5,[],,,ok,,fdc461787216e5e2c8f6cbb1b560f8786f57767eb10fea0886b8c2adaa94ab1e,md/16559.md,41900,10475
16560,https://www.mql5.com/en/articles/16560,Price Action Analysis Toolkit Development (Part 5): Volatility Navigator EA,,2024-12-16T13:40Z,Examples,MetaTrader 5,[],Price Action Analysis Toolkit Development (): Volatility Navigator EA,5,ok,,88f9559a93647efb0f29b5b58de7c5dc65edb240755e0570761b525b7c713703,md/16560.md,39942,9985
16562,https://www.mql5.com/en/articles/16562,Creating a Trading Administrator Panel in MQL5 (Part IX): Code Organization (II): Modularization,,2025-02-14T12:09Z,Examples,MetaTrader 5,[],,,ok,,7a8600307d477c815194850137bc1da20c27442e905c4436dff81acfe6d362f7,md/16562.md,51997,12999
16563,https://www.mql5.com/en/articles/16563,Developing A Swing Entries Monitoring (EA),,2025-01-14T08:46Z,Examples,MetaTrader 5,[],,,ok,,e8794f313f99a02d66f1fb4eb8a2b403e5edc48894a5bee061dd5bba9b8170a3,md/16563.md,47111,11777
16569,https://www.mql5.com/en/articles/16569,Reimagining Classic Strategies (Part 12): EURUSD Breakout Strategy,,2024-12-06T15:54Z,Examples,MetaTrader 5,[],Reimagining Classic Strategies (): EURUSD Breakout Strategy,12,ok,,f0eb56c87b66b9a9ab63bfef42f3df8b06036f12277aad0afa6b2ffc60433288,md/16569.md,68931,17232
16570,https://www.mql5.com/en/articles/16570,Neural Networks in Trading: A Multi-Agent Self-Adaptive Model (Final Part),,2025-09-01T06:05Z,Trading systems,MetaTrader 5,[],,,ok,,a84bb23415a05a66fec10fa4f4b93090ada01613c02fc74ad76a2d34bd7a377f,md/16570.md,52760,13190
16573,https://www.mql5.com/en/articles/16573,Trading Insights Through Volume: Trend Confirmation,,2024-12-06T15:49Z,Trading systems,MetaTrader 5,[],,,ok,,dad740f6255396c2026aa9240312ece693d1fa4f31752fde5d89d2bfe06f0e87,md/16573.md,23122,5780
16579,https://www.mql5.com/en/articles/16579,Market Profile indicator (Part 2): Optimization and rendering on canvas,,2025-07-29T12:31Z,Examples,MetaTrader 5,[],Market Profile indicator (): Optimization and rendering on canvas,2,ok,,e2b59d19bcd1c23f0a22dd38dfa4a1c7a645be8270d319fbe843e7c6397a11ec,md/16579.md,51449,12862
16580,https://www.mql5.com/en/articles/16580,Algorithmic trading based on 3D reversal patterns,,2025-07-30T10:15Z,Integration,MetaTrader 5,[],,,ok,,2ff33e58a4d8b31c599c1213c96cb3b6397900ab0cc683a0879484f6882306f0,md/16580.md,48770,12192
16584,https://www.mql5.com/en/articles/16584,Price Action Analysis Toolkit Development (Part 8): Metrics Board,,2025-01-23T09:34Z,Trading,MetaTrader 5,[],Price Action Analysis Toolkit Development (): Metrics Board,8,ok,,8d79ab3225c35254ad406196bc1a4f8f57c0f8f1e648ba8d3e1aca7f0ab26bc4,md/16584.md,46571,11642
16588,https://www.mql5.com/en/articles/16588,Artificial Tribe Algorithm (ATA),,2025-08-26T11:59Z,Examples,MetaTrader 5,[],,,ok,,c8f1faa6d48ebe1081ede65f5ef0bef8d9219a34a0d61a2c055180a7cf5eb30e,md/16588.md,49361,12340
16599,https://www.mql5.com/en/articles/16599,Neural Networks in Trading: An Ensemble of Agents with Attention Mechanisms (MASAAT),,2025-09-08T10:15Z,Trading systems,MetaTrader 5,[],,,ok,,a32f2a1feeccecfabdd7f31b22cc2b743dd39e330b31454fcf08eb16486372fe,md/16599.md,43025,10756
16604,https://www.mql5.com/en/articles/16604,Portfolio optimization in Forex: Synthesis of VaR and Markowitz theory,,2025-07-31T13:21Z,Trading systems,MetaTrader 5,[],,,ok,,dc265208457ecb1b0a4fd14ca692c330bf25f9c282fd31fde62f6edce989e999,md/16604.md,58320,14580
16614,https://www.mql5.com/en/articles/16614,Mastering File Operations in MQL5: From Basic I/O to Building a Custom CSV Reader,,2024-12-18T11:53Z,Indicators,MetaTrader 5,[],,,ok,,b23a19e5bf562e9ea27ef11f7dddf2fc5c7f93cf8033dfc705a9d39557440b21,md/16614.md,45834,11458
16630,https://www.mql5.com/en/articles/16630,Ensemble methods to enhance numerical predictions in MQL5,,2024-12-13T14:46Z,Statistics and analysis,MetaTrader 5,[],,,ok,,c2b594310faef99bb782313fa8902f378cdc52e7f4a9cebd6b2e67ef3503890d,md/16630.md,86680,21670
16631,https://www.mql5.com/en/articles/16631,Neural Networks in Trading: An Ensemble of Agents with Attention Mechanisms (Final Part),,2025-09-15T12:01Z,Trading systems,MetaTrader 5,[],,,ok,,7a09241a664ae2419d6315ff8ec5b81c43c4c25c10d7f35e1c5a3edbcdd35dbb,md/16631.md,54384,13596
16633,https://www.mql5.com/en/articles/16633,Building a Candlestick Trend Constraint Model (Part 10): Strategic Golden and Death Cross (EA),,2024-12-19T15:54Z,Examples,MetaTrader 5,[],Building a Candlestick Trend Constraint Model (): Strategic Golden and Death Cross (EA),10,ok,,96168a1c14f3d93a173257c21e9474ca3aff1c7ff050f9359bb0cf9fb94796fa,md/16633.md,55381,13845
16643,https://www.mql5.com/en/articles/16643,Build Self Optimizing Expert Advisors in MQL5 (Part 2): USDJPY Scalping Strategy,,2024-12-17T12:30Z,Examples,MetaTrader 5,[],Build Self Optimizing Expert Advisors in MQL5 (): USDJPY Scalping Strategy,2,ok,,8e6d55fc161ef49efd0221b9581957124337ce05c89f8038926467d6a3088a17,md/16643.md,41514,10378
16655,https://www.mql5.com/en/articles/16655,Black Hole Algorithm (BHA),,2025-09-02T10:27Z,Examples,MetaTrader 5,[],,,ok,,e7dee110aa320dde1a69c4dd5c65cd02157872de9ed0bc9dac9b712813f6f616,md/16655.md,45866,11466
16657,https://www.mql5.com/en/articles/16657,Automating Trading Strategies in MQL5 (Part 2): The Kumo Breakout System with Ichimoku and Awesome Oscillator,,2024-12-17T14:31Z,Trading,MetaTrader 5,[],Automating Trading Strategies in MQL5 (): The Kumo Breakout System with Ichimoku and Awesome Oscillator,2,ok,,c9438f2461bdfa4c99eafcd23169bd08c5493fd64e63ded86af2100c5863953c,md/16657.md,53710,13427
16659,https://www.mql5.com/en/articles/16659,The Inverse Fair Value Gap Trading Strategy,,2025-01-28T12:23Z,Examples,MetaTrader 5,[],,,ok,,da5ce7a7b374eb5f13463f826c08c5a59b6ee426990b51690548d87dd4573667,md/16659.md,30510,7627
16667,https://www.mql5.com/en/articles/16667,Multi-module trading robot in Python and MQL5 (Part I): Creating basic architecture and first modules,,2025-08-28T11:44Z,Trading systems,MetaTrader 5,[],,,ok,,802c7989fdef37caea5e81b2b9f736ecaf267e1051dd47bd7333f36d92c23aed,md/16667.md,52022,13005
16678,https://www.mql5.com/en/articles/16678,Trend criteria in trading,,2025-08-27T10:49Z,Trading,MetaTrader 5,[],,,ok,,f7217638206dc01719ef5be5060712d3cf05eaf8c195fa234816ef5cfd59f375,md/16678.md,23522,5880
16681,https://www.mql5.com/en/articles/16681,MQL5 Trading Toolkit (Part 5): Expanding the History Management EX5 Library with Position Functions,,2024-12-20T12:43Z,Examples,MetaTrader 5,[],MQL5 Trading Toolkit (): Expanding the History Management EX5 Library with Position Functions,5,ok,,83fed52ddd49fb7834e9d11430c330ab49bfe2e38c10cfb108837c6efc31c941,md/16681.md,52352,13088
16682,https://www.mql5.com/en/articles/16682,Integrating Discord with MetaTrader 5: Building a Trading Bot with Real-Time Notifications,,2024-12-18T13:40Z,Integration,MetaTrader 5,[],,,ok,,c80bd150e2ad5dfc372217381da1cbc5fa91df81616686d0f2050e61769e689e,md/16682.md,25701,6425
16686,https://www.mql5.com/en/articles/16686,Neural Networks in Trading: A Hybrid Trading Framework with Predictive Coding (StockFormer),,2025-09-16T09:25Z,Trading systems,MetaTrader 5,[],,,ok,,1b9df55246ae264a6332b91b511eaf1af06742173f4f1bf1ff6842eca950f9ad,md/16686.md,56891,14222
16695,https://www.mql5.com/en/articles/16695,MQL5 Wizard Techniques you should know (Part 51): Reinforcement Learning with SAC,,2024-12-19T12:57Z,Trading systems,MetaTrader 5,[],MQL5 Wizard Techniques you should know (): Reinforcement Learning with SAC,51,ok,,dd50ba90bdd17ca4361a44c8bf21d936f603b463d93e68e0033cee329c25aef4,md/16695.md,48007,12001
16700,https://www.mql5.com/en/articles/16700,Price Action Analysis Toolkit Development (Part 6): Mean Reversion Signal Reaper,,2024-12-20T12:49Z,Trading systems,MetaTrader 5,[],Price Action Analysis Toolkit Development (): Mean Reversion Signal Reaper,6,ok,,8dbe869f773eb4e615ce824a6e6c7b14fe5aeee8dd1526ea63254329e1e55f13,md/16700.md,40590,10147
16701,https://www.mql5.com/en/articles/16701,Big Bang - Big Crunch (BBBC) algorithm,,2025-09-08T11:28Z,Examples,MetaTrader 5,[],,,ok,,9505c0faea7cbe36e70865d64f8f85e44aea0eae27a6440fb2e8633915bf41b3,md/16701.md,50709,12677
16705,https://www.mql5.com/en/articles/16705,Automating Trading Strategies in MQL5 (Part 3): The Zone Recovery RSI System for Dynamic Trade Management,,2024-12-20T13:07Z,Trading,MetaTrader 5,[],Automating Trading Strategies in MQL5 (): The Zone Recovery RSI System for Dynamic Trade Management,3,ok,,4863c479c1516667367f76e8221621c4f62714e120c22ec9b9599da3856aeb98,md/16705.md,71999,17999
16713,https://www.mql5.com/en/articles/16713,Neural Networks in Trading: A Hybrid Trading Framework with Predictive Coding (Final Part),,2025-10-06T08:19Z,Trading systems,MetaTrader 5,[],,,ok,,8ece2dff1c072d1651329c2809974898354a5ac7237beed3aadf77c0e909e5ab,md/16713.md,55304,13826
16719,https://www.mql5.com/en/articles/16719,Trend strength and direction indicator on 3D bars,,2025-09-05T12:20Z,Trading,MetaTrader 5,[],,,ok,,a18412f8716a87974c76275ad0aa19ebee68c02193946d51e1190b2862c4e875,md/16719.md,37374,9343
16729,https://www.mql5.com/en/articles/16729,Chaos optimization algorithm (COA),,2026-04-14T10:42Z,Examples,MetaTrader 5,[],,,ok,,cbaab11bc08fffd6fb3c1a748265cd0b8f99e6e4e86097fd92762240b86b1d60,md/16729.md,51138,12784
16741,https://www.mql5.com/en/articles/16741,Analyzing binary code of prices on the exchange (Part I): A new look at technical analysis,,2025-08-26T10:17Z,Indicators,MetaTrader 5,[],,,ok,,8232ec35cf8622ca04fe5a27c8d123cf0dff36c66396b8a17a1bdd0e5a4cb3fe,md/16741.md,47571,11892
16742,https://www.mql5.com/en/articles/16742,MQL5 Trading Toolkit (Part 6): Expanding the History Management EX5 Library with the Last Filled Pending Order Functions,,2025-01-15T16:20Z,Examples,MetaTrader 5,[],MQL5 Trading Toolkit (): Expanding the History Management EX5 Library with the Last Filled Pending Order Functions,6,ok,,e3e98b93c40649c392005dcc4b5b5480644fbd3bddde5956d2cc33905574b030,md/16742.md,40443,10110
16747,https://www.mql5.com/en/articles/16747,Neural Networks in Trading: Models Using Wavelet Transform and Multi-Task Attention,,2025-10-07T09:01Z,Trading systems,MetaTrader 5,[],,,ok,,7b5cd938b6763cbb97271c459c2e328491136b171d6ac0f1d2d3904ddecf5b6d,md/16747.md,37860,9465
16752,https://www.mql5.com/en/articles/16752,Developing a Calendar-Based News Event Breakout Expert Advisor in MQL5,,2025-01-21T15:22Z,Examples,MetaTrader 5,[],,,ok,,3178d7ddc91a493b2d28b0f4202a80b1d27ffb73855a7a849816157749ed91b5,md/16752.md,50391,12597
16757,https://www.mql5.com/en/articles/16757,Neural Networks in Trading: Models Using Wavelet Transform and Multi-Task Attention (Final Part),,2025-10-08T09:53Z,Trading systems,MetaTrader 5,[],,,ok,,07fd194ccee429896ad304a540d5c796f256d8eaf03fa839d268fb6ddf21ebee,md/16757.md,44184,11046
16758,https://www.mql5.com/en/articles/16758,Reimagining Classic Strategies (Part 13): Minimizing The Lag in Moving Average Cross-Overs,,2025-01-13T09:01Z,Examples,MetaTrader 5,[],Reimagining Classic Strategies (): Minimizing The Lag in Moving Average Cross-Overs,13,ok,,72bb41ee7fb45cf9e91fd4001f4c3af5f3bf97a082b5d07f5e7117b745826952,md/16758.md,42079,10519
16779,https://www.mql5.com/en/articles/16779,Polynomial models in trading,,2025-09-09T08:34Z,Trading,MetaTrader 5,[],,,ok,,2e4402c924336083e1a9f88bccbb56aa98ecbd7f9d67e2cfce2fec522986baf1,md/16779.md,22863,5715
16781,https://www.mql5.com/en/articles/16781,MQL5 Wizard Techniques you should know (Part 52): Accelerator Oscillator,,2025-01-13T13:29Z,Trading systems,MetaTrader 5,[],MQL5 Wizard Techniques you should know (): Accelerator Oscillator,52,ok,,6a32cd2e604ba76f295da0d8acab1a09e604ef9e2f3e16e717dcb46c41728bd8,md/16781.md,34587,8646
16791,https://www.mql5.com/en/articles/16791,Mastering JSON: Create Your Own JSON Reader from Scratch in MQL5,,2025-02-13T09:09Z,Integration,MetaTrader 5,[],,,ok,,9a7a95e32700caefec46092e6dc7b09c07351aed9f4ba76b1422321aa91531bd,md/16791.md,77950,19487
16804,https://www.mql5.com/en/articles/16804,Neural Networks in Trading: An Agent with Layered Memory,,2025-10-13T12:26Z,Trading systems,MetaTrader 5,[],,,ok,,b09bdefab7952afd18a6388854c285434c0d0551da1a595e6eb53c49a4e8b87d,md/16804.md,38872,9718
16816,https://www.mql5.com/en/articles/16816,Neural Networks in Trading: An Agent with Layered Memory (Final Part),,2025-10-17T06:03Z,Trading systems,MetaTrader 5,[],,,ok,,ff14e345b04f1bb6e26ad503dda965a436902bc7e16eda5144b616de68991f46,md/16816.md,56197,14049
16820,https://www.mql5.com/en/articles/16820,Risk Management (Part 1): Fundamentals for Building a Risk Management Class,,2025-10-14T15:07Z,Examples,MetaTrader 5,[],Risk Management (): Fundamentals for Building a Risk Management Class,1,ok,,7b47b76d7021df4a5318e7efcb5f1ba8c9a2feede0bebeb87ecf28badfc9803c,md/16820.md,49629,12407
16830,https://www.mql5.com/en/articles/16830,Hidden Markov Models for Trend-Following Volatility Prediction,,2025-01-16T11:48Z,Trading,MetaTrader 5,[],,,ok,,8954011c538bcef064d6affb8cbdf92577e12efd70250dc5b9896b8fe7fa84b8,md/16830.md,44583,11145
16833,https://www.mql5.com/en/articles/16833,Mastering Log Records (Part 2): Formatting Logs,,2025-01-16T09:46Z,Examples,MetaTrader 5,[],Mastering Log Records (): Formatting Logs,2,ok,,75f9a3e2a560f49175961f49e9cc36c80ca11762970ddb44c0192defbb9df8dd,md/16833.md,55190,13797
16838,https://www.mql5.com/en/articles/16838,Ensemble methods to enhance classification tasks in MQL5,,2025-01-13T09:08Z,Statistics and analysis,MetaTrader 5,[],,,ok,,dd9d13143b80ec77e01414756410874988093a3598bf6174101c0cc3243c4fe7,md/16838.md,158771,39692
16845,https://www.mql5.com/en/articles/16845,Functions for activating neurons during training: The key to fast convergence?,,2025-09-19T13:12Z,Examples,MetaTrader 5,[],,,ok,,a3d7755ce1b02326cc497657456698f1a0763c1340814fc5a0e6a296871f7224,md/16845.md,88969,22242
16850,https://www.mql5.com/en/articles/16850,"Neural Networks in Trading: A Multimodal, Tool-Augmented Agent for Financial Markets (FinAgent)",,2025-10-21T13:32Z,Trading systems,MetaTrader 5,[],,,ok,,c9337eac9b1cacb6ee1c6dfddd6a6f4627f232acd7c08002e6f562fef870dd02,md/16850.md,40316,10079
16856,https://www.mql5.com/en/articles/16856,Build Self Optimizing Expert Advisors in MQL5  (Part 3): Dynamic Trend Following and Mean Reversion Strategies,,2025-01-14T08:40Z,Examples,MetaTrader 5,[],Build Self Optimizing Expert Advisors in MQL5  (): Dynamic Trend Following and Mean Reversion Strategies,3,ok,,b1dc92235ff538e07231266293879f955b9c3ff396b2a1a1ce4e175586626069,md/16856.md,53651,13412
16861,https://www.mql5.com/en/articles/16861,Price Action Analysis Toolkit Development (Part 7): Signal Pulse EA,,2025-01-16T11:34Z,Examples,MetaTrader 5,[],Price Action Analysis Toolkit Development (): Signal Pulse EA,7,ok,,50f358ce6fb91c4f7754d2e464ca93dfebef10655377a981c25f0a01c3836173,md/16861.md,39677,9919
16866,https://www.mql5.com/en/articles/16866,Mastering Log Records (Part 3): Exploring Handlers to Save Logs,,2025-01-17T09:57Z,Examples,MetaTrader 5,[],Mastering Log Records (): Exploring Handlers to Save Logs,3,ok,,911e92fee102d8eeaaa18ff2537a7e36f90fddb5d78f5f49b601bbee79443b94,md/16866.md,39526,9881
16867,https://www.mql5.com/en/articles/16867,"Neural Networks in Trading: A Multimodal, Tool-Augmented Agent for Financial Markets (Final Part)",,2025-10-23T08:12Z,Trading systems,MetaTrader 5,[],,,ok,,a7c4f1afe6a5a1b140acb8a4a8dfc6470aed5bc3d6f224e50d1cd73bbeff7698,md/16867.md,50906,12726
16877,https://www.mql5.com/en/articles/16877,Cyclic Parthenogenesis Algorithm (CPA),,2025-09-29T09:34Z,Tester,MetaTrader 5,[],,,ok,,761c7e62313ad6fce6a1ee40afd7085bc85d28ed7b54298ad9b488488e116b00,md/16877.md,49447,12361
16879,https://www.mql5.com/en/articles/16879,Quantum computing and trading: A fresh approach to price forecasts,,2025-09-17T11:37Z,Trading systems,MetaTrader 5,[],,,ok,,ae162036805bc5baf1218c285d44b2a279a06b9d92730232b42f6b10f3be50ce,md/16879.md,49299,12324
16894,https://www.mql5.com/en/articles/16894,Neuro-symbolic systems in algorithmic trading: Combining symbolic rules and neural networks,,2025-09-22T10:24Z,Trading systems,MetaTrader 5,[],,,ok,,7c31a56783b92bd9fdc335239265476ce4cff2d52161c5254a4ec34fdee32711,md/16894.md,24126,6031
16906,https://www.mql5.com/en/articles/16906,MQL5 Trading Toolkit (Part 7): Expanding the History Management EX5 Library with the Last Canceled Pending Order Functions,,2025-01-23T09:51Z,Examples,MetaTrader 5,[],MQL5 Trading Toolkit (): Expanding the History Management EX5 Library with the Last Canceled Pending Order Functions,7,ok,,b08aca97e2a9cc2edfb10b5ac8f8c2cacf84b28183ba795cefc112b0fc4a7331,md/16906.md,39375,9843
16913,https://www.mql5.com/en/articles/16913,Developing a multi-currency Expert Advisor (Part 23): Putting in order the conveyor of automatic project optimization stages (II),,2025-11-26T11:02Z,Tester,MetaTrader 5,[],Developing a multi-currency Expert Advisor (): Putting in order the conveyor of automatic project optimization stages (II),23,ok,,d77c82d3e4cc80f0f2f244edd8314b03a8a00593fdb9284585d580c019f83c53,md/16913.md,58971,14742
16914,https://www.mql5.com/en/articles/16914,Price movement discretization methods in Python,,2025-10-02T13:19Z,Trading systems,MetaTrader 5,[],,,ok,,45afef84604d302f77a0fdfe0a2507bf87dcb277444814a2b8ec2710f37034ea,md/16914.md,37343,9335
16916,https://www.mql5.com/en/articles/16916,Neural Networks in Trading: A Multi-Agent System with Conceptual Reinforcement (FinCon),,2025-10-31T09:34Z,Trading systems,MetaTrader 5,[],,,ok,,0822a15a14feaea97dee9667ecb6fad6cde5970229ce620bb9f9ee5eb33bff5a,md/16916.md,36964,9241
16925,https://www.mql5.com/en/articles/16925,Build Self Optimizing Expert Advisors in MQL5 (Part 4): Dynamic Position Sizing,,2025-01-24T11:38Z,Examples,MetaTrader 5,[],Build Self Optimizing Expert Advisors in MQL5 (): Dynamic Position Sizing,4,ok,,4ee9c5a91888fe2d2d4f8af200fffc1d8ca3c1f03ce5dbd2a382edbbf49bdc5a,md/16925.md,50066,12516
16931,https://www.mql5.com/en/articles/16931,Redefining MQL5 and MetaTrader 5 Indicators,,2025-01-24T10:10Z,Indicators,MetaTrader 5,[],,,ok,,f5f152ec5d579b49d53696ad65b5e9a6964fc41ca349805197c0c780aa3d66d7,md/16931.md,59441,14860
16937,https://www.mql5.com/en/articles/16937,Neural Networks in Trading: A Multi-Agent System with Conceptual Reinforcement (Final Part),,2025-11-03T06:34Z,Trading systems,MetaTrader 5,[],,,ok,,81b03e4d4dcf498f6e67837d27e06d90a0247da0f35bd83b3040392528f45279,md/16937.md,44722,11180
16940,https://www.mql5.com/en/articles/16940,Trend Prediction with LSTM for Trend-Following Strategies,,2025-02-05T10:28Z,Trading systems,MetaTrader 5,[],,,ok,,a53192cb3c762b4937411e21f03d2a44a1955cc42e4d0300ff4262ed80897df8,md/16940.md,39987,9996
16952,https://www.mql5.com/en/articles/16952,Visual assessment and adjustment of trading in MetaTrader 5,,2025-10-02T06:27Z,Examples,MetaTrader 5,[],,,ok,,ce3f5ec2e8d4288499b8c37faf9d8d45817c626577345ae17f1b7bd695a84188,md/16952.md,121876,30469
16956,https://www.mql5.com/en/articles/16956,Introduction to MQL5 (Part 11): A Beginner's Guide to Working with Built-in Indicators in MQL5 (II),,2025-01-21T09:01Z,Indicators,MetaTrader 5,[],Introduction to MQL5 (): A Beginner's Guide to Working with Built-in Indicators in MQL5 (II),11,ok,,dd2ca2f4ca7958858adbf1e71a761cc8c50ddd4f4a498177b62726ffe5559953,md/16956.md,74655,18663
16957,https://www.mql5.com/en/articles/16957,Robustness Testing on Expert Advisors,,2025-02-12T09:49Z,Examples,MetaTrader 5,[],,,ok,,c6974c7fd23892e86f4e9a01a35cd13380a04bd91421ea23a30500538652076a,md/16957.md,35542,8885
16960,https://www.mql5.com/en/articles/16960,Creating volatility forecast indicator using Python,,2025-10-13T12:37Z,Statistics and analysis,MetaTrader 5,[],,,ok,,f65ba5806265d87958de7e0236e7a429ea0a62eeba9f780d216909a75fa68f9a,md/16960.md,71615,17903
16963,https://www.mql5.com/en/articles/16963,Time Evolution Travel Algorithm (TETA),,2025-10-08T14:25Z,Examples,MetaTrader 5,[],,,ok,,22dff9522ed97815236a170f10f388c589b0282590c0a6a32a3450cfbca800c8,md/16963.md,44114,11028
16967,https://www.mql5.com/en/articles/16967,Price Action Analysis Toolkit Development (Part 9): External Flow,,2025-01-24T10:06Z,Trading systems,MetaTrader 5,[],Price Action Analysis Toolkit Development (): External Flow,9,ok,,434e376b593b6b6c598b3996c572c4ade61dbff4249e3e07538d44add0d49f53,md/16967.md,32579,8144
16971,https://www.mql5.com/en/articles/16971,Evolutionary trading algorithm with reinforcement learning and extinction of feeble individuals (ETARE),,2025-10-07T12:55Z,Integration,MetaTrader 5,[],,,ok,,2c7ddea0e4deeb0c06ee788523ef14d1be209d38c1ab4063cab88d19dae2bd62,md/16971.md,53988,13497
16973,https://www.mql5.com/en/articles/16973,Integrating AI model into already existing MQL5 trading strategy,,2025-04-16T08:52Z,Trading,MetaTrader 5,[],,,ok,,7784bd0cb2c2417c548e373f2fbe2f5622e61526101434d6356425703bf3e66c,md/16973.md,37801,9450
16975,https://www.mql5.com/en/articles/16975,Neural Networks in Trading: Memory Augmented Context-Aware Learning (MacroHFT) for Cryptocurrency Markets,,2025-11-07T09:59Z,Trading systems,MetaTrader 5,[],,,ok,,e25e05bc21aabc824bb17ab588d870a8f1683ea1e01b75973afb043e7842255c,md/16975.md,44454,11113
16979,https://www.mql5.com/en/articles/16979,Biological neuron for forecasting financial time series,,2025-10-15T10:25Z,Integration,MetaTrader 5,[],,,ok,,e0a035b95f748ea549948f6fe47fc1ec715db86249af6c644bceb63713bbd08e,md/16979.md,26682,6670
16984,https://www.mql5.com/en/articles/16984,Price Action Analysis Toolkit Development (Part 10): External Flow (II) VWAP,,2025-01-30T13:37Z,Trading systems,MetaTrader 5,[],Price Action Analysis Toolkit Development (): External Flow (II) VWAP,10,ok,,f1327e0b00481dd5d406c0683a8106781de1c07613d1149b1594ef81f9574870,md/16984.md,35047,8761
16985,https://www.mql5.com/en/articles/16985,Risk Management (Part 2): Implementing Lot Calculation in a Graphical Interface,,2025-11-20T15:28Z,Examples,MetaTrader 5,[],Risk Management (): Implementing Lot Calculation in a Graphical Interface,2,ok,,e4baf83004636cd4d65304731a3259060c1774db38c244e89d54fe156fe6795d,md/16985.md,67783,16945
16986,https://www.mql5.com/en/articles/16986,Mastering Log Records (Part 4): Saving logs to files,,2025-01-29T13:19Z,Examples,MetaTrader 5,[],Mastering Log Records (): Saving logs to files,4,ok,,05e86ee02b0cafa327c0160cdff9021f5f97e0c00932128e6036e9f7e2653fea,md/16986.md,47903,11975
16991,https://www.mql5.com/en/articles/16991,Post-Factum trading analysis: Selecting trailing stops and new stop levels in the strategy tester,,2025-10-06T17:09Z,Examples,MetaTrader 5,[],,,ok,,06349ae55f3f1cc6d021803fd5e54d8e21c8d45789a1051ff608e42d6e399c5b,md/16991.md,77705,19426
16992,https://www.mql5.com/en/articles/16992,Neuroboids Optimization Algorithm (NOA),,2026-01-14T12:28Z,Tester,MetaTrader 5,[],,,ok,,d6ee0312dc14372fbdd676610133a6bd2282c0b12ec771b8c07bcfefc3a5c56b,md/16992.md,47254,11813
16993,https://www.mql5.com/en/articles/16993,Neural Networks in Trading: Memory Augmented Context-Aware Learning for Cryptocurrency Markets (Final Part),,2025-11-14T08:47Z,Trading systems,MetaTrader 5,[],,,ok,,851f42bcc611a944a4bb34d8842979a71f22fd68c85cb4c9e06106fe31b2262d,md/16993.md,45154,11288
16995,https://www.mql5.com/en/articles/16995,Gating mechanisms in ensemble learning,,2025-01-28T12:29Z,Examples,MetaTrader 5,[],,,ok,,c1faad14dab945c0d68d6ae5a234e6af7fbdc09b265d578f74bbb099bae56fcd,md/16995.md,55541,13885
16999,https://www.mql5.com/en/articles/16999,Dialectic Search (DA),,2025-10-16T09:44Z,Trading systems,MetaTrader 5,[],,,ok,,e5b3cde703c336838cd3d1dcc1d8e1af43e7bca1d796cd1ab5bd16f5ea151936,md/16999.md,46598,11649
17001,https://www.mql5.com/en/articles/17001,Automating Trading Strategies in MQL5 (Part 4): Building a Multi-Level Zone Recovery System,,2025-01-30T12:03Z,Trading,MetaTrader 5,[],Automating Trading Strategies in MQL5 (): Building a Multi-Level Zone Recovery System,4,ok,,9c435a46d8c6fc3fc398184cffc8806a8335115d64215342b971aacc8698dc59,md/17001.md,81140,20285
17015,https://www.mql5.com/en/articles/17015,MQL5 Trading Toolkit (Part 8): How to Implement and Use the History Manager EX5 Library in Your Codebase,,2025-03-07T14:50Z,Trading,MetaTrader 5,[],MQL5 Trading Toolkit (): How to Implement and Use the History Manager EX5 Library in Your Codebase,8,ok,,57435c2760f8018e0c34a234a951ebae06dcda152010799663cf668b2b3981ee,md/17015.md,135733,33933
17021,https://www.mql5.com/en/articles/17021,Price Action Analysis Toolkit Development (Part 11): Heikin Ashi Signal EA,,2025-02-07T10:17Z,Examples,MetaTrader 5,[],Price Action Analysis Toolkit Development (): Heikin Ashi Signal EA,11,ok,,51f324917fb3e612650742213f3d8c022f86639f421efa05873384313c01a991,md/17021.md,35527,8881
17030,https://www.mql5.com/en/articles/17030,"Data Science and ML (Part 33): Pandas Dataframe in MQL5, Data Collection for ML Usage made easier",,2025-01-31T12:33Z,Statistics and analysis,MetaTrader 5,[],"Data Science and ML (): Pandas Dataframe in MQL5, Data Collection for ML Usage made easier",33,ok,,54f41e04448c8fd26b55537998617fe7b97243fa01f1658b1cc938c96790f330,md/17030.md,97589,24397
17040,https://www.mql5.com/en/articles/17040,Automating Trading Strategies in MQL5 (Part 5): Developing the Adaptive Crossover RSI Trading Suite Strategy,,2025-02-03T16:12Z,Trading,MetaTrader 5,[],Automating Trading Strategies in MQL5 (): Developing the Adaptive Crossover RSI Trading Suite Strategy,5,ok,,de76dd2e634cb3f59d83b2db9e10cdc86bb583b4581f7ef2e75fb89cc0ad3e7c,md/17040.md,87612,21903
17044,https://www.mql5.com/en/articles/17044,Creating a Trading Administrator Panel in MQL5 (Part IX): Code Organization (III): Communication Module,,2025-03-13T07:53Z,Examples,MetaTrader 5,[],,,ok,,5b557b0ef0be72462b33b58aef2ef6eb8f65c47dc5bd59c69b1cb24816154a5c,md/17044.md,46165,11541
17047,https://www.mql5.com/en/articles/17047,Chaos Game Optimization (CGO),,2025-12-08T10:33Z,Tester,MetaTrader 5,[],,,ok,,406483eb51d8f666e18c093df95495995b5cd8a2b192095cf70b74a0519cc1ee,md/17047.md,46429,11607
17049,https://www.mql5.com/en/articles/17049,Build Self Optimizing Expert Advisors in MQL5 (Part 5): Self Adapting Trading Rules,,2025-02-04T07:55Z,Examples,MetaTrader 5,[],Build Self Optimizing Expert Advisors in MQL5 (): Self Adapting Trading Rules,5,ok,,47d28b7ab7c62d6b8c15b068e97e162b80d63f733f40d61fb1c458cc77f07bb9,md/17049.md,40045,10011
17063,https://www.mql5.com/en/articles/17063,Royal Flush Optimization (RFO),,2025-10-20T14:27Z,Trading systems,MetaTrader 5,[],,,ok,,dc46a385684a2741c2eabfdf692d1163a220c2422318b533abd8651dfe9c2500,md/17063.md,50327,12581
17065,https://www.mql5.com/en/articles/17065,MQL5 Wizard Techniques you should know (Part 53): Market Facilitation Index,,2025-01-31T12:41Z,Trading,MetaTrader 5,[],MQL5 Wizard Techniques you should know (): Market Facilitation Index,53,ok,,4eaf775e278fcd3219bf8da8a94bcc1e514d86774e8e10b2761c83c4bb09f3f2,md/17065.md,34124,8531
17069,https://www.mql5.com/en/articles/17069,Neural Networks in Trading: Hierarchical Dual-Tower Transformer (Hidformer),,2025-11-19T06:52Z,Trading systems,MetaTrader 5,[],,,ok,,73f025826f997c4f1f30f4517fcb5bc1dfaa9a28e61798ec410fcca8cef867c8,md/17069.md,49065,12266
17085,https://www.mql5.com/en/articles/17085,Feature Engineering With Python And MQL5 (Part III): Angle Of Price (2) Polar Coordinates,,2025-02-07T12:16Z,Examples,MetaTrader 5,[],,,ok,,f7f8c81949f1ee119771c4f4df789ecc98abcd09fe152931b0ec625cd13394a7,md/17085.md,38501,9625
17096,https://www.mql5.com/en/articles/17096,Introduction to MQL5 (Part 12): A Beginner's Guide to Building Custom Indicators,,2025-02-07T13:49Z,Trading,MetaTrader 5,[],Introduction to MQL5 (): A Beginner's Guide to Building Custom Indicators,12,ok,,cc2413340fc508cbff1e2037a2350cf6f232fb5b4c92abacbe3967a7eb884195,md/17096.md,60731,15182
17104,https://www.mql5.com/en/articles/17104,Neural Networks in Trading: Hierarchical Dual-Tower Transformer (Final Part),,2025-11-25T15:35Z,Trading systems,MetaTrader 5,[],,,ok,,88df17e2c61f5cdbeccb439278c362b4f84e03d156a4212bd2fa638c6b719012,md/17104.md,46431,11607
17110,https://www.mql5.com/en/articles/17110,Analyzing binary code of prices on the exchange (Part II): Converting to BIP39 and writing GPT model,,2025-08-26T15:18Z,Examples,MetaTrader 5,[],,,ok,,bcb40f2ea7dfd6a3f824710e9d06ce797d8aba295fc2a4e8d383e5ce0af35ee3,md/17110.md,22369,5592
17121,https://www.mql5.com/en/articles/17121,Price Action Analysis Toolkit Development (Part 12): External Flow (III) TrendMap,,2025-02-11T13:50Z,Trading systems,MetaTrader 5,[],Price Action Analysis Toolkit Development (): External Flow (III) TrendMap,12,ok,,1464346e7cd03b7fcdfe1a9c29c28010537729fec9d078c7de1c10f9c5e5edeb,md/17121.md,63801,15950
17135,https://www.mql5.com/en/articles/17135,Automating Trading Strategies in MQL5 (Part 6): Mastering Order Block Detection for Smart Money Trading,,2025-02-11T15:12Z,Trading,MetaTrader 5,[],Automating Trading Strategies in MQL5 (): Mastering Order Block Detection for Smart Money Trading,6,ok,,9d068e4b1ec6cfe6943bb4c75b7c4bdcea2abcc96148d44c1007f25df4f1af2b,md/17135.md,45694,11423
17137,https://www.mql5.com/en/articles/17137,Mastering Log Records (Part 5): Optimizing the Handler with Cache and Rotation,,2025-02-12T09:43Z,Examples,MetaTrader 5,[],Mastering Log Records (): Optimizing the Handler with Cache and Rotation,5,ok,,c4e03c231190da679d39553a5bf52679c7a3774b4ff06aa0be174e24f6b9573a,md/17137.md,74443,18610
17142,https://www.mql5.com/en/articles/17142,Neural Networks in Trading: Multi-Task Learning Based on the ResNeXt Model,,2025-12-02T06:39Z,Trading systems,MetaTrader 5,[],,,ok,,f982f0c065055bb521559438f105194d28326f87f404b4073d48f7b96416039e,md/17142.md,41283,10320
17143,https://www.mql5.com/en/articles/17143,Circle Search Algorithm (CSA),,2025-11-05T13:16Z,Tester,MetaTrader 5,[],,,ok,,658b18f741bb6590bdef290a29c83578680bb6fd3a502f0e047e6b978a22475b,md/17143.md,43592,10898
17155,https://www.mql5.com/en/articles/17155,Building a Keltner Channel Indicator with Custom Canvas Graphics in MQL5,,2025-02-13T09:15Z,Trading systems,MetaTrader 5,[],,,ok,,e987be4b88e9b069887235661508fe2e5fe71fb258f3b22aeb3eebc6a1dbb55a,md/17155.md,58012,14503
17157,https://www.mql5.com/en/articles/17157,Neural Networks in Trading: Multi-Task Learning Based on the ResNeXt Model (Final Part),,2026-01-12T11:16Z,Trading systems,MetaTrader 5,[],,,ok,,d4cc5a145396db6b50dd07bb52c0b1a115262f46c8ca4e7d0e43d63e4983fc1a,md/17157.md,57690,14422
17159,https://www.mql5.com/en/articles/17159,MQL5 Wizard Techniques you should know (Part 54): Reinforcement Learning with hybrid SAC and Tensors,,2025-02-13T09:18Z,Integration,MetaTrader 5,[],MQL5 Wizard Techniques you should know (): Reinforcement Learning with hybrid SAC and Tensors,54,ok,,0fa522bf370cc47c6191d117bc9fe2d4fcb3aa331a150869e62da214052ad33e,md/17159.md,38190,9547
17167,https://www.mql5.com/en/articles/17167,Central Force Optimization (CFO) algorithm,,2026-01-22T15:01Z,Trading,MetaTrader 5,[],,,ok,,145a0b32de6067e4f42747604cff1f4930177559a1784a2fd9b88f3c6bedda66,md/17167.md,57881,14470
17168,https://www.mql5.com/en/articles/17168,Fibonacci in Forex (Part I): Examining the Price-Time Relationship,,2026-01-15T09:43Z,Integration,MetaTrader 5,[],,,ok,,a2f34cd415376b4f87ff92729aa6033b9aacacf6284c47f4fdf8ceac1d43ef4f,md/17168.md,24598,6149
17171,https://www.mql5.com/en/articles/17171,Analyzing all price movement options on the IBM quantum computer,,2025-11-13T14:09Z,Integration,MetaTrader 5,[],,,ok,,f3d91ae140a0f5672c84cfd6456e4f93e937b8a99daaf1ca35e6911b08e85613,md/17171.md,32746,8186
17190,https://www.mql5.com/en/articles/17190,Automating Trading Strategies in MQL5 (Part 7): Building a Grid Trading EA with Dynamic Lot Scaling,,2025-02-18T08:41Z,Trading,MetaTrader 5,[],Automating Trading Strategies in MQL5 (): Building a Grid Trading EA with Dynamic Lot Scaling,7,ok,,eaff38727d7f57d72d5ae4d76ed7c51ecd7df1451ccfd9b49646d95fb04343aa,md/17190.md,39010,9752
17198,https://www.mql5.com/en/articles/17198,Price Action Analysis Toolkit Development (Part 13): RSI Sentinel Tool,,2025-02-17T11:46Z,Trading systems,MetaTrader 5,[],Price Action Analysis Toolkit Development (): RSI Sentinel Tool,13,ok,,df34eef111f574f4a7729eba7928a1f41a0985168e440d55dcc6ed3c9487dfae,md/17198.md,57404,14351
17210,https://www.mql5.com/en/articles/17210,Neural Networks in Trading: Two-Dimensional Connection Space Models (Chimera),,2026-01-15T07:58Z,Trading systems,MetaTrader 5,[],,,ok,,5ee53feaef33f6ec24c3f324b8a3197e2bb1573428e35337fcff36bd99c3a1ef,md/17210.md,44400,11100
17213,https://www.mql5.com/en/articles/17213,Build Self Optimizing Expert Advisors in MQL5 (Part 6): Stop Out Prevention,,2025-02-21T08:00Z,Examples,MetaTrader 5,[],Build Self Optimizing Expert Advisors in MQL5 (): Stop Out Prevention,6,ok,,fb0c40a1dbbb971b9615300eb2e7d1a3f94a274ad668d30dfe6ecd4afa75945b,md/17213.md,49950,12487
17219,https://www.mql5.com/en/articles/17219,Angular Analysis of Price Movements: A Hybrid Model for Predicting Financial Markets,,2026-02-10T14:34Z,Integration,MetaTrader 5,[],,,ok,,f013e3d70821be4f583a003cbd6a86d9307815b78fe1ae87266bdc6037478f9f,md/17219.md,38261,9565
17223,https://www.mql5.com/en/articles/17223,Automating Trading Strategies in MQL5 (Part 8): Building an Expert Advisor with Butterfly Harmonic Patterns,,2025-02-21T16:05Z,Trading,MetaTrader 5,[],Automating Trading Strategies in MQL5 (): Building an Expert Advisor with Butterfly Harmonic Patterns,8,ok,,08a6b3d21463ff7ecffd20435cdcde35c17a79cc4f8c80a1717bf0bed740188c,md/17223.md,53284,13321
17234,https://www.mql5.com/en/articles/17234,Price Action Analysis Toolkit Development (Part 14): Parabolic Stop and Reverse Tool,,2025-02-19T12:29Z,Indicators,MetaTrader 5,[],Price Action Analysis Toolkit Development (): Parabolic Stop and Reverse Tool,14,ok,,6163bf95e4229b73c4e7b8fdf6cb86df343dabd37c170381ff82930ee111a6c3,md/17234.md,43540,10885
17239,https://www.mql5.com/en/articles/17239,Automating Trading Strategies in MQL5 (Part 9): Building an Expert Advisor for the Asian Breakout Strategy,,2025-02-25T10:08Z,Trading,MetaTrader 5,[],Automating Trading Strategies in MQL5 (): Building an Expert Advisor for the Asian Breakout Strategy,9,ok,,422a054397eb75d528f764d45d436665c81f186fd11c891c6b5a331aec9b8bc0,md/17239.md,56053,14013
17241,https://www.mql5.com/en/articles/17241,Neural Networks in Trading: Two-Dimensional Connection Space Models (Final Part),,2026-01-16T15:56Z,Trading systems,MetaTrader 5,[],,,ok,,31c4f6a642d3170a8d6ede221774965f44028137d23c9dfa0f2f9a457ea9fb15,md/17241.md,54927,13731
17246,https://www.mql5.com/en/articles/17246,Blood inheritance optimization (BIO),,2025-11-14T11:33Z,Tester,MetaTrader 5,[],,,ok,,ffb8c075603f714bc1b8f51dfc01c52343d8c10168b0462d7770b73687d42289,md/17246.md,48687,12171
17247,https://www.mql5.com/en/articles/17247,Automating Trading Strategies in MQL5 (Part 10): Developing the Trend Flat Momentum Strategy,,2025-02-27T12:32Z,Trading,MetaTrader 5,[],Automating Trading Strategies in MQL5 (): Developing the Trend Flat Momentum Strategy,10,ok,,d469be3f86d27265df1ad9e46ce6345750cdaf8477608b38e502a1a93a89d751,md/17247.md,42153,10538
17249,https://www.mql5.com/en/articles/17249,Risk Management (Part 3): Building the Main Class for Risk Management,,2026-01-26T11:15Z,Examples,MetaTrader 5,[],Risk Management (): Building the Main Class for Risk Management,3,ok,,65f1526b1177e0a8fdc5198735ffe45fd787515f70541a0c425a6afa451880e1,md/17249.md,53289,13322
17250,https://www.mql5.com/en/articles/17250,Price Action Analysis Toolkit Development (Part 15): Introducing Quarters Theory (I) — Quarters Drawer Script,,2025-02-25T10:23Z,Examples,MetaTrader 5,[],Price Action Analysis Toolkit Development (): Introducing Quarters Theory (I) — Quarters Drawer Script,15,ok,,90a21a83415692ef40179cee846e118830a490903ed7c100c19ad93384ade0d8,md/17250.md,35349,8837
17252,https://www.mql5.com/en/articles/17252,How can century-old functions update your trading strategies?,,2025-11-12T15:05Z,Indicators,MetaTrader 5,[],,,ok,,4b0df240b5b4ac8a1e5e2514019e9fc034dea8b7ea2f1496e9bbe996ff327d2b,md/17252.md,21767,5441
17254,https://www.mql5.com/en/articles/17254,MQL5 Wizard Techniques you should know (Part 55): SAC with Prioritized Experience Replay,,2025-02-21T16:13Z,Integration,MetaTrader 5,[],MQL5 Wizard Techniques you should know (): SAC with Prioritized Experience Replay,55,ok,,13b2e2845ec0a2a6ab3f717b78369648557f9428d29d9800cb29368e652a2874,md/17254.md,27895,6973
17258,https://www.mql5.com/en/articles/17258,Multiple Symbol Analysis With Python And MQL5 (Part 3): Triangular Exchange Rates,,2025-03-06T16:01Z,Examples,MetaTrader 5,[],Multiple Symbol Analysis With Python And MQL5 (): Triangular Exchange Rates,3,ok,,fd4057cd0f180e4d56c121b52d545a41546e18ca6095b3b8795b940018aa0ddf,md/17258.md,60281,15070
17271,https://www.mql5.com/en/articles/17271,Trading with the MQL5 Economic Calendar (Part 6): Automating Trade Entry with News Event Analysis and Countdown Timers,,2025-02-25T10:19Z,Trading,MetaTrader 5,[],Trading with the MQL5 Economic Calendar (): Automating Trade Entry with News Event Analysis and Countdown Timers,6,ok,,de586a5ee9af93d1382eaeaecb8881f8d8e4729e7fddd6c5991e30d1a134f3bc,md/17271.md,56929,14232
17273,https://www.mql5.com/en/articles/17273,The Kalman Filter for Forex Mean-Reversion Strategies,,2025-02-27T09:47Z,Examples,MetaTrader 5,[],,,ok,,9d321b32a096788656c37000389e95d3339730046791b9f17a89dfb335ff9354,md/17273.md,33854,8463
17277,https://www.mql5.com/en/articles/17277,Developing a multi-currency Expert Advisor (Part 24): Adding a new strategy (I),,2025-12-09T14:27Z,Tester,MetaTrader 5,[],Developing a multi-currency Expert Advisor (): Adding a new strategy (I),24,ok,,1bb6b761cfccdc63dec51f285fa738e6603ef88c9703d544c0db468c22cd418d,md/17277.md,62241,15560
17279,https://www.mql5.com/en/articles/17279,Neural Networks in Trading: Hybrid Graph Sequence Models (GSM++),,2026-01-23T10:47Z,Trading systems,MetaTrader 5,[],,,ok,,2828e5c81a355b800d67a47333968593cacf70fe87eb328528c05917e4dafff8,md/17279.md,39996,9999
17282,https://www.mql5.com/en/articles/17282,Capital management in trading and the trader's home accounting program with a database,,2025-12-03T13:04Z,Trading,MetaTrader 5,[],,,ok,,1c3646c5b75cc6d9c940786e4d38ab0a4f22050142f0dfe20cdd80406331b450,md/17282.md,26437,6609
17296,https://www.mql5.com/en/articles/17296,Introduction to MQL5 (Part 13): A Beginner's Guide to Building Custom Indicators (II),,2025-02-28T12:12Z,Expert Advisors,MetaTrader 5,[],Introduction to MQL5 (): A Beginner's Guide to Building Custom Indicators (II),13,ok,,ca59eecb6cafdb449b3edcf36fc98879f5ecc27cae6e5ee0ba4eca9afdcbe74d,md/17296.md,67091,16772
17303,https://www.mql5.com/en/articles/17303,Currency pair strength indicator in pure MQL5,,2025-12-04T10:33Z,Trading,MetaTrader 5,[],,,ok,,610214b29fa1c5da49bf1a2a8257cb19b213e8b416b628c06857f663bc77a91e,md/17303.md,32972,8243
17310,https://www.mql5.com/en/articles/17310,Neural Networks in Trading: Hybrid Graph Sequence Models (Final Part),,2026-01-29T15:54Z,Trading systems,MetaTrader 5,[],,,ok,,ee50f763aafe8be4dade510973e3b90a10a5325740c546e7e4c793fbbea796ee,md/17310.md,43030,10757
17321,https://www.mql5.com/en/articles/17321,Price Action Analysis Toolkit Development (Part 16): Introducing Quarters Theory (II) — Intrusion Detector EA,,2025-03-07T14:54Z,Trading systems,MetaTrader 5,[],Price Action Analysis Toolkit Development (): Introducing Quarters Theory (II) — Intrusion Detector EA,16,ok,,d4cc856a7a113d0ddfe2d602ddb33f076159c59c54ccccb0a1ae8d1d7d8d70be,md/17321.md,49179,12294
17325,https://www.mql5.com/en/articles/17325,Billiards Optimization Algorithm (BOA),,2026-01-05T10:40Z,Tester,MetaTrader 5,[],,,ok,,973e7f9a1b0578624e29c7372d5f6edb913b767aeb3410598d8def56d6d06791,md/17325.md,41951,10487
17328,https://www.mql5.com/en/articles/17328,Developing a multi-currency Expert Advisor (Part 24): Adding a new strategy (II),,2026-01-20T17:29Z,Tester,MetaTrader 5,[],Developing a multi-currency Expert Advisor (): Adding a new strategy (II),24,ok,,7d5c864d29c44f6b15ce04b698540ad39c613f79f25a0fe6c8d2350244ee94ab,md/17328.md,88415,22103
17329,https://www.mql5.com/en/articles/17329,Price Action Analysis Toolkit Development (Part 17): TrendLoom EA Tool,,2025-03-13T15:21Z,Trading systems,MetaTrader 5,[],Price Action Analysis Toolkit Development (): TrendLoom EA Tool,17,ok,,7f5877529eeb81211c11d39f73cb577b6898cd0fe57cea54ef080aa2845aca63,md/17329.md,43356,10839
17334,https://www.mql5.com/en/articles/17334,MQL5 Wizard Techniques you should know (Part 56): Bill Williams Fractals,,2025-03-04T09:05Z,Trading systems,MetaTrader 5,[],MQL5 Wizard Techniques you should know (): Bill Williams Fractals,56,ok,,21053a1df55c24fde7e81d80dc6f77f8ffea18ed6e24225ff0a2f4ff79ca918c,md/17334.md,38042,9510
17350,https://www.mql5.com/en/articles/17350,Automating Trading Strategies in MQL5 (Part 11): Developing a Multi-Level Grid Trading System,,2025-03-11T11:41Z,Trading,MetaTrader 5,[],Automating Trading Strategies in MQL5 (): Developing a Multi-Level Grid Trading System,11,ok,,90764e858b280f28d54d845538f56bee62c2e381eca45cc538b63685b6189f5a,md/17350.md,63831,15957
17351,https://www.mql5.com/en/articles/17351,Neural Networks in Trading: Integrating Chaos Theory into Time Series Forecasting (Attraos),,2026-03-03T16:17Z,Trading systems,MetaTrader 5,[],,,ok,,d1209d9a766c7922008c9b0bc0b6416142295d9b2001ec76ca22894ce2aac784,md/17351.md,37313,9328
17361,https://www.mql5.com/en/articles/17361,"Data Science and ML (Part 34): Time series decomposition, Breaking the stock market down to the core",,2025-03-11T11:47Z,Indicators,MetaTrader 5,[],"Data Science and ML (): Time series decomposition, Breaking the stock market down to the core",34,ok,,f211c2e08e1eb0c67369d89081d54a75debab52ae7748d4a192f86af09d2558a,md/17361.md,37573,9393
17371,https://www.mql5.com/en/articles/17371,Neural Networks in Trading: Integrating Chaos Theory into Time Series Forecasting (Final Part),,2026-03-05T09:45Z,Trading systems,MetaTrader 5,[],,,ok,,1343d77e52fb0b04f92fd6345818a04eef70aba5b461074ff99419f8d24a4c61,md/17371.md,48873,12218
17380,https://www.mql5.com/en/articles/17380,Successful Restaurateur Algorithm (SRA),,2026-01-12T11:54Z,Tester,MetaTrader 5,[],,,ok,,0b9563e99962756a7a6f5b880775966b88f3c169c9d35ecc86a075fe3ee99d15,md/17380.md,46272,11568
17390,https://www.mql5.com/en/articles/17390,An introduction to Receiver Operating Characteristic curves,,2025-03-11T11:38Z,Examples,MetaTrader 5,[],,,ok,,c9ee6a2004cf373836617cb99319e6f0d6d90b5644ac675884282d60fbb2b05e,md/17390.md,68850,17212
17396,https://www.mql5.com/en/articles/17396,Creating a Trading Administrator Panel in MQL5 (Part IX): Code Organization (IV): Trade Management Panel class,,2025-04-08T15:11Z,Examples,MetaTrader 5,[],,,ok,,0c05e3ae0efa79aeb7b7ae4218c8d25490fbc47fb7abd3827609160cf365c830,md/17396.md,49978,12494
17397,https://www.mql5.com/en/articles/17397,Creating a Trading Administrator Panel in MQL5 (Part IX): Code Organization (V): AnalyticsPanel Class,,2025-04-11T11:15Z,Examples,MetaTrader 5,[],,,ok,,cf6ec4211af889a1f7187ec3b8b346407e503254fbb7a69cf8d510e7250ae52e,md/17397.md,41474,10368
17410,https://www.mql5.com/en/articles/17410,Build a Remote Forex Risk Management System in Python,,2026-01-21T08:56Z,Statistics and analysis,MetaTrader 5,[],,,ok,,5597584bdc304650c96bc5638e1481329cf3b496697619be78c4711f4ef8d2ca,md/17410.md,38289,9572
17422,https://www.mql5.com/en/articles/17422,Forex Arbitrage Trading: Relationship Assessment Panel,,2026-01-23T08:42Z,Trading systems,MetaTrader 5,[],,,ok,,a2256ea7dd13709bce38d596263ef63155dccea14a6f91df79f65966f3a16530,md/17422.md,22796,5699
17424,https://www.mql5.com/en/articles/17424,Forex arbitrage trading: A simple synthetic market maker bot to get started,,2026-01-15T11:29Z,Trading systems,MetaTrader 5,[],,,ok,,24a12558d3e047948c8c1f61343ff0944d788ef5ee41babdd25d44c127ee0ebf,md/17424.md,24729,6182
17429,https://www.mql5.com/en/articles/17429,A New Approach to Custom Criteria in Optimizations (Part 1): Examples of Activation Functions,Andrew Thompson,2025-03-14T16:32Z,Tester,MetaTrader 5,[],A New Approach to Custom Criteria in Optimizations (): Examples of Activation Functions,1,ok,,61554a17a5ae0e14bbc0176154cd2e9b5195f9d32fa4b26de5193137dcebb0f8,md/17429.md,26388,6597
17442,https://www.mql5.com/en/articles/17442,Price Action Analysis Toolkit Development (Part 18): Introducing Quarters Theory (III) — Quarters Board,,2025-03-21T14:47Z,Examples,MetaTrader 5,[],Price Action Analysis Toolkit Development (): Introducing Quarters Theory (III) — Quarters Board,18,ok,,f7b2e41fd93ef648f2a54bc555a5ec8fd0e25c14d94450c0702c9fa773c8d6e3,md/17442.md,42527,10631
17446,https://www.mql5.com/en/articles/17446,Resampling techniques for prediction and classification assessment in MQL5,,2025-03-19T12:44Z,Examples,MetaTrader 5,[],,,ok,,aef66a23f440a9bbb7d4709538f92a1ce99aca476cb9676c417161cec4e89aad,md/17446.md,69342,17335
17450,https://www.mql5.com/en/articles/17450,From Novice to Expert: Support and Resistance Strength Indicator (SRSI),,2025-03-19T12:41Z,Examples,MetaTrader 5,[],,,ok,,da4cf27eafa7d7058d648f7a3f9342d0588a4410f577ec47192a3d794113779b,md/17450.md,36213,9053
17455,https://www.mql5.com/en/articles/17455,Using Deep Reinforcement Learning to Enhance Ilan Expert Advisor,,2026-02-05T13:43Z,Tester,MetaTrader 5,[],,,ok,,312bacc06e2e6f9f01fe30adde3cad58af1a1d2350d114d955c889c3cd86fc81,md/17455.md,29983,7495
17457,https://www.mql5.com/en/articles/17457,Visualizing Strategies in MQL5: Laying Out Optimization Results Across Criterion Charts,,2026-02-02T09:06Z,Examples,MetaTrader 5,[],,,ok,,a827e0d53ec27d420f15a530c4f81c2fd90d5e2cf2f43933bed5c3073396c7df,md/17457.md,195475,48868
17458,https://www.mql5.com/en/articles/17458,Fractal-Based Algorithm (FBA),,2026-04-17T11:22Z,Trading,MetaTrader 5,[],,,ok,,82329eeae8f89961133c644d6e921978f4c68b0014d19db0eb8a14411d7e68f8,md/17458.md,71190,17797
17459,https://www.mql5.com/en/articles/17459,Neural Networks in Trading: Dual Clustering of Multivariate Time Series (DUET),,2026-03-17T16:08Z,Trading systems,MetaTrader 5,[],,,ok,,a931a497caba6f9a411c593534bbb372eaa8cbddc3f7e644bd38a61f705c5729,md/17459.md,44600,11150
17466,https://www.mql5.com/en/articles/17466,Exploring Advanced Machine Learning Techniques on the Darvas Box Breakout Strategy,,2025-03-20T10:10Z,Trading,MetaTrader 5,[],,,ok,,b49ee1906cb1a7bca173440e8d6faa7596b5086de4da9b96cbae1f4ddea43923,md/17466.md,62318,15579
17469,https://www.mql5.com/en/articles/17469,Data Science and ML (Part 35): NumPy in MQL5 – The Art of Making Complex Algorithms with Less Code,,2025-03-24T10:15Z,Expert Advisors,MetaTrader 5,[],Data Science and ML (): NumPy in MQL5 – The Art of Making Complex Algorithms with Less Code,35,ok,,d5612eae0f4ee813b2168a77c490a647544092310a2723bb2d97ded8d9397213,md/17469.md,74228,18557
17479,https://www.mql5.com/en/articles/17479,MQL5 Wizard Techniques you should know (Part 57): Supervised Learning with Moving Average and Stochastic Oscillator,,2025-03-14T12:21Z,Trading systems,MetaTrader 5,[],MQL5 Wizard Techniques you should know (): Supervised Learning with Moving Average and Stochastic Oscillator,57,ok,,1e6361462aad78a899dc156fa5f9d6e235d276ee661a06b7ecd0260489c30505,md/17479.md,53030,13257
17487,https://www.mql5.com/en/articles/17487,Neural Networks in Trading: Dual Clustering of Multivariate Time Series (Final Part),,2026-03-23T14:06Z,Trading systems,MetaTrader 5,[],,,ok,,e72eb07f85d5c203665a7c1e9cd9d714999d9bd19c91a2412df4229b3d659610,md/17487.md,49324,12331
17497,https://www.mql5.com/en/articles/17497,Neuroboids Optimization Algorithm 2 (NOA2),,2026-01-30T11:21Z,Tester,MetaTrader 5,[],,,ok,,3c9fad585c98e3b1836945a6afd23099962c7d1b60eb3df4bc5687cd4370614f,md/17497.md,88472,22118
17508,https://www.mql5.com/en/articles/17508,Risk Management (Part 4): Completing the Key Class Methods,,2026-02-17T12:17Z,Examples,MetaTrader 5,[],Risk Management (): Completing the Key Class Methods,4,ok,,f9c95899a497c13cc280a087cfeacaf6abfe3e5cbb9f24f40ea4cce83b12cb76,md/17508.md,96014,24003
17512,https://www.mql5.com/en/articles/17512,Forex arbitrage trading: Analyzing synthetic currencies movements and their mean reversion,,2026-01-16T12:45Z,Integration,MetaTrader 5,[],,,ok,,184744060b3effcec185c8c2457dc411e5f1b65224cdfa6728526cfde328be1f,md/17512.md,32425,8106
17520,https://www.mql5.com/en/articles/17520,MetaTrader 5 Machine Learning Blueprint (Part 1): Data Leakage and Timestamp Fixes,,2025-06-26T08:57Z,Trading systems,MetaTrader 5,[],MetaTrader 5 Machine Learning Blueprint (): Data Leakage and Timestamp Fixes,1,ok,,932abe4935ee55d5d3f565b372aab621b0525087c8b6fa96befd595974063e26,md/17520.md,44970,11242
17522,https://www.mql5.com/en/articles/17522,Swap Arbitrage in Forex: Building a Synthetic Portfolio and Generating a Consistent Swap Flow,,2026-02-03T09:50Z,Trading systems,MetaTrader 5,[],,,ok,,7e6db500c00221c6d7034933843ee9c4114b3ae6ed57524b1ace43891f7cb360,md/17522.md,40747,10186
17525,https://www.mql5.com/en/articles/17525,From Novice to Expert: Programming Candlesticks,,2025-04-17T08:51Z,Examples,MetaTrader 5,[],,,ok,,4296a43fb83263e43aa51e2e1d6fc3a56c59b4f583b768623ac08817f1d24fba,md/17525.md,54059,13514
17526,https://www.mql5.com/en/articles/17526,Developing Trend Trading Strategies Using Machine Learning,,2026-01-26T09:07Z,Trading,MetaTrader 5,[],,,ok,,c26bfcb07a20cb132ec6acf93acbaeb6f71d016682d55495cc955a722422df2b,md/17526.md,40416,10104
17531,https://www.mql5.com/en/articles/17531,Predicting Renko Bars with CatBoost AI,,2026-04-07T10:10Z,Experts,MetaTrader 5,[],,,ok,,003c9d68940f23a0274193943fe29adaefbaad28d6d4893c6982962cde51504e,md/17531.md,23908,5977
17546,https://www.mql5.com/en/articles/17546,Employing Game Theory Approaches in Trading Algorithms,,2026-02-04T07:36Z,Trading systems,MetaTrader 5,[],,,ok,,d2c9ef35e847f17301788ab268c2f0779dda6e48e70501c966dddb8ecdd1dccd,md/17546.md,24968,6242
17547,https://www.mql5.com/en/articles/17547,Automating Trading Strategies in MQL5 (Part 12): Implementing the Mitigation Order Blocks (MOB) Strategy,,2025-03-27T11:51Z,Trading,MetaTrader 5,[],Automating Trading Strategies in MQL5 (): Implementing the Mitigation Order Blocks (MOB) Strategy,12,ok,,92be3882a6c3bffef5e82e19f6562627ca7fe3e66d3ea0cf574b9526fdd57fe8,md/17547.md,51264,12816
17549,https://www.mql5.com/en/articles/17549,Neural Networks in Trading: Adaptive Detection of Market Anomalies (DADA),,2026-03-26T15:15Z,Trading systems,MetaTrader 5,[],,,ok,,dd72576867201713bc9649dec209bc8e30f1ed653fde3669875edae90f3125a6,md/17549.md,46598,11649
17566,https://www.mql5.com/en/articles/17566,"Modular Indicator Architecture in MQL5 (Part 1): Stop Copy-Pasting and Start Writing Scalable, Reusable Code",Vladislav Boyko,2026-05-31T11:59Z,Examples,MetaTrader 5,[],"Modular Indicator Architecture in MQL5 (): Stop Copy-Pasting and Start Writing Scalable, Reusable Code",1,ok,,c6b4d3b2f4181834cc88c07555990d4cb76f4e5f6204110f1013db394fbfa09e,md/17566.md,76580,19145
17571,https://www.mql5.com/en/articles/17571,Build Self Optimizing Expert Advisors in MQL5 (Part 6): Self Adapting Trading Rules (II),,2025-03-28T16:22Z,Examples,MetaTrader 5,[],Build Self Optimizing Expert Advisors in MQL5 (): Self Adapting Trading Rules (II),6,ok,,3e1773e405d12094d70eb36f8175caa947721eb074bd3fd97c8c5b1285bbef38,md/17571.md,93077,23269
17574,https://www.mql5.com/en/articles/17574,Introduction to MQL5 (Part 14): A Beginner's Guide to Building Custom Indicators (III),,2025-03-31T14:49Z,Trading systems,MetaTrader 5,[],Introduction to MQL5 (): A Beginner's Guide to Building Custom Indicators (III),14,ok,,6e72d259d64ace223a33f12256221c410290140dde7f7ace659b1a6b13ed470e,md/17574.md,155905,38976
17577,https://www.mql5.com/en/articles/17577,Neural Networks in Trading: Adaptive Detection of Market Anomalies (Final Part),,2026-04-27T14:09Z,Trading systems,MetaTrader 5,[],,,ok,,579ecd8a3ea01f5e2f0296c0b54a1c60dac0afa53dfdd8e54012f72fba8283cb,md/17577.md,51009,12752
17595,https://www.mql5.com/en/articles/17595,Triangular and Sawtooth Waves: Analytical Tools for Traders,,2026-01-29T10:07Z,Indicators,MetaTrader 5,[],,,ok,,c8d9010c166aa86b0b9ec82430e47c414fd3370eea02a1fb2cb7f9bd798afde0,md/17595.md,21131,5282
17603,https://www.mql5.com/en/articles/17603,Trading with the MQL5 Economic Calendar (Part 7): Preparing for Strategy Testing with Resource-Based News Event Analysis,,2025-04-17T08:56Z,Tester,MetaTrader 5,[],Trading with the MQL5 Economic Calendar (): Preparing for Strategy Testing with Resource-Based News Event Analysis,7,ok,,119e5d15a1f091c6c04329450de5877c2948ee14962b61ac2d8c20ee8294a2cc,md/17603.md,65064,16266
17606,https://www.mql5.com/en/articles/17606,Developing a Multi-Currency Expert Advisor (Part 26): Informer for Trading Instruments,,2026-04-08T15:51Z,Tester,MetaTrader 5,[],Developing a Multi-Currency Expert Advisor (): Informer for Trading Instruments,26,ok,,7d492a61326de981fa74d2a21b126315d27e0611db70393cdda3e037d78a7b57,md/17606.md,47288,11822
17607,https://www.mql5.com/en/articles/17607,Developing a Multi-Currency Expert Advisor (Part 29): Improving the Conveyor,,2026-07-31T14:44Z,Tester,MetaTrader 5,[],Developing a Multi-Currency Expert Advisor (): Improving the Conveyor,29,ok,,2e50b80d99a22297637937685d9ba54e20c40078b8f0793ecebcc2c24f6b4383,md/17607.md,64675,16168
17608,https://www.mql5.com/en/articles/17608,Developing a Multi-Currency Expert Advisor (Part 28): Adding a Position Closing Manager,,2026-06-08T14:04Z,Examples,MetaTrader 5,[],Developing a Multi-Currency Expert Advisor (): Adding a Position Closing Manager,28,ok,,ae4920124d49e809208d69ff655e27f789cb7b2b4754210fd3970497037a0157,md/17608.md,52749,13187
17618,https://www.mql5.com/en/articles/17618,Automating Trading Strategies in MQL5 (Part 13): Building a Head and Shoulders Trading Algorithm,,2025-04-03T14:02Z,Trading,MetaTrader 5,[],Automating Trading Strategies in MQL5 (): Building a Head and Shoulders Trading Algorithm,13,ok,,4775f144d4e1d91af5c8610e0b4a7079312297203fc9aa45cb8ee21a68acd5b7,md/17618.md,114907,28726
17625,https://www.mql5.com/en/articles/17625,Price Action Analysis Toolkit Development (Part 19): ZigZag Analyzer,,2025-04-09T07:57Z,Examples,MetaTrader 5,[],Price Action Analysis Toolkit Development (): ZigZag Analyzer,19,ok,,01aa6675238c9628736199587b13dd332d1d66d82327cb29b0b1964e93b257ed,md/17625.md,57739,14434
17631,https://www.mql5.com/en/articles/17631,Feature Engineering With Python And MQL5 (Part IV): Candlestick Pattern Recognition With UMAP Regression,,2025-04-15T07:51Z,Examples,MetaTrader 5,[],,,ok,,a02627fd173ac349f58738bb976c3f7c015a7e6344eafc20dcb4ad24f5e408d2,md/17631.md,46190,11547
17636,https://www.mql5.com/en/articles/17636,Day Trading Larry Connors RSI2 Mean-Reversion Strategies,,2025-04-03T13:54Z,Examples,MetaTrader 5,[],,,ok,,c178de7a31928296c12a2f7bd17111a1fa9fd32a7868cfbf32579e9278878870,md/17636.md,28391,7097
17640,https://www.mql5.com/en/articles/17640,Risk Management (Part 5): Integrating the Risk Management System into an Expert Advisor,,2026-02-17T14:57Z,Examples,MetaTrader 5,[],Risk Management (): Integrating the Risk Management System into an Expert Advisor,5,ok,,9655bd3a734bd0c78e639ffd0f7af1d1d79596ad6182e1ad9d422164b2458c4e,md/17640.md,64351,16087
17646,https://www.mql5.com/en/articles/17646,Moving to MQL5 Algo Forge (Part 1): Creating the Main Repository,,2025-09-10T11:21Z,Examples,MetaTrader 5,[],Moving to MQL5 Algo Forge (): Creating the Main Repository,1,ok,,eba41f108095ed6f8d83deea435840fbbeaad7f4a98ff02a430f8fbd5b136d4f,md/17646.md,34198,8549
17649,https://www.mql5.com/en/articles/17649,Neural Networks in Trading: Detecting Anomalies in the Frequency Domain (CATCH),,2026-04-28T10:25Z,Trading systems,MetaTrader 5,[],,,ok,,2baa58534dc7f7c9370fac6e5b5b255e4379b64b397add90db44e0440dc0555d,md/17649.md,47520,11880
17653,https://www.mql5.com/en/articles/17653,Implementation of a table model in MQL5: Applying the MVC concept,,2025-11-19T07:57Z,Examples,MetaTrader 5,[],,,ok,,255278b2647deadefd9d0aa1bb07bed44f2b8239b549787ec6742277f0e05c61,md/17653.md,133406,33351
17654,https://www.mql5.com/en/articles/17654,Exploring Machine Learning in Unidirectional Trend Trading Using Gold as a Case Study,,2026-02-05T11:19Z,Trading systems,MetaTrader 5,[],,,ok,,e013dd150659f62ae9e478dba4b5c73e7a7b96b04ea0a1383aec8b46ab49c910,md/17654.md,39773,9943
17668,https://www.mql5.com/en/articles/17668,MQL5 Wizard Techniques you should know (Part 58): Reinforcement Learning (DDPG) with Moving Average and Stochastic Oscillator Patterns,,2025-04-03T11:53Z,Integration,MetaTrader 5,[],MQL5 Wizard Techniques you should know (): Reinforcement Learning (DDPG) with Moving Average and Stochastic Oscillator Patterns,58,ok,,e72e3428858e04ea939116f18f89b481ac1e22f507c36cb2e28c818a6f246b44,md/17668.md,25441,6360
17675,https://www.mql5.com/en/articles/17675,Neural Networks in Trading: Anomaly Detection in the Frequency Domain (Final Part),,2026-06-08T12:13Z,Trading systems,MetaTrader 5,[],,,ok,,8e5173904d209110aa04eda6a26c31ac72f9bcc1786cc8da17b28a8662f76475,md/17675.md,64750,16187
17684,https://www.mql5.com/en/articles/17684,MQL5 Wizard Techniques you should know (Part 59): Reinforcement Learning (DDPG) with Moving Average and Stochastic Oscillator Patterns,,2025-04-07T10:44Z,Trading systems,MetaTrader 5,[],MQL5 Wizard Techniques you should know (): Reinforcement Learning (DDPG) with Moving Average and Stochastic Oscillator Patterns,59,ok,,a3854991d6389e56d2d49eecd99e58dddc5e6e655d47cea9e267478a0c362385,md/17684.md,30153,7538
17688,https://www.mql5.com/en/articles/17688,Battle Royale Optimizer (BRO),,2026-03-26T10:44Z,Tester,MetaTrader 5,[],,,ok,,7835f32bb82e403a96ef92705a68b3eedfe21988aa0dcb8a786004c7e76c5243,md/17688.md,50573,12643
17689,https://www.mql5.com/en/articles/17689,Introduction to MQL5 (Part 15): A Beginner's Guide to Building Custom Indicators (IV),,2025-04-11T11:12Z,Trading systems,MetaTrader 5,[],Introduction to MQL5 (): A Beginner's Guide to Building Custom Indicators (IV),15,ok,,f840d0b46a9f343c140e10b5b10fc1d47992d3e789f27df8e2fff444c71b040c,md/17689.md,100821,25205
17693,https://www.mql5.com/en/articles/17693,Advanced Memory Management and Optimization Techniques in MQL5,,2025-04-07T08:41Z,Tester,MetaTrader 5,[],,,ok,,d816dd8fba9379b9813c4753a40752433341d0c4b9450c8facea94afc24d5464,md/17693.md,54860,13715
17698,https://www.mql5.com/en/articles/17698,Moving to MQL5 Algo Forge (Part 2): Working with Multiple Repositories,,2025-09-11T13:52Z,Integration,MetaTrader 5,[],Moving to MQL5 Algo Forge (): Working with Multiple Repositories,2,ok,,634bbc6d08525b90a74131cb86fa43fac8344ab2c0055c6886534644ce133563,md/17698.md,28962,7240
17702,https://www.mql5.com/en/articles/17702,Raw Code Optimization and Tweaking for Improving Back-Test Results,,2025-05-09T11:55Z,Examples,MetaTrader 5,[],,,ok,,e3ba85bea3c41434fce26c1930d1414f91b4f6269d88ca2ee60a9b27180d7735,md/17702.md,31185,7796
17706,https://www.mql5.com/en/articles/17706,Analyzing Overbought and Oversold Trends Via Chaos Theory Approaches,,2026-02-09T11:06Z,Trading systems,MetaTrader 5,[],,,ok,,4a7744a1f2b606cbf4c291afc0e846e28454d7d66c90a6758f8f365250ab003f,md/17706.md,29261,7315
17709,https://www.mql5.com/en/articles/17709,Mastering Log Records (Part 6): Saving logs to database,,2025-04-15T07:41Z,Examples,MetaTrader 5,[],Mastering Log Records (): Saving logs to database,6,ok,,76ca423a35eedfd23d36cd6cd4ea34eb14341312552389aa4e238f880029f235,md/17709.md,65837,16459
17729,https://www.mql5.com/en/articles/17729,Neural Networks in Trading: Hierarchical Skill Discovery for Adaptive Agent Behavior (HiSSD),,2026-06-09T13:22Z,Trading systems,MetaTrader 5,[],,,ok,,fecf88ad7a3f4c75ac798fde05b575a948617e277c27c1d950abbf2ee08f599a,md/17729.md,41370,10342
17735,https://www.mql5.com/en/articles/17735,Statistical Arbitrage Through Mean Reversion in Pairs Trading: Beating the Market by Math,,2025-04-11T08:13Z,Trading systems,MetaTrader 5,[],,,ok,,062dbd3074d3cd31fc266ce44e2dd37e26ef62dc56841885626ec30fd18fac25,md/17735.md,49859,12464
17736,https://www.mql5.com/en/articles/17736,Data Science and ML (Part 36): Dealing with Biased Financial Markets,,2025-04-23T11:37Z,Trading systems,MetaTrader 5,[],Data Science and ML (): Dealing with Biased Financial Markets,36,ok,,d4818617bce2812ef8234f09b7971300253a44c03f2914e1cd22cecceaacf3a4,md/17736.md,43738,10934
17737,https://www.mql5.com/en/articles/17737,Building a Custom Market Regime Detection System in MQL5 (Part 1): Indicator,,2025-04-21T07:05Z,Trading,MetaTrader 5,[],Building a Custom Market Regime Detection System in MQL5 (): Indicator,1,ok,,a767415ca9fb9f205d6e3f0264a2bc650079577200968c969bdf5af5f9bed6e0,md/17737.md,55907,13976
17739,https://www.mql5.com/en/articles/17739,Neural Networks in Trading: Skill Hierarchy for Adaptive Agent Behavior (Final Part),,2026-06-11T13:00Z,Trading systems,MetaTrader 5,[],,,ok,,2d0aa03671f7e0f5057d8225869f0d699198acb85cfffc93c5a26b58cc096ed8,md/17739.md,62999,15749
17741,https://www.mql5.com/en/articles/17741,Automating Trading Strategies in MQL5 (Part 14): Trade Layering Strategy with MACD-RSI Statistical Methods,,2025-04-14T09:19Z,Trading,MetaTrader 5,[],Automating Trading Strategies in MQL5 (): Trade Layering Strategy with MACD-RSI Statistical Methods,14,ok,,0c7c721e595c4483efce62419c4f05c887f7e2eb54007a88af0e0780bdaf3592,md/17741.md,45975,11493
17742,https://www.mql5.com/en/articles/17742,Price Action Analysis Toolkit Development (Part 20): External Flow (IV) — Correlation Pathfinder,,2025-04-16T08:46Z,Examples,MetaTrader 5,[],Price Action Analysis Toolkit Development (): External Flow (IV) — Correlation Pathfinder,20,ok,,fd79f06ca36f9a8190683173b677b968a8f0372d76b6d37d135cf21bbc45cc72,md/17742.md,47358,11839
17745,https://www.mql5.com/en/articles/17745,Decoding Opening Range Breakout Intraday Trading Strategies,,2025-04-16T08:41Z,Trading,MetaTrader 5,[],,,ok,,8ff29b7afb6b30291d9b4cea687af37a7b5f334fba2d9137238eec531280a8cf,md/17745.md,57678,14419
17751,https://www.mql5.com/en/articles/17751,Manual Backtesting Made Easy: Building a Custom Toolkit for Strategy Tester in MQL5,,2025-04-15T07:47Z,Tester,MetaTrader 5,[],,,ok,,9f648322c86427a0e3b0b421ccdd56225f9045ab7214b6c49b404778043c78c9,md/17751.md,47736,11934
17755,https://www.mql5.com/en/articles/17755,Algorithmic Trading Strategies: AI and Its Road to Golden Pinnacles,,2026-02-11T08:44Z,Trading systems,MetaTrader 5,[],,,ok,,e01dfdb2d45a5951819049a7262dd46b7d144fdf4b8c440173ddcaa5ed16a5ec,md/17755.md,34901,8725
17756,https://www.mql5.com/en/articles/17756,Reimagining Classic Strategies (Part 14): High Probability Setups,,2025-04-17T09:25Z,Examples,MetaTrader 5,[],Reimagining Classic Strategies (): High Probability Setups,14,ok,,ba261525ca9b31910c5c71f26897bead665ca404f067a3ddef1a6024fad3b365,md/17756.md,42720,10680
17760,https://www.mql5.com/en/articles/17760,Coral Reefs Optimization (CRO),,2026-03-27T14:55Z,Trading,MetaTrader 5,[],,,ok,,9504c654b49e13bb22b7eb8a96b1a405cd7176511a61881afa660e786ccfdf20,md/17760.md,74195,18548
17774,https://www.mql5.com/en/articles/17774,Introduction to MQL5 (Part 27): Mastering API and WebRequest Function in MQL5,,2025-10-31T08:51Z,Trading,MetaTrader 5,[],Introduction to MQL5 (): Mastering API and WebRequest Function in MQL5,27,ok,,c392b3e59653486953bca5165bd3b6872030540e819a1a2b02c8f825b0f417ff,md/17774.md,42317,10579
17780,https://www.mql5.com/en/articles/17780,Creating a Trading Administrator Panel in MQL5 (Part X): External resource-based interface,,2025-04-21T07:00Z,Examples,MetaTrader 5,[],,,ok,,e6ba90e73c19356e7a2f52f05d451dd5272f52ccd8b2997ee3786339ed83a283,md/17780.md,31761,7940
17781,https://www.mql5.com/en/articles/17781,Building a Custom Market Regime Detection System in MQL5 (Part 2): Expert Advisor,,2025-04-25T12:43Z,Trading,MetaTrader 5,[],Building a Custom Market Regime Detection System in MQL5 (): Expert Advisor,2,ok,,895cc688bc48cabd97e31533c222a083d72dece37c35a15d234ae59204de407d,md/17781.md,56386,14096
17796,https://www.mql5.com/en/articles/17796,Neural Networks in Trading: Actor—Director—Critic,,2026-06-12T13:42Z,Trading systems,MetaTrader 5,[],,,ok,,7c224db8b83386105bfd9a35df2a99fa0579f6ac2b8189856f04f7f381abc57c,md/17796.md,45966,11491
17800,https://www.mql5.com/en/articles/17800,Pair Trading: Algorithmic Trading with Auto Optimization Based on Z-Score Differences,,2026-03-31T13:56Z,Trading systems,MetaTrader 5,[],,,ok,,84e37580daa64e084facbb7707145cea5fb8690dae25c8ae865cfc5ccf4991be,md/17800.md,39059,9764
17803,https://www.mql5.com/en/articles/17803,Table and Header Classes based on a table model in MQL5: Applying the MVC concept,,2025-11-25T08:47Z,Examples,MetaTrader 5,[],,,ok,,8ccf116edd2179912a1cdb127ee414f56e4cb95d87f1c9188593851e4069611c,md/17803.md,155286,38821
17811,https://www.mql5.com/en/articles/17811,Trend Criteria. Conclusion,,2026-03-30T12:36Z,Trading systems,MetaTrader 5,[],,,ok,,b344350b3eb47d873386d8e1ae3d10e57f158e2e5a167246ed44fc34b0713162,md/17811.md,23032,5758
17818,https://www.mql5.com/en/articles/17818,MQL5 Wizard Techniques you should know (Part 60): Inference Learning (Wasserstein-VAE) with Moving Average and Stochastic Oscillator Patterns,,2025-04-21T07:09Z,Trading systems,MetaTrader 5,[],MQL5 Wizard Techniques you should know (): Inference Learning (Wasserstein-VAE) with Moving Average and Stochastic Oscillator Patterns,60,ok,,867d9e696be4f4c7594f631bf9a91395b558eacd222cfd09acd0c0662ee038e4,md/17818.md,44935,11233
17819,https://www.mql5.com/en/articles/17819,Neural Networks in Trading: Actor—Director—Critic (Final Part),,2026-06-16T13:18Z,Trading systems,MetaTrader 5,[],,,ok,,64e1e91ebd8fcbf875773025aeab4b2d8dd56525a93492d35659f392c042dc47,md/17819.md,57763,14440
17832,https://www.mql5.com/en/articles/17832,Data Science and ML (Part 37): Using Candlestick patterns and AI to beat the market,,2025-04-29T07:31Z,Trading systems,MetaTrader 5,[],Data Science and ML (): Using Candlestick patterns and AI to beat the market,37,ok,,746622c677539076c98427f4bb300a9005994bd31e5c9546840131d1bc8496ae,md/17832.md,56987,14246
17845,https://www.mql5.com/en/articles/17845,One-Dimensional Singular Spectrum Analysis,,2026-04-06T12:33Z,Statistics and analysis,MetaTrader 5,[],,,ok,,d1a4bebc3ec7080f94e813555b30c3e986f610edc23539f899ef910dbad6c01c,md/17845.md,40250,10062
17854,https://www.mql5.com/en/articles/17854,CRUD Operations in Firebase using MQL,Chioma Obunadike,2025-08-21T15:02Z,Integration,MetaTrader 5,[],,,ok,,c8e34501e3558da99adf01c31769307f821c49b5fabec98d593c32ca0078a0a0,md/17854.md,36573,9143
17865,https://www.mql5.com/en/articles/17865,Automating Trading Strategies in MQL5 (Part 15): Price Action Harmonic Cypher Pattern with Visualization,,2025-04-25T11:41Z,Trading,MetaTrader 5,[],Automating Trading Strategies in MQL5 (): Price Action Harmonic Cypher Pattern with Visualization,15,ok,,87871a67c070bcba6521cee8e746fc9e25bb149818356e14c6ed9d029e64cd60,md/17865.md,58375,14593
17869,https://www.mql5.com/en/articles/17869,Creating a Trading Administrator Panel in MQL5 (Part XI): Modern feature communications interface (I),,2025-05-08T07:00Z,Examples,MetaTrader 5,[],,,ok,,202d8a6a76f4a65c83a948d7124d7303aa1341b120650661f7a56f79d6c88d76,md/17869.md,35379,8844
17874,https://www.mql5.com/en/articles/17874,Chaos optimization algorithm (COA): Continued,,2026-04-15T09:03Z,Tester,MetaTrader 5,[],,,ok,,bf3d9f0c52fe5ac7f8176a5481d333d03a04f4394214c6610563e8475af6e370,md/17874.md,57619,14404
17876,https://www.mql5.com/en/articles/17876,Automating Trading Strategies in MQL5 (Part 16): Midnight Range Breakout with Break of Structure (BoS) Price Action,,2025-04-30T11:01Z,Trading,MetaTrader 5,[],Automating Trading Strategies in MQL5 (): Midnight Range Breakout with Break of Structure (BoS) Price Action,16,ok,,5377d61aaba7d957c7736ef275dfb1e515df4b3d672950f123ceb0083e392c76,md/17876.md,64730,16182
17877,https://www.mql5.com/en/articles/17877,Websockets for MetaTrader 5: Asynchronous client connections with the Windows API,,2025-04-25T12:22Z,Examples,MetaTrader 5,[],,,ok,,d872d8df7dc8ece5fd857eb7a2781abd8f82dc3358a45499a74d6f4428d33671,md/17877.md,79706,19926
17883,https://www.mql5.com/en/articles/17883,Developing a Multi-Currency Advisor (Part 27): Component for Displaying Multi-Line Text,,2026-04-30T11:29Z,Examples,MetaTrader 5,[],Developing a Multi-Currency Advisor (): Component for Displaying Multi-Line Text,27,ok,,f9c65bd0a5b9e0d7ad4633231ba22bd1adb04d099be328da642b98881aa430a5,md/17883.md,40946,10236
17886,https://www.mql5.com/en/articles/17886,Data Science and ML (Part 38): AI Transfer Learning in Forex Markets,,2025-05-06T14:00Z,Expert Advisors,MetaTrader 5,[],Data Science and ML (): AI Transfer Learning in Forex Markets,38,ok,,dc9619886edc4766059058d3886a8b48f318b73f7c782122430533f43e7a21eb,md/17886.md,64924,16231
17891,https://www.mql5.com/en/articles/17891,Price Action Analysis Toolkit Development (Part 21): Market Structure Flip Detector Tool,,2025-04-28T12:51Z,Trading systems,MetaTrader 5,[],Price Action Analysis Toolkit Development (): Market Structure Flip Detector Tool,21,ok,,b578c1137dc4e17615708014636cbc909ff959ea83d81c245fa3815c2a29a232,md/17891.md,37491,9372
17892,https://www.mql5.com/en/articles/17892,Creating Dynamic MQL5 Graphical Interfaces through Resource-Driven Image Scaling with Bicubic Interpolation on Trading Charts,,2025-04-30T06:42Z,Trading,MetaTrader 5,[],,,ok,,b7dbfa0514e925f2ba4c3fa8c7b3d98b3f810dd410dcdb927c9058bd886e4eb4,md/17892.md,48426,12106
17901,https://www.mql5.com/en/articles/17901,Neural Networks in Trading: LSTM Optimization for Multivariate Time Series Forecasting (DA-CG-LSTM),,2026-06-17T13:19Z,Trading systems,MetaTrader 5,[],,,ok,,54e288236816d37ed029351e7572c2cfc7af0b22230b2e91ecf43fe30ef84b7f,md/17901.md,42148,10537
17906,https://www.mql5.com/en/articles/17906,Overcoming The Limitation of Machine Learning (Part 1): Lack of Interoperable Metrics,,2025-05-07T10:11Z,Examples,MetaTrader 5,[],Overcoming The Limitation of Machine Learning (): Lack of Interoperable Metrics,1,ok,,00a31cf92dbe9329bf781fd98bf8d4587c15b7be2442823d1d879ca2c3a3c5fa,md/17906.md,64695,16173
17910,https://www.mql5.com/en/articles/17910,MQL5 Wizard Techniques you should know (Part 61): Using Patterns of ADX and CCI with Supervised Learning,,2025-04-28T10:11Z,Trading systems,MetaTrader 5,[],MQL5 Wizard Techniques you should know (): Using Patterns of ADX and CCI with Supervised Learning,61,ok,,770046e5f6af6ccdf0dcab7cae08086f164068fdd54a1777d0d0d6f0d9b6af53,md/17910.md,53036,13259
17917,https://www.mql5.com/en/articles/17917,Hidden Markov Models in Machine Learning-Based Trading Systems,,2026-04-20T13:27Z,Trading,MetaTrader 5,[],,,ok,,3527829614b571e0a3222e4566233c2abcfffda688213a102ff6da2062208074,md/17917.md,66033,16508
17931,https://www.mql5.com/en/articles/17931,MQL5 Trading Tools (Part 1): Building an Interactive Visual Pending Orders Trade Assistant Tool,,2025-05-07T10:07Z,Trading,MetaTrader 5,[],MQL5 Trading Tools (): Building an Interactive Visual Pending Orders Trade Assistant Tool,1,ok,,8a275449170d72485fd807ecfb5fc8b824a0990743df9323f2f398539a01b2f7,md/17931.md,84103,21025
17933,https://www.mql5.com/en/articles/17933,Custom Debugging and Profiling Tools for MQL5 Development (Part I): Advanced Logging,,2025-05-13T08:57Z,Integration,MetaTrader 5,[],,,ok,,a9017901e6f11325e53b9c8863390d2bc81e48e63872f4e05f91dfe6544e9fd4,md/17933.md,96993,24248
17934,https://www.mql5.com/en/articles/17934,"Advanced Order Execution Algorithms in MQL5: TWAP, VWAP, and Iceberg Orders",N Soumik,2025-05-15T07:07Z,Trading systems,MetaTrader 5,[],,,ok,,f211f81ed06f80796c3e81ecbd4cba476404935fe8ba6da1bb07d409328609a6,md/17934.md,80505,20126
17938,https://www.mql5.com/en/articles/17938,MQL5 Wizard Techniques you should know (Part 62): Using Patterns of ADX and CCI with Reinforcement-Learning TRPO,,2025-05-02T13:04Z,Trading systems,MetaTrader 5,[],MQL5 Wizard Techniques you should know (): Using Patterns of ADX and CCI with Reinforcement-Learning TRPO,62,ok,,76d5f4e1d8d935439e8981f0ee783541538c5a594f4427b3a79d7f453ff4e994,md/17938.md,47020,11755
17939,https://www.mql5.com/en/articles/17939,Neural Networks in Trading: LSTM Optimization for Multivariate Time Series Forecasting (Final Part),,2026-06-19T09:01Z,Trading systems,MetaTrader 5,[],,,ok,,0172b62f6bdc5e52a87c948acc91fe1de99c59ee74fc358330b9598b962ea3b4,md/17939.md,44157,11039
17947,https://www.mql5.com/en/articles/17947,Forex Arbitrage Trading: A Matrix Trading System for Return to Fair Value with Risk Control,,2026-04-16T09:13Z,Trading systems,MetaTrader 5,[],,,ok,,883b74f5f9155bf3024fa5b18238ee652f636ec5b452fe17396d52053a49d220,md/17947.md,29236,7309
17956,https://www.mql5.com/en/articles/17956,Custom Debugging and Profiling Tools for MQL5 Development (Part III): Regression Gates for Performance and Trading Rules,,2026-06-11T12:46Z,Integration,MetaTrader 5,[],,,ok,,bcea643be9ef2656bd65af564df07b2b73b99ad9e9099546dbfee8dc149d853a,md/17956.md,53600,13400
17957,https://www.mql5.com/en/articles/17957,Implementing of a Breakeven Mechanism in MQL5 (Part 1): Base Class and Fixed-Points Breakeven Mode,,2026-02-26T09:16Z,Examples,MetaTrader 5,[],Implementing of a Breakeven Mechanism in MQL5 (): Base Class and Fixed-Points Breakeven Mode,1,ok,,c8adcbe730fec986048757480fff49e5633144e19eb698a722614bbbb95f4693,md/17957.md,47315,11828
17960,https://www.mql5.com/en/articles/17960,The View component for tables in the MQL5 MVC paradigm: Base graphical element,,2025-12-01T10:13Z,Examples,MetaTrader 5,[],,,ok,,c88a089b58c2961c5e9ecb4d4a6064c495ca623fa67420cd1ee7a9c247ab8a9a,md/17960.md,125415,31353
17962,https://www.mql5.com/en/articles/17962,"Price Action Analysis Toolkit Development (Part 26): Pin Bar, Engulfing Patterns and RSI Divergence (Multi-Pattern) Tool",,2025-06-06T06:57Z,Examples,MetaTrader 5,[],"Price Action Analysis Toolkit Development (): Pin Bar, Engulfing Patterns and RSI Divergence (Multi-Pattern) Tool",26,ok,,93daaf192a1d9d89f79c98f581ec5efb5a6150baf17b9ec12fa81ba6bb05d972,md/17962.md,45458,11364
17972,https://www.mql5.com/en/articles/17972,MQL5 Trading Tools (Part 2): Enhancing the Interactive Trade Assistant with Dynamic Visual Feedback,,2025-05-09T11:20Z,Trading,MetaTrader 5,[],MQL5 Trading Tools (): Enhancing the Interactive Trade Assistant with Dynamic Visual Feedback,2,ok,,229729cca3bbeca223b0528e3dcce34bf308c0d89cd05b0cc27435cbc9eac0a9,md/17972.md,71441,17860
17981,https://www.mql5.com/en/articles/17981,Integrating Computer Vision into Trading in MQL5 (Part 1): Creating Basic Functions,,2026-02-06T10:03Z,Trading systems,MetaTrader 5,[],Integrating Computer Vision into Trading in MQL5 (): Creating Basic Functions,1,ok,,8a695f3ccda59aa7c72269907731ff44ac21d9729a13dad497718cb1aee762b3,md/17981.md,30347,7586
17986,https://www.mql5.com/en/articles/17986,"Data Science and ML (Part 39): News + Artificial Intelligence, Would You Bet on it?",,2025-05-13T09:22Z,Expert Advisors,MetaTrader 5,[],"Data Science and ML (): News + Artificial Intelligence, Would You Bet on it?",39,ok,,c21a81a2bfbe568b710819307f920b003cd0053c93ab0c162ec138f43663f762,md/17986.md,46986,11746
17987,https://www.mql5.com/en/articles/17987,MQL5 Wizard Techniques you should know (Part 63): Using Patterns of DeMarker and Envelope Channels,,2025-05-07T10:18Z,Trading systems,MetaTrader 5,[],MQL5 Wizard Techniques you should know (): Using Patterns of DeMarker and Envelope Channels,63,ok,,59af94535e574e1815c620dbcf57355ba020f81d523bfde7d4c4e4f4c0e733d4,md/17987.md,35470,8867
17999,https://www.mql5.com/en/articles/17999,Trading with the MQL5 Economic Calendar (Part 8): Optimizing News-Driven Backtesting with Smart Event Filtering and Targeted Logs,,2025-05-14T08:43Z,Trading,MetaTrader 5,[],Trading with the MQL5 Economic Calendar (): Optimizing News-Driven Backtesting with Smart Event Filtering and Targeted Logs,8,ok,,74b96c3a82c9e6cf68bbf8dedf9a104547cbf974b06c85d26558aa4f38088055,md/17999.md,56663,14165
18004,https://www.mql5.com/en/articles/18004,Neural Networks in Trading: Time Series Forecasting Using Adaptive Modal Decomposition (ACEFormer),,2026-07-03T12:52Z,Trading systems,MetaTrader 5,[],,,ok,,4c319dcc11b043be2bbc02fc093fabcc751597af599f6319dc388b2418a4ccce,md/18004.md,47511,11877
18033,https://www.mql5.com/en/articles/18033,MQL5 Wizard Techniques you should know (Part 64): Using Patterns of DeMarker and Envelope Channels with the White-Noise Kernel,,2025-05-09T10:07Z,Integration,MetaTrader 5,[],MQL5 Wizard Techniques you should know (): Using Patterns of DeMarker and Envelope Channels with the White-Noise Kernel,64,ok,,1533ed10a9ebad92ede7e714bbd6f9691519c5ee40b93b562c8271e67d601b6a,md/18033.md,42744,10686
18035,https://www.mql5.com/en/articles/18035,Quantitative Analysis of Trends: Collecting Statistics in Python,,2026-02-16T07:29Z,Trading systems,MetaTrader 5,[],,,ok,,340a40e82a36dafd68d6c7fc9f5e2323d4a98e2e81d85e22d40ef2d49d709fa9,md/18035.md,36969,9242
18037,https://www.mql5.com/en/articles/18037,Formulating Dynamic Multi-Pair EA (Part 3): Mean Reversion and Momentum Strategies,,2025-07-08T12:58Z,Examples,MetaTrader 5,[],Formulating Dynamic Multi-Pair EA (): Mean Reversion and Momentum Strategies,3,ok,,83390753a9ade9b2249b8b6d8f4f0249c996effba716f691c16e2cb682a68bc5,md/18037.md,31060,7765
18038,https://www.mql5.com/en/articles/18038,Automating Trading Strategies in MQL5 (Part 17): Mastering the Grid-Mart Scalping Strategy with a Dynamic Dashboard,,2025-05-13T09:19Z,Trading,MetaTrader 5,[],Automating Trading Strategies in MQL5 (): Mastering the Grid-Mart Scalping Strategy with a Dynamic Dashboard,17,ok,,e23d7b4cabab445e3dc4bc812a03795ad18aa33fad1c9947e6b7a535e40e4871,md/18038.md,94514,23628
18041,https://www.mql5.com/en/articles/18041,Neural Networks in Trading: Time Series Forecasting Using Adaptive Modal Decomposition (Final Part),,2026-07-07T14:04Z,Trading systems,MetaTrader 5,[],,,ok,,e360592194430d97253d263cb5acff172def2c6816c850431d911a4afd777dc3,md/18041.md,57911,14477
18052,https://www.mql5.com/en/articles/18052,Price Action Analysis Toolkit Development (Part 22): Correlation Dashboard,,2025-05-12T13:44Z,Indicators,MetaTrader 5,[],Price Action Analysis Toolkit Development (): Correlation Dashboard,22,ok,,43e60b3a194f826d7fb5c28c928835eb1b0ec6a27d533f5919b19185b71d985c,md/18052.md,42219,10554
18057,https://www.mql5.com/en/articles/18057,Camel Algorithm (CA),,2026-04-22T11:42Z,Trading,MetaTrader 5,[],,,ok,,88bbc89e4678407d3e877ae2cc1a4caa97301d15f2fcda4f99266c33f0531466,md/18057.md,55979,13994
18078,https://www.mql5.com/en/articles/18078,Data Science and ML (Part 40): Using Fibonacci Retracements in Machine Learning data,,2025-05-15T15:12Z,Expert Advisors,MetaTrader 5,[],Data Science and ML (): Using Fibonacci Retracements in Machine Learning data,40,ok,,af52d567d5f42520d7381416300d45ee50e59de2d57eabc29a32efc00e1357a7,md/18078.md,35849,8962
18086,https://www.mql5.com/en/articles/18086,Price Movement: Mathematical Models and Technical Analysis,,2026-04-24T07:44Z,Trading systems,MetaTrader 5,[],,,ok,,5a5e99bc75f88af908f22dd230f9d7bc40e772eb82d99ad04eefba7597f782a0,md/18086.md,21735,5433
18097,https://www.mql5.com/en/articles/18097,Markov Chain-Based Matrix Forecasting Model,,2026-04-23T13:36Z,Trading systems,MetaTrader 5,[],,,ok,,a28fbaa081d27ae33a545aa553293e3208af378bdf80a6589342c58639463b98,md/18097.md,29275,7318
18099,https://www.mql5.com/en/articles/18099,Hilbert-Schmidt Independence Criterion (HSIC),,2026-04-21T12:12Z,Statistics and analysis,MetaTrader 5,[],,,ok,,09efee7f3aff84f4a35e4dd5982d77731797e46e1d234f751dd0bd10c91b7187,md/18099.md,28969,7242
18103,https://www.mql5.com/en/articles/18103,Integrating Computer Vision into Trading in MQL5 (Part 2): Extending the Architecture to 2D RGB Image Analysis,,2026-04-22T13:10Z,Trading systems,MetaTrader 5,[],Integrating Computer Vision into Trading in MQL5 (): Extending the Architecture to 2D RGB Image Analysis,2,ok,,29605e4aa57572928f728a2d126b2a9b8cb7cde5bd7387bd7679e0e1f35abf0e,md/18103.md,19728,4932
18108,https://www.mql5.com/en/articles/18108,Price Action Analysis Toolkit Development (Part 23): Currency Strength Meter,,2025-05-16T09:29Z,Trading systems,MetaTrader 5,[],Price Action Analysis Toolkit Development (): Currency Strength Meter,23,ok,,337b8e3ec9510968bba34c4f9f776bfaa88461b78f9b499412d9f6069cb274d4,md/18108.md,30839,7709
18111,https://www.mql5.com/en/articles/18111,Implementing a Breakeven Mechanism in MQL5 (Part 2): ATR- and RRR-Based Breakeven,,2026-06-08T11:57Z,Examples,MetaTrader 5,[],Implementing a Breakeven Mechanism in MQL5 (): ATR- and RRR-Based Breakeven,2,ok,,660e787783f5607ae8e06d50f2ae64f41dd068b0ef8428c8a1b009fb25fb5019,md/18111.md,64788,16197
18116,https://www.mql5.com/en/articles/18116,Neural Networks in Trading: Generalizing Time Series Without Data-Specific Dependence (Mamba4Cast),,2026-07-08T06:10Z,Trading systems,MetaTrader 5,[],,,ok,,1520d65d1a3c5980482852a8b96970043da235de82de817494748ccf910f126c,md/18116.md,39219,9804
18131,https://www.mql5.com/en/articles/18131,Trading Options Without Options (Part 1): Basic Theory and Emulation Through Underlying Assets,,2026-04-29T10:01Z,Trading,MetaTrader 5,[],Trading Options Without Options (): Basic Theory and Emulation Through Underlying Assets,1,ok,,6584cd56a9ef44f530174e5032949532c815c07093b8609f73cff8670ca9348c,md/18131.md,56007,14001
18133,https://www.mql5.com/en/articles/18133,Overcoming The Limitation of Machine Learning (Part 2): Lack of Reproducibility,,2025-05-21T11:40Z,Examples,MetaTrader 5,[],Overcoming The Limitation of Machine Learning (): Lack of Reproducibility,2,ok,,d3d57955c42f1f185a7f0eda9b1717918dcafd4b2d598251699ebee65beaffea,md/18133.md,42718,10679
18135,https://www.mql5.com/en/articles/18135,Trading with the MQL5 Economic Calendar (Part 9): Elevating News Interaction with a Dynamic Scrollbar and Polished Display,,2025-05-16T15:19Z,Trading,MetaTrader 5,[],Trading with the MQL5 Economic Calendar (): Elevating News Interaction with a Dynamic Scrollbar and Polished Display,9,ok,,06d18838ac054217b4cf6ed7a5248f927a1459b08a7dc9f47a9273a8b9aa03f8,md/18135.md,104703,26175
18138,https://www.mql5.com/en/articles/18138,Neural Networks in Trading: Generalizing Time Series Without Data-Specific Dependence (Core Model Modules),,2026-08-05T12:24Z,Trading systems,MetaTrader 5,[],,,ok,,d0a368ebd30920634f19520d8c472b8ee81cdd6aab63adaa8b69efefad3390b2,md/18138.md,54958,13739
18143,https://www.mql5.com/en/articles/18143,Data Science and ML (Part 41): Forex and Stock Markets Pattern Detection using YOLOv8,,2025-05-21T11:53Z,Trading systems,MetaTrader 5,[],Data Science and ML (): Forex and Stock Markets Pattern Detection using YOLOv8,41,ok,,159d13fb13c8467ebbf0cf966934162af21fc268e160f1939c881633f9edc321,md/18143.md,42547,10636
18144,https://www.mql5.com/en/articles/18144,MQL5 Wizard Techniques you should know (Part 65): Using Patterns of FrAMA and the Force Index,,2025-05-16T10:51Z,Trading systems,MetaTrader 5,[],MQL5 Wizard Techniques you should know (): Using Patterns of FrAMA and the Force Index,65,ok,,49bc2a784c5195b7ed5fe43d0f6a7c50a38c056e0173f024f906270e5e3ebf77,md/18144.md,35822,8955
18147,https://www.mql5.com/en/articles/18147,Introduction to MQL5 (Part 16): Building Expert Advisors Using Technical Chart Patterns,,2025-05-22T09:08Z,Examples,MetaTrader 5,[],Introduction to MQL5 (): Building Expert Advisors Using Technical Chart Patterns,16,ok,,4e911063b20a57fcb0f7c54984e8e4004673554fe22e46e599edd34309bd4fc5,md/18147.md,138504,34626
18154,https://www.mql5.com/en/articles/18154,Deterministic Oscillatory Search (DOS),,2026-04-27T13:55Z,Trading,MetaTrader 5,[],,,ok,,625e7a24b3266516f6599445896b841fd62d72645c31548f61b869e5855351e7,md/18154.md,44946,11236
18165,https://www.mql5.com/en/articles/18165,Formulating Dynamic Multi-Pair EA (Part 4): Volatility and Risk Adjustment,,2025-08-11T10:06Z,Examples,MetaTrader 5,[],Formulating Dynamic Multi-Pair EA (): Volatility and Risk Adjustment,4,ok,,4e37d59f611036b01d73a099542c11db72d66896d9bffc5b5cb3aa629691a759,md/18165.md,36719,9179
18183,https://www.mql5.com/en/articles/18183,From Novice to Expert: Auto-Geometric Analysis System,,2025-05-23T09:57Z,Examples,MetaTrader 5,[],,,ok,,d92be5f64f6051be5da13f02c2e06ab19dd2a88392fc47e80065aa0f92d7fb71,md/18183.md,45415,11353
18187,https://www.mql5.com/en/articles/18187,Build Self Optimizing Expert Advisors in MQL5 (Part 7): Trading With Multiple Periods At Once,,2025-05-30T09:07Z,Examples,MetaTrader 5,[],Build Self Optimizing Expert Advisors in MQL5 (): Trading With Multiple Periods At Once,7,ok,,3914861c7d2fb00839dacb5da61bf171bf8d78a4ad84cc7ecbd58a1ff3437430,md/18187.md,92764,23191
18188,https://www.mql5.com/en/articles/18188,MQL5 Wizard Techniques you should know (Part 66): Using Patterns of FrAMA and the Force Index with the Dot Product Kernel,,2025-05-21T13:35Z,Trading systems,MetaTrader 5,[],MQL5 Wizard Techniques you should know (): Using Patterns of FrAMA and the Force Index with the Dot Product Kernel,66,ok,,e6f9b07b2c81db186059da8cd63e0eece5eb23f6d6bfa89732f777edbc48a6ed,md/18188.md,39264,9816
18192,https://www.mql5.com/en/articles/18192,Self-Learning Expert Advisor with a Neural Network Based on a Markov State-Transition Matrix,,2026-04-24T11:04Z,Trading systems,MetaTrader 5,[],,,ok,,1a9adf5c7ff990aa73b4999da6e694688ad72036625c8ce522adcd0c717e4d20,md/18192.md,44135,11033
18207,https://www.mql5.com/en/articles/18207,Price Action Analysis Toolkit Development (Part 24): Price Action Quantification Analysis Tool,,2025-05-22T09:14Z,Trading systems,MetaTrader 5,[],Price Action Analysis Toolkit Development (): Price Action Quantification Analysis Tool,24,ok,,5c47ac9fe1baf4b2b41a5986d7e7d7f8a96e025cf7d8dbf579af29c77321cc59,md/18207.md,30731,7682
18208,https://www.mql5.com/en/articles/18208,Building MQL5-Like Trade Classes in Python for MetaTrader 5,,2025-05-26T13:40Z,Trading systems,MetaTrader 5,[],,,ok,,e808d1a7ba283352d6f1604c6097efd56ecc0ca88e0dfda90c2870f1f02aee61,md/18208.md,81646,20411
18221,https://www.mql5.com/en/articles/18221,The View and Controller components for tables in the MQL5 MVC paradigm: Simple controls,,2025-12-04T07:57Z,Examples,MetaTrader 5,[],,,ok,,0a548688634d796748cb1bdc6596e420d203e6705bf20ad8b9a3e105f0bc41ff,md/18221.md,209441,52360
18227,https://www.mql5.com/en/articles/18227,Covariance Matrix Adaptation Evolution Strategy (CMA-ES),,2026-05-28T16:05Z,Trading,MetaTrader 5,[],,,ok,,47fc6baa30e02af3f00375f0a519c693597626b1b85480cbf78dd384fb4b5e82,md/18227.md,76159,19039
18241,https://www.mql5.com/en/articles/18241,Trading with the MQL5 Economic Calendar (Part 10): Draggable Dashboard and Interactive Hover Effects for Seamless News Navigation,,2025-05-26T13:55Z,Trading,MetaTrader 5,[],Trading with the MQL5 Economic Calendar (): Draggable Dashboard and Interactive Hover Effects for Seamless News Navigation,10,ok,,1d369752d491eee20e40aacb6453255d52370e32106109f920a6e5901370c1f7,md/18241.md,63260,15815
18242,https://www.mql5.com/en/articles/18242,Data Science and ML (Part 46): Stock Markets Forecasting Using N-BEATS in Python,,2025-07-21T08:53Z,Trading systems,MetaTrader 5,[],Data Science and ML (): Stock Markets Forecasting Using N-BEATS in Python,46,ok,,0407475a4aa5969e4dd2279da70cc33c4c9a729861c1fb333622990aa079d4e7,md/18242.md,53025,13256
18246,https://www.mql5.com/en/articles/18246,Neural Networks in Trading: Effective Feature Extraction for Accurate Classification (Mantis),,2026-08-05T12:40Z,Trading systems,MetaTrader 5,[],,,ok,,b5387f480abeef88ad2e506f38ade8ae5a14362bc33728a98ff4c13a585fa070,md/18246.md,43104,10776
18247,https://www.mql5.com/en/articles/18247,"Data Science and ML (Part 42): Forex Time series Forecasting using ARIMA in Python, Everything you need to Know",,2025-06-04T12:26Z,Trading systems,MetaTrader 5,[],"Data Science and ML (): Forex Time series Forecasting using ARIMA in Python, Everything you need to Know",42,ok,,a85c4755deb7a5d888d1b485866f96f94b33743bd67b6d76e40b1c2e0400b849,md/18247.md,48761,12190
18251,https://www.mql5.com/en/articles/18251,MQL5 Wizard Techniques you should know (Part 67): Using Patterns of TRIX and the Williams Percent Range,,2025-05-29T13:44Z,Trading,MetaTrader 5,[],MQL5 Wizard Techniques you should know (): Using Patterns of TRIX and the Williams Percent Range,67,ok,,f36177c283ba7ca8e66fad2aa3e3e5fe6071e5fd4c7abb982ad781da3faa197d,md/18251.md,40003,10000
18253,https://www.mql5.com/en/articles/18253,ARIMA Forecasting Indicator in MQL5,,2026-02-16T07:30Z,Experts,MetaTrader 5,[],,,ok,,5b1d99925bab5123b5129237496ed6071648ba678ad0fc522b09d81615fd71a0,md/18253.md,32457,8114
18259,https://www.mql5.com/en/articles/18259,Introduction to MQL5 (Part 17): Building Expert Advisors for Trend Reversals,,2025-06-04T08:41Z,Trading,MetaTrader 5,[],Introduction to MQL5 (): Building Expert Advisors for Trend Reversals,17,ok,,bcbbd37aa1f2f861d5e6b9f444e555b01b3a9f3be759e1ed44861255da23957e,md/18259.md,106437,26609
18269,https://www.mql5.com/en/articles/18269,Automating Trading Strategies in MQL5 (Part 18): Envelopes Trend Bounce Scalping - Core Infrastructure and Signal Generation (Part I),,2025-06-02T11:38Z,Trading,MetaTrader 5,[],Automating Trading Strategies in MQL5 (): Envelopes Trend Bounce Scalping - Core Infrastructure and Signal Generation (Part I),18,ok,,b58f9bb8a65964fb8ce9042deaf58bede1858d2c2240360286d0e503c7f5b1ed,md/18269.md,218448,54612
18281,https://www.mql5.com/en/articles/18281,CAPM Model Indicator for the Forex Market,,2026-04-29T12:05Z,Experts,MetaTrader 5,[],,,ok,,2f70412a12048b2165d2980ef0d17648c68f695f60f9ea45d2ce8c48c4dbe9a4,md/18281.md,19789,4947
18289,https://www.mql5.com/en/articles/18289,Creating a Trading Administrator Panel in MQL5 (Part XII): Integration of a Forex Values Calculator,,2025-06-13T15:15Z,Examples,MetaTrader 5,[],,,ok,,fb9568dc271d095943987b2dd1d9f3c0d571076bc3905b05abd3ab925e267a1c,md/18289.md,90515,22628
18291,https://www.mql5.com/en/articles/18291,Mastering Log Records (Part 7): How to Show Logs on Chart,,2025-05-29T13:49Z,Examples,MetaTrader 5,[],Mastering Log Records (): How to Show Logs on Chart,7,ok,,f07d57141cd82f23f06a22ad7c1db2cdb05a6407719d905ecb67553ab80eeb07,md/18291.md,39771,9942
18297,https://www.mql5.com/en/articles/18297,Price Action Analysis Toolkit Development (Part 25): Dual EMA Fractal Breaker,,2025-06-03T09:22Z,Indicators,MetaTrader 5,[],Price Action Analysis Toolkit Development (): Dual EMA Fractal Breaker,25,ok,,3a0024000d6c20fc02b2b512abdae6306d097c30f813a950e58db643df6e68a3,md/18297.md,41135,10283
18298,https://www.mql5.com/en/articles/18298,Automating Trading Strategies in MQL5 (Part 19): Envelopes Trend Bounce Scalping — Trade Execution and Risk Management (Part II),,2025-06-06T06:54Z,Trading,MetaTrader 5,[],Automating Trading Strategies in MQL5 (): Envelopes Trend Bounce Scalping — Trade Execution and Risk Management (Part II),19,ok,,e2fd9ea0ca8e9ddca37617e44b9e5370fa8b08df811488e4c2dff6a962eb0458,md/18298.md,144527,36131
18299,https://www.mql5.com/en/articles/18299,From Novice to Expert: Animated News Headline Using MQL5 (I),,2025-06-18T08:23Z,Examples,MetaTrader 5,[],,,ok,,47d4bc4e679f84d8a63847426096b42ef9ffe3e9e76f89b83bbf4df60f5516e9,md/18299.md,37985,9496
18303,https://www.mql5.com/en/articles/18303,CFTC Data Mining in Python and Building an AI Model,,2026-05-04T08:24Z,Integration,MetaTrader 5,[],,,ok,,89be4a956b485ddc07c127a443d69d8437578b291127d7a263b82bb0292240cc,md/18303.md,36199,9049
18305,https://www.mql5.com/en/articles/18305,MQL5 Wizard Techniques you should know (Part 68):  Using Patterns of TRIX and the Williams Percent Range with a Cosine Kernel Network,,2025-06-06T06:49Z,Integration,MetaTrader 5,[],MQL5 Wizard Techniques you should know ():  Using Patterns of TRIX and the Williams Percent Range with a Cosine Kernel Network,68,ok,,1ec0624a860de7344a309a4a538918cdc59a057236eaf98cac59dc354eb1e1fb,md/18305.md,44574,11143
18307,https://www.mql5.com/en/articles/18307,Neural Networks in Trading: Effective Feature Extraction for Accurate Classification (Building Objects),,2026-08-06T08:33Z,Trading systems,MetaTrader 5,[],,,ok,,c07a43d146e6b502e2dc0d889eb8051d9a2ff28e053a729c69fc6dfd2db2056a,md/18307.md,42729,10682
18319,https://www.mql5.com/en/articles/18319,MQL5 Trading Tools (Part 3): Building a Multi-Timeframe Scanner Dashboard for Strategic Trading,,2025-06-04T08:25Z,Trading,MetaTrader 5,[],MQL5 Trading Tools (): Building a Multi-Timeframe Scanner Dashboard for Strategic Trading,3,ok,,47bd593ad7afad44abeb734b456abc36df650caecc0d6bdb203448ebba7cb0c0,md/18319.md,66350,16587
18324,https://www.mql5.com/en/articles/18324,Exploring Conformal Forecasting of Financial Time Series,,2026-05-12T12:36Z,Trading systems,MetaTrader 5,[],,,ok,,d30d92127ffd46f194db728378a68fdf45e7840160ab26c3dcc7314382b1ac06,md/18324.md,51841,12960
18329,https://www.mql5.com/en/articles/18329,Neural Networks in Trading: Effective Feature Extraction for Accurate Classification (Final Part),,2026-08-07T08:59Z,Trading systems,MetaTrader 5,[],,,ok,,82f74f3693031e993e6a22857949b5e9eb2ae9839ddcf6533acfbace7827c13b,md/18329.md,48818,12204
18354,https://www.mql5.com/en/articles/18354,Biogeography-Based Optimization (BBO),,2026-05-15T12:04Z,Trading,MetaTrader 5,[],,,ok,,abf21299c95cf2a50245779ff86edc574e127fedc85e51e06c85dee4e9229eab,md/18354.md,56910,14227
18355,https://www.mql5.com/en/articles/18355,Mining Central Bank Balance Sheet Data to Get a Picture of Global Liquidity,,2026-04-30T14:37Z,Trading systems,MetaTrader 5,[],,,ok,,b6730b095d10af1bdf4d699d28afec1adb3e529624adb8bcefd0462c16a72fc6,md/18355.md,31169,7792
18361,https://www.mql5.com/en/articles/18361,Bivariate Copulae in MQL5 (Part 1): Implementing Gaussian and Student's t-Copulae for Dependency Modeling,,2025-10-13T10:32Z,Examples,MetaTrader 5,[],Bivariate Copulae in MQL5 (): Implementing Gaussian and Student's t-Copulae for Dependency Modeling,1,ok,,1f49eb0822d68098afe8df80d03e253ac762e1849be06d01cbb82e43bfc5013e,md/18361.md,71216,17804
18363,https://www.mql5.com/en/articles/18363,Trading Options Without Options (Part 2): Use in Real Trading,,2026-06-19T13:40Z,Examples,MetaTrader 5,[],Trading Options Without Options (): Use in Real Trading,2,ok,,42547e331dc1569e335f9a52f88c85e156416189abac1bf17ca6cb02896c2cbf,md/18363.md,39678,9919
18371,https://www.mql5.com/en/articles/18371,Data Science and ML (Part 44): Forex OHLC Time series Forecasting using Vector Autoregression (VAR),,2025-06-23T08:39Z,Trading systems,MetaTrader 5,[],Data Science and ML (): Forex OHLC Time series Forecasting using Vector Autoregression (VAR),44,ok,,8284ad1270ae297e4d1fb1dc1fbda1acfa672c6ec7c2b725e700ac2581b2aebe,md/18371.md,57303,14325
18379,https://www.mql5.com/en/articles/18379,Price Action Analysis Toolkit Development (Part 27): Liquidity Sweep With MA Filter Tool,,2025-06-11T08:18Z,Examples,MetaTrader 5,[],Price Action Analysis Toolkit Development (): Liquidity Sweep With MA Filter Tool,27,ok,,ce2d6448cc665fbb9570e118279e8673e383079429e4c9637d47dd757d144e61,md/18379.md,45727,11431
18399,https://www.mql5.com/en/articles/18399,MQL5 Wizard Techniques you should know (Part 69): Using Patterns of SAR and the RVI,,2025-06-11T08:24Z,Trading,MetaTrader 5,[],MQL5 Wizard Techniques you should know (): Using Patterns of SAR and the RVI,69,ok,,7d3a816e9998d20ab2ae424b6dbbb719b8924edddefb2e69375c86f02cf0aca5,md/18399.md,39397,9849
18402,https://www.mql5.com/en/articles/18402,Build Self Optimizing Expert Advisors in MQL5 (Part 8): Multiple Strategy Analysis,,2025-06-16T15:03Z,Examples,MetaTrader 5,[],Build Self Optimizing Expert Advisors in MQL5 (): Multiple Strategy Analysis,8,ok,,f18a4f1f09f6fa765b8f22befbbeed556023037ef9c300bc3aea69ca769883a5,md/18402.md,48310,12077
18414,https://www.mql5.com/en/articles/18414,Neural Networks in Trading: A Cross-Domain Time Series Forecasting Framework (TimeFound),,2026-08-10T10:39Z,Trading systems,MetaTrader 5,[],,,ok,,4e8ba2601f86d6e4df676e3cc454d29caf0995123862cc8ed40bff3c1ee40674,md/18414.md,39294,9823
18427,https://www.mql5.com/en/articles/18427,Gaussian Processes in Machine Learning: Regression Model in MQL5,,2026-05-13T13:28Z,Statistics and analysis,MetaTrader 5,[],,,ok,,2498d9a5fa7819e76c139e60d205b1b05019472c99a59928645268c605f89da0,md/18427.md,41052,10263
18433,https://www.mql5.com/en/articles/18433,MQL5 Wizard Techniques you should know (Part 70):  Using Patterns of SAR and the RVI with a Exponential Kernel Network,,2025-06-18T08:18Z,Integration,MetaTrader 5,[],MQL5 Wizard Techniques you should know ():  Using Patterns of SAR and the RVI with a Exponential Kernel Network,70,ok,,2bc60564f85ce86a512b9b56fa837085e450a3fe9bea74f7420eb47ba58ffe63,md/18433.md,40697,10174
18447,https://www.mql5.com/en/articles/18447,Neural Networks in Trading: A Cross-Domain Time Series Forecasting Framework (Conclusion),,2026-08-11T12:35Z,Trading systems,MetaTrader 5,[],,,ok,,fa2ae79637d6b1ae386ee06dd9be2a9ea44116635c4a7c98ed9ad205ccf106f4,md/18447.md,63656,15914
18451,https://www.mql5.com/en/articles/18451,Downloading International Monetary Fund Data Using Python,,2026-05-18T09:04Z,Integration,MetaTrader 5,[],,,ok,,4f7d91368c821fb9bff84d2a185a89d9b22d72b2ea2fe9ea1344d572edc734d8,md/18451.md,35345,8836
18453,https://www.mql5.com/en/articles/18453,An Introduction to the Study of Fractal Market Structures Using Machine Learning,,2026-05-27T11:51Z,Trading systems,MetaTrader 5,[],,,ok,,a446c02fbc948bfa35bec05f30a3292a7d649b54ffe1b2ff265894f19c894600,md/18453.md,29306,7326
18455,https://www.mql5.com/en/articles/18455,Determining Fair Exchange Rates Using PPP and IMF Data,,2026-05-19T12:21Z,Integration,MetaTrader 5,[],,,ok,,bbc34f9f0dfaafa0494554640268a99e2de85ef9c54c7b7c99bbc51146853269,md/18455.md,47087,11771
18460,https://www.mql5.com/en/articles/18460,Eagle Strategy (ES),,2026-05-20T11:48Z,Trading,MetaTrader 5,[],,,ok,,ce7b565e8802cb322bdbb2d5d92eda53ddd05acc50281a25785340359b6a3a17,md/18460.md,65723,16430
18462,https://www.mql5.com/en/articles/18462,MQL5 Wizard Techniques you should know (Part 71): Using Patterns of MACD and the OBV,,2025-06-20T08:52Z,Trading systems,MetaTrader 5,[],MQL5 Wizard Techniques you should know (): Using Patterns of MACD and the OBV,71,ok,,05db515b70ad81371ca62872ee56d90834ef6ea2f07ff4ca7fff197158e600b6,md/18462.md,40363,10090
18465,https://www.mql5.com/en/articles/18465,From Novice to Expert: Animated News Headline Using MQL5 (II),,2025-06-20T10:38Z,Examples,MetaTrader 5,[],,,ok,,0d8c687e892dce4a96f53821745203e30a919150b6412b6085c46f71837e1334,md/18465.md,37632,9408
18467,https://www.mql5.com/en/articles/18467,Mastering Log Records (Part 8): Error Records That Translate Themselves,,2025-06-18T08:29Z,Examples,MetaTrader 5,[],Mastering Log Records (): Error Records That Translate Themselves,8,ok,,28b12f11b269189ea39f398654b77c329141ca5c55e7655f0442c4ee3520c7a6,md/18467.md,43556,10889
18471,https://www.mql5.com/en/articles/18471,Self Optimizing Expert Advisors in MQL5 (Part 8): Multiple Strategy Analysis (2),,2025-06-26T13:46Z,Examples,MetaTrader 5,[],Self Optimizing Expert Advisors in MQL5 (): Multiple Strategy Analysis (2),8,ok,,5882c74a9aa2133a1e00a9ee236fdeab13994887c9c622b361de0baa5fe533e2,md/18471.md,46739,11684
18486,https://www.mql5.com/en/articles/18486,Price Action Analysis Toolkit Development (Part 28): Opening Range Breakout Tool,,2025-06-20T10:41Z,Examples,MetaTrader 5,[],Price Action Analysis Toolkit Development (): Opening Range Breakout Tool,28,ok,,738ba270508c81f8815b422897baaa507d78a0155c3896003d4963dfe4289973,md/18486.md,37312,9328
18495,https://www.mql5.com/en/articles/18495,Dolphin Echolocation Algorithm (DEA),,2026-06-02T15:20Z,Trading,MetaTrader 5,[],,,ok,,7794a57c6f0982fd54269e20015936db53cb13320960eb73f8689b70cb50d4e3,md/18495.md,67213,16803
18497,https://www.mql5.com/en/articles/18497,Data Science and ML (Part 43): Hidden Patterns Detection in Indicators Data Using Latent Gaussian Mixture Models (LGMM),,2025-06-19T09:30Z,Expert Advisors,MetaTrader 5,[],Data Science and ML (): Hidden Patterns Detection in Indicators Data Using Latent Gaussian Mixture Models (LGMM),43,ok,,8c15b02fb56383f9899fd3dcdd5d28b67671ddbbeeda9172f06c21440f015108,md/18497.md,66369,16592
18499,https://www.mql5.com/en/articles/18499,Neural Networks in Trading: An Intelligent Forecast Pipeline (Time-MoE),,2026-08-12T08:58Z,Trading systems,MetaTrader 5,[],,,ok,,1f7b246e926b6f5b997697d4bc7342fd9534d15f7639a5770f13e01eebd89013,md/18499.md,38571,9642
18518,https://www.mql5.com/en/articles/18518,Getting Started with MQL5 Algo Forge,,2025-08-27T10:13Z,Examples,MetaTrader 5,[],,,ok,,a7e3246d530825d0631e00eac25bd3ad80255b42ece1acfdff56d3c1c5f2d96d,md/18518.md,16588,4147
18525,https://www.mql5.com/en/articles/18525,Reimagining Classic Strategies (Part 13): Taking Our Crossover Strategy to New Dimensions (Part 2),,2025-06-18T08:34Z,Examples,MetaTrader 5,[],Reimagining Classic Strategies (): Taking Our Crossover Strategy to New Dimensions (),13,ok,,c5e1e62b42b33b65120712973079174e844e56375cb843b4467f42dfae766899,md/18525.md,47626,11906
18527,https://www.mql5.com/en/articles/18527,Neural Networks in Trading: An Intelligent Forecast Pipeline (Sparse Mixture of Experts),,2026-08-13T11:29Z,Trading systems,MetaTrader 5,[],,,ok,,eada6bc7e45fc1e943f68d997dc6217391fd5f8c28d8d15572365250ffd82074,md/18527.md,59560,14890
18528,https://www.mql5.com/en/articles/18528,From Novice to Expert: Animated News Headline Using MQL5 (III) — Indicator Insights,,2025-07-01T08:39Z,Examples,MetaTrader 5,[],,,ok,,2b2eba523a640921b4e389bd293adc19f0f0563c2176364602f991d5bc872227,md/18528.md,39628,9907
18548,https://www.mql5.com/en/articles/18548,Neural Networks in Trading: An Intelligent Forecast Pipeline (Conclusion),,2026-08-14T12:57Z,Trading systems,MetaTrader 5,[],,,ok,,ea4defe8676e6c8f20ca013deb086161d64e5f8d12a0d1983ed44aa176c49301,md/18548.md,61035,15258
18549,https://www.mql5.com/en/articles/18549,Data Science and ML (Part 45): Forex Time series forecasting using PROPHET by Facebook Model,,2025-07-01T08:49Z,Integration,MetaTrader 5,[],Data Science and ML (): Forex Time series forecasting using PROPHET by Facebook Model,45,ok,,c00a0e03d609401b2c5960e4d11396a3490786666a3c6988d46986d0387dd02f,md/18549.md,61461,15365
18550,https://www.mql5.com/en/articles/18550,"Sending Messages from MQL5 to Discord, Creating a Discord-MetaTrader 5 Bot",,2025-06-26T08:29Z,Integration,MetaTrader 5,[],,,ok,,89028b87941eca258a9ad9b1c063e02378f83a07e7d8c257fb73cea46b07b0d3,md/18550.md,46358,11589
18551,https://www.mql5.com/en/articles/18551,"Price Action Analysis Toolkit Development (Part 30): Commodity Channel Index (CCI), Zero Line EA",,2025-07-02T08:49Z,Trading systems,MetaTrader 5,[],"Price Action Analysis Toolkit Development (): Commodity Channel Index (CCI), Zero Line EA",30,ok,,3254e174fcaafa3a1cc787626ef1023ad0f53f154b8ea64d0caf5e158d7e88b5,md/18551.md,41388,10347
18553,https://www.mql5.com/en/articles/18553,Application of the Grey Model in Technical Analysis of Financial Time Series,,2026-05-29T14:42Z,Trading systems,MetaTrader 5,[],,,ok,,998ae03b264f400786aeace5ac8fe65739eef8133cf808344e40c9942cbd7fba,md/18553.md,20097,5024
18555,https://www.mql5.com/en/articles/18555,Introduction to MQL5 (Part 18): Introduction to Wolfe Wave Pattern,,2025-07-11T08:01Z,Trading,MetaTrader 5,[],Introduction to MQL5 (): Introduction to Wolfe Wave Pattern,18,ok,,a21a8fe75bb347a632c7374ed2ffb93cd0bdab449d197a7626b73f384ef034a9,md/18555.md,26117,6529
18566,https://www.mql5.com/en/articles/18566,Detecting and Classifying Fractal Patterns Using Machine Learning,,2026-05-29T12:06Z,Trading,MetaTrader 5,[],,,ok,,1071b9d3209745c5b250aa5f9156db4ce3cae3634ae0db89e3f2fab5b8573678,md/18566.md,42989,10747
18568,https://www.mql5.com/en/articles/18568,Backtracking Search Algorithm (BSA),,2026-06-04T11:18Z,Trading systems,MetaTrader 5,[],,,ok,,6e802c6ad727de4b302918c3be23ded46ac0350222c8d6c1cb2cb27a36b29c36,md/18568.md,63156,15789
18587,https://www.mql5.com/en/articles/18587,Building a Trading System (Part 1): A Quantitative Approach,,2025-07-28T14:36Z,Trading,MetaTrader 5,[],Building a Trading System (): A Quantitative Approach,1,ok,,9e3491613400369bb41dd184ac0ae97288629ae56d56be3e1fe4830b3c101ceb,md/18587.md,32187,8046
18592,https://www.mql5.com/en/articles/18592,Analyzing Price Time Gaps in MQL5 (Part I): Building a Basic Indicator,,2026-06-03T11:31Z,Trading systems,MetaTrader 5,[],,,ok,,57e96b33bfaa38a026517a55a181747f93f1710d86f322988c8de6877452b588,md/18592.md,21121,5280
18596,https://www.mql5.com/en/articles/18596,Neural Networks in Trading: Adaptive Periodic Segmentation (LightGTS),,2026-08-17T10:44Z,Trading systems,MetaTrader 5,[],,,ok,,78756d73146754136f15bf873958bd5ffb48c7ab83c62b1b708823dd18e4a4b3,md/18596.md,36772,9193
18602,https://www.mql5.com/en/articles/18602,Mastering Log Records (Part 9): Implementing the builder pattern and adding default configurations,,2025-06-27T09:14Z,Examples,MetaTrader 5,[],Mastering Log Records (): Implementing the builder pattern and adding default configurations,9,ok,,7e03cba005df7bdf241fd32d0915b27dd24f7e6c25cc733c086f015a6e1875cd,md/18602.md,46810,11702
18603,https://www.mql5.com/en/articles/18603,Exploring Regression Models for Causal Inference and Trading,,2026-06-10T12:46Z,Integration,MetaTrader 5,[],,,ok,,e6f85881bbf2c230c3db09c47f6efcdff0c8725ccd11b5a64c83b1719a6e35cb,md/18603.md,31210,7802
18604,https://www.mql5.com/en/articles/18604,Automating Trading Strategies in MQL5 (Part 20): Multi-Symbol Strategy Using CCI and AO,,2025-06-27T09:09Z,Trading,MetaTrader 5,[],Automating Trading Strategies in MQL5 (): Multi-Symbol Strategy Using CCI and AO,20,ok,,cf860b5adc68330a245dce4b2aa56411350c8ae20dfe716d22252631cbb083de,md/18604.md,52557,13139
18605,https://www.mql5.com/en/articles/18605,Exchange Market Algorithm (EMA),,2026-06-09T11:09Z,Trading systems,MetaTrader 5,[],,,ok,,2cf7769da500ffbfc4e86dd2f5d4727d639023e4acf4c47ba99492020f890de9,md/18605.md,50042,12510
18612,https://www.mql5.com/en/articles/18612,Installing MetaTrader 5 and Other MetaQuotes Apps on HarmonyOS NEXT,,2025-06-24T12:22Z,Trading,MetaTrader 5,[],,,ok,,ea5f88ab73e2d403b8dd169c1ea32c093124a3eef459fa9043feb6fdd5da43b9,md/18612.md,9223,2305
18616,https://www.mql5.com/en/articles/18616,Price Action Analysis Toolkit Development (Part 29): Boom and Crash Interceptor EA,,2025-06-30T11:12Z,Examples,MetaTrader 5,[],Price Action Analysis Toolkit Development (): Boom and Crash Interceptor EA,29,ok,,c6bb3cab5b936c47676052c3539dbdde089aba206d98cabd297120186a424f8e,md/18616.md,31794,7948
18629,https://www.mql5.com/en/articles/18629,Neural Networks in Trading: Adaptive Periodic Segmentation (Creating Tokens),,2026-08-18T09:40Z,Trading systems,MetaTrader 5,[],,,ok,,e192705f8f2ee18ac143050b07f66156e00b48c13fe592043f6f0e438ba80013,md/18629.md,44531,11132
18640,https://www.mql5.com/en/articles/18640,"Implementing Practical Modules from Other Languages in MQL5 (Part 01): Building the SQLite3 Library, Inspired by Python",,2025-07-03T11:46Z,Trading systems,MetaTrader 5,[],"Implementing Practical Modules from Other Languages in MQL5 (): Building the SQLite3 Library, Inspired by Python",1,ok,,31852268a8ef626126ae7778877de6dfbcf374a2f1184aa80735fe44efe06386,md/18640.md,73525,18381
18658,https://www.mql5.com/en/articles/18658,The View and Controller components for tables in the MQL5 MVC paradigm: Containers,,2025-12-09T09:49Z,Examples,MetaTrader 5,[],,,ok,,81e31657e9022c498899a888d9bba641e47e2999a4e759d19d24030470cfd878,md/18658.md,323755,80938
18660,https://www.mql5.com/en/articles/18660,Automating Trading Strategies in MQL5 (Part 21): Enhancing Neural Network Trading with Adaptive Learning Rates,,2025-07-02T08:34Z,Trading,MetaTrader 5,[],Automating Trading Strategies in MQL5 (): Enhancing Neural Network Trading with Adaptive Learning Rates,21,ok,,eb9dad323378d4192639efb6aba2e85c239cbedd5cb16c4240acb2b958640c06,md/18660.md,81926,20481
18661,https://www.mql5.com/en/articles/18661,Analyzing Price Time Gaps in MQL5 (Part II): Creating a Heat Map of Liquidity Distribution Over Time,,2026-06-05T09:24Z,Indicators,MetaTrader 5,[],,,ok,,b01598faf295dc14233578bbbc4400621b6b36fefde861cce59591c6d9bc42c3,md/18661.md,18837,4709
18669,https://www.mql5.com/en/articles/18669,"Mastering Fair Value Gaps: Formation, Logic, and Automated Trading with Breakers and Market Structure Shifts",,2025-09-15T09:02Z,Trading,MetaTrader 5,[],,,ok,,73cb5e039699c3e7a96d648a0d1011de08d85759edb73eb989d199d63661aa56,md/18669.md,61378,15344
18672,https://www.mql5.com/en/articles/18672,"Seasonality Indicator by Hours, Days of the Week, and Days of the Month",,2026-06-04T12:25Z,Trading systems,MetaTrader 5,[],,,ok,,fb2c6d556b7c308aa74f51db5d54d6f118c58c73d34e4a783383644af8e23f91,md/18672.md,28765,7191
18680,https://www.mql5.com/en/articles/18680,MetaTrader tick info access from MQL5 services to Python application using sockets,,2025-07-28T14:41Z,Trading systems,MetaTrader 5,[],,,ok,,8d955ebd8c73fb64587d594c741b3d646dfdc87ff72c5027a19ae6b6b0ac79ae,md/18680.md,24749,6187
18681,https://www.mql5.com/en/articles/18681,MQL5 Custom Symbols: Creating a 3D Bars Symbol,,2026-06-10T14:26Z,Indicators,MetaTrader 5,[],,,ok,,470a9fe01bcfcca3a6579b85319a7d43a16a40217041b6fa7e26b292cbaa9b94,md/18681.md,21091,5272
18685,https://www.mql5.com/en/articles/18685,From Novice to Expert: Animated News Headline Using MQL5 (IV) — Locally hosted AI model market insights,,2025-07-07T09:27Z,Examples,MetaTrader 5,[],,,ok,,81661ebcc7199bf6ad67978afab9893882cd2a978a431faf7f5cb36b2fe99673,md/18685.md,40319,10079
18686,https://www.mql5.com/en/articles/18686,Neural Networks in Trading: Adaptive Periodic Segmentation (Conclusion),,2026-08-19T09:49Z,Trading systems,MetaTrader 5,[],,,ok,,e2387dc578ffef117f7ddfa74674565faacf69db27cac70c3fb37f5f74038a64,md/18686.md,52794,13198
18697,https://www.mql5.com/en/articles/18697,MQL5 Wizard Techniques you should know (Part 72): Using Patterns of MACD and the OBV with Supervised Learning,,2025-07-02T08:44Z,Trading systems,MetaTrader 5,[],MQL5 Wizard Techniques you should know (): Using Patterns of MACD and the OBV with Supervised Learning,72,ok,,3446870b682d3b69951f78edc979f01205462222cbe4c337e8826259ee41277a,md/18697.md,43671,10917
18702,https://www.mql5.com/en/articles/18702,Statistical Arbitrage Through Cointegrated Stocks (Part 1): Engle-Granger and Johansen Cointegration Tests,,2025-07-04T14:43Z,Trading systems,MetaTrader 5,[],Statistical Arbitrage Through Cointegrated Stocks (): Engle-Granger and Johansen Cointegration Tests,1,ok,,66fd0500bd946ff1dc3305925ad5fffd8e14c02f2fdf42e8e43f4cf2112a902d,md/18702.md,42625,10656
18720,https://www.mql5.com/en/articles/18720,Automating Trading Strategies in MQL5 (Part 22): Creating a Zone Recovery System for Envelopes Trend Trading,,2025-07-07T08:57Z,Trading,MetaTrader 5,[],Automating Trading Strategies in MQL5 (): Creating a Zone Recovery System for Envelopes Trend Trading,22,ok,,c889881f234b1c25866dd98ba868a65ee81cd803f8cfd06c57081ac3f9457aef,md/18720.md,88614,22153
18723,https://www.mql5.com/en/articles/18723,MQL5 Wizard Techniques you should know (Part 73): Using Patterns of Ichimoku and the ADX-Wilder,,2025-07-04T14:48Z,Tester,MetaTrader 5,[],MQL5 Wizard Techniques you should know (): Using Patterns of Ichimoku and the ADX-Wilder,73,ok,,aff7a933dbde4800f92083dc0c43147cc841e626eefc8717b9b9ab01e790a2b3,md/18723.md,39751,9937
18728,https://www.mql5.com/en/articles/18728,"Implementing Practical Modules from Other Languages in MQL5 (Part 02): Building the REQUESTS Library, Inspired by Python",,2025-07-17T08:25Z,Integration,MetaTrader 5,[],"Implementing Practical Modules from Other Languages in MQL5 (): Building the REQUESTS Library, Inspired by Python",2,ok,,e0a206bf2983f3df8ae649004a773c8a659b336ace5631b02861f0d68523bc74,md/18728.md,94038,23509
18734,https://www.mql5.com/en/articles/18734,Neural Networks in Trading: Probabilistic Time Series Forecasting (K2VAE),,2026-08-20T08:19Z,Trading systems,MetaTrader 5,[],,,ok,,8b864cd7655fbdf4e285896c73e926e60dcc247b0cd18683971078b049426482,md/18734.md,40934,10233
18750,https://www.mql5.com/en/articles/18750,From Novice to Expert: Animated News Headline Using MQL5 (V)—Event Reminder System,,2025-07-11T08:06Z,Examples,MetaTrader 5,[],,,ok,,067be38df4908a1bef8b10f2ae58750a078858e6cd68e208164519472c2459c3,md/18750.md,26165,6541
18754,https://www.mql5.com/en/articles/18754,From Novice to Expert: Animated News Headline Using MQL5 (VI) — Pending Order Strategy for News Trading,,2025-07-18T14:16Z,Trading,MetaTrader 5,[],,,ok,,8d45cd242f145e0ac4825b7f1d41f77ee425a28b3138aabf55ed2c0c9f4413d9,md/18754.md,33502,8375
18755,https://www.mql5.com/en/articles/18755,Extremal Optimization (EO),,2026-06-12T13:49Z,Trading,MetaTrader 5,[],,,ok,,4415766af1cf7db823917f7333e98cbb6332a3e20527a110ac5595dc416b2257,md/18755.md,58411,14602
18759,https://www.mql5.com/en/articles/18759,Quantum Neural Network in MQL5 (Part I): Creating the Include File,,2026-06-11T09:54Z,Expert Advisors,MetaTrader 5,[],,,ok,,9059b51a66634582530b2e73b01b7406b01e9af0be0f4db5ba48aed5065594a5,md/18759.md,42345,10586
18760,https://www.mql5.com/en/articles/18760,Graph Theory: Dijkstra's Algorithm Applied in Trading,,2025-07-09T09:24Z,Examples,MetaTrader 5,[],,,ok,,b699e1b28cfc4c694d33f73bbabaac6ecb3c6f513202fdd06d494a0b9edb4195,md/18760.md,37579,9394
18761,https://www.mql5.com/en/articles/18761,Integrating MQL5 with data processing packages (Part 5): Adaptive Learning and Flexibility,,2025-08-12T06:04Z,Examples,MetaTrader 5,[],Integrating MQL5 with data processing packages (): Adaptive Learning and Flexibility,5,ok,,de8327434fe86a0b798085a5c2d12dd72832445f327bc56be3ab2146781741dc,md/18761.md,43692,10923
18766,https://www.mql5.com/en/articles/18766,Neural Networks in Trading: Probabilistic Time Series Forecasting (Encoder),,2026-08-21T11:32Z,Trading systems,MetaTrader 5,[],,,ok,,902ccff61ef3281f82ae48bb5c4fb50797540c017258783e59b3bb84c4339a76,md/18766.md,70330,17582
18770,https://www.mql5.com/en/articles/18770,Self Optimizing Expert Advisors in MQL5 (Part 8): Multiple Strategy Analysis (3) — Weighted Voting Policy,,2025-07-10T12:25Z,Examples,MetaTrader 5,[],Self Optimizing Expert Advisors in MQL5 (): Multiple Strategy Analysis (3) — Weighted Voting Policy,8,ok,,38cb1faf8912a810a21ac715dcce21af55c41c479a2073be1f92633bf606aa1b,md/18770.md,35685,8921
18776,https://www.mql5.com/en/articles/18776,MQL5 Wizard Techniques you should know (Part 74):  Using Patterns of Ichimoku and the ADX-Wilder with Supervised Learning,,2025-07-10T10:21Z,Trading,MetaTrader 5,[],MQL5 Wizard Techniques you should know ():  Using Patterns of Ichimoku and the ADX-Wilder with Supervised Learning,74,ok,,909e15bd4ceae72f007614c5ab48473d3ca9c49e3f59cf01c8fb6e8d3c0e27ea,md/18776.md,41524,10381
18777,https://www.mql5.com/en/articles/18777,Singular Spectrum Analysis in MQL5,,2025-07-10T12:22Z,Examples,MetaTrader 5,[],,,ok,,eaf77d8c71cc692012551792327e307873f02bebe8bc18a6d3b2cc8073007821,md/18777.md,26506,6626
18778,https://www.mql5.com/en/articles/18778,Automating Trading Strategies in MQL5 (Part 23): Zone Recovery with Trailing and Basket Logic,,2025-07-09T09:16Z,Trading,MetaTrader 5,[],Automating Trading Strategies in MQL5 (): Zone Recovery with Trailing and Basket Logic,23,ok,,1555850789e8fcaa5b0e57d8416c306f26ab2ba0c365df5cc1d71f85a518cd95,md/18778.md,63216,15804
18785,https://www.mql5.com/en/articles/18785,Quantum Neural Network in MQL5 (Part II): Training a Neural Network with Backpropagation on ALGLIB Markov Matrices,,2026-06-22T10:34Z,Indicators,MetaTrader 5,[],,,ok,,27f48c21f95a319a51d997f1940c9673640dda38932814954b2aa049e0380ea2,md/18785.md,38509,9627
18786,https://www.mql5.com/en/articles/18786,MQL5 Trading Tools (Part 4): Improving the Multi-Timeframe Scanner Dashboard with Dynamic Positioning and Toggle Features,,2025-07-17T08:20Z,Trading,MetaTrader 5,[],MQL5 Trading Tools (): Improving the Multi-Timeframe Scanner Dashboard with Dynamic Positioning and Toggle Features,4,ok,,5c7f2616f57dffc980168f352b19392c6a33597150c38d50e12c4d5f9314d841,md/18786.md,66365,16591
18789,https://www.mql5.com/en/articles/18789,Price Action Analysis Toolkit Development (Part 31): Python Candlestick Recognition Engine (I) — Manual Detection,,2025-07-14T11:20Z,Integration,MetaTrader 5,[],Price Action Analysis Toolkit Development (): Python Candlestick Recognition Engine (I) — Manual Detection,31,ok,,b7ace6bedc1b5fb2ed8fad1a2dfca87a37ea6c57596f1b5d0105b25569ebae9a,md/18789.md,38292,9573
18793,https://www.mql5.com/en/articles/18793,Self Optimizing Expert Advisors in MQL5 (Part 9): Double Moving Average Crossover,,2025-07-18T14:03Z,Examples,MetaTrader 5,[],Self Optimizing Expert Advisors in MQL5 (): Double Moving Average Crossover,9,ok,,4069418d1730df56d8fd2e1d65a34b7a290d52dea0cda5df9d9d6bc358e95925,md/18793.md,34407,8601
18807,https://www.mql5.com/en/articles/18807,Neural Networks in Trading: Probabilistic Time Series Forecasting (Conclusion),,2026-08-31T07:51Z,Trading systems,MetaTrader 5,[],,,ok,,ae887f8fda899d43f437d2357ecb4173fe2f4966bad69da480314e34ccaa86d5,md/18807.md,54419,13604
18810,https://www.mql5.com/en/articles/18810,Building a Professional Trading System with Heikin Ashi (Part 2): Developing an EA,,2025-10-02T09:35Z,Trading systems,MetaTrader 5,[],Building a Professional Trading System with Heikin Ashi (): Developing an EA,2,ok,,21db81477121db2b1ee271f7a69aef392b3e243b5813533409eabdf5cca799f7,md/18810.md,61659,15414
18817,https://www.mql5.com/en/articles/18817,From Novice to Expert: Animated News Headline Using MQL5 (VII) — Post Impact Strategy for News Trading,,2025-07-25T08:47Z,Examples,MetaTrader 5,[],,,ok,,03e066fdad09414ce7f7cfa604e692c837d74a25560e4d1f88796983d8b98006,md/18817.md,50557,12639
18821,https://www.mql5.com/en/articles/18821,Analyzing the Hourly Movement of Trading Symbols and Their Spreads in MetaTrader 5,,2026-07-14T13:20Z,Trading,MetaTrader 5,[],,,ok,,2e04a6f5a0527bc5adda44531d11dae9f211fc3894d85555e667b9bfddc1d43c,md/18821.md,43807,10951
18824,https://www.mql5.com/en/articles/18824,Price Action Analysis Toolkit Development (Part 32): Python Candlestick Recognition Engine (II) — Detection Using Ta-Lib,,2025-07-18T15:06Z,Trading systems,MetaTrader 5,[],Price Action Analysis Toolkit Development (): Python Candlestick Recognition Engine (II) — Detection Using Ta-Lib,32,ok,,5ca070803a46b9b2eea0e06438574a0b424695660a33983abf461900b98fa922,md/18824.md,45182,11295
18842,https://www.mql5.com/en/articles/18842,MQL5 Wizard Techniques you should know (Part 75): Using Awesome Oscillator and the Envelopes,,2025-07-17T08:38Z,Trading systems,MetaTrader 5,[],MQL5 Wizard Techniques you should know (): Using Awesome Oscillator and the Envelopes,75,ok,,4a4f3d4e38d2e291ca499e98e5bbd73d76646e0c3028ac3173852544560fdcf0,md/18842.md,45591,11397
18844,https://www.mql5.com/en/articles/18844,MQL5 Trading Tools (Part 5): Creating a Rolling Ticker Tape for Real-Time Symbol Monitoring,,2025-07-22T10:39Z,Trading,MetaTrader 5,[],MQL5 Trading Tools (): Creating a Rolling Ticker Tape for Real-Time Symbol Monitoring,5,ok,,c376f8b0a369f6f23de8b31d68f40e396b7fbcc98f75bd86c7087c4576401121,md/18844.md,63679,15919
18847,https://www.mql5.com/en/articles/18847,Reimagining Classic Strategies (Part 14): Multiple Strategy Analysis,,2025-07-22T10:42Z,Examples,MetaTrader 5,[],Reimagining Classic Strategies (): Multiple Strategy Analysis,14,ok,,3bf49b5e4da2f719578062de593b66c8ecea8b1f22f2ac562d2d40712687f8df,md/18847.md,50360,12590
18854,https://www.mql5.com/en/articles/18854,Neural Networks in Trading: An End-to-End Multivariate Time Series Forecasting Model (GinAR),,2026-09-01T14:13Z,Trading systems,MetaTrader 5,[],,,ok,,248da58bf35c9c904921ab22e202c34fbcad36cbda99b10a76374f3e9c20850b,md/18854.md,48401,12100
18857,https://www.mql5.com/en/articles/18857,Competitive Learning Algorithm (CLA),,2026-06-17T10:29Z,Trading,MetaTrader 5,[],,,ok,,cbd69401d2b5f6ce63fec1a2997f0e3cacb6ea98ac1328bb035efa4bbdbb3b9f,md/18857.md,52736,13184
18864,https://www.mql5.com/en/articles/18864,MetaTrader 5 Machine Learning Blueprint (Part 2): Labeling Financial Data for Machine Learning,,2025-08-22T13:57Z,Trading,MetaTrader 5,[],MetaTrader 5 Machine Learning Blueprint (): Labeling Financial Data for Machine Learning,2,ok,,e885447fcbd7865b5c21269bc036067073e0cca1597481a8786096ef372c233e,md/18864.md,66021,16505
18867,https://www.mql5.com/en/articles/18867,Automating Trading Strategies in MQL5 (Part 24): London Session Breakout System with Risk Management and Trailing Stops,,2025-07-23T10:09Z,Trading,MetaTrader 5,[],Automating Trading Strategies in MQL5 (): London Session Breakout System with Risk Management and Trailing Stops,24,ok,,dda673f0e7faac0730ec8c45568d6f386033aabc9a753cea757e5e6d3a94b5be,md/18867.md,67280,16820
18873,https://www.mql5.com/en/articles/18873,Self Optimizing Expert Advisors in MQL5 (Part 10): Matrix Factorization,,2025-07-29T14:51Z,Trading systems,MetaTrader 5,[],Self Optimizing Expert Advisors in MQL5 (): Matrix Factorization,10,ok,,6801be11bfe396c64ef99fa235f3b14110e2deddcbbfcd1413a3bc2fbfa80a11,md/18873.md,73610,18402
18875,https://www.mql5.com/en/articles/18875,Gaussian Processes in Machine Learning (Part 1): Classification Model in MQL5,,2026-06-16T13:39Z,Statistics and analysis,MetaTrader 5,[],Gaussian Processes in Machine Learning (): Classification Model in MQL5,1,ok,,77b0d48dcf2cd41e45cf40c9219886cdd35a812830c6ebac8d495ead98b3862d,md/18875.md,66215,16553
18878,https://www.mql5.com/en/articles/18878,MQL5 Wizard Techniques you should know (Part 76):  Using Patterns of Awesome Oscillator and the Envelope Channels with Supervised Learning,,2025-07-23T11:27Z,Integration,MetaTrader 5,[],MQL5 Wizard Techniques you should know ():  Using Patterns of Awesome Oscillator and the Envelope Channels with Supervised Learning,76,ok,,b74d7dbd560c23ad673db987ecfe4ff09943512119ff68077b6c7d4e62b670c8,md/18878.md,42601,10650
18880,https://www.mql5.com/en/articles/18880,MQL5 Trading Tools (Part 6): Dynamic Holographic Dashboard with Pulse Animations and Controls,,2025-07-24T09:27Z,Trading,MetaTrader 5,[],MQL5 Trading Tools (): Dynamic Holographic Dashboard with Pulse Animations and Controls,6,ok,,bad69bf68cebd8e4476c4241f32db71d7fb8a8626f03c9b67dc9029e60ec4918,md/18880.md,78879,19719
18882,https://www.mql5.com/en/articles/18882,From Novice to Expert: Reporting EA — Setting up the work flow,,2025-07-29T14:46Z,Examples,MetaTrader 5,[],,,ok,,c7059298b1e0de8d17e44179549b3a5adf819509933e72376fe628922e95e733,md/18882.md,44100,11025
18884,https://www.mql5.com/en/articles/18884,Introduction to MQL5 (Part 19): Automating Wolfe Wave Detection,,2025-07-24T09:22Z,Trading systems,MetaTrader 5,[],Introduction to MQL5 (): Automating Wolfe Wave Detection,19,ok,,c6718aad8ded43a5c0d1eef97b9a88091fd5b43f07b022fed7517cd3fac81076,md/18884.md,106026,26506
18885,https://www.mql5.com/en/articles/18885,Data Science and ML (Part 48): Are Transformers a Big Deal for Trading?,,2026-01-27T12:14Z,Trading,MetaTrader 5,[],Data Science and ML (): Are Transformers a Big Deal for Trading?,48,ok,,db2cdeb2491db63dfdc4e1a723b7161cdc4654a284002af430af707b7ed7ba88,md/18885.md,75102,18775
18886,https://www.mql5.com/en/articles/18886,Community of Scientists Optimization (CoSO): Theory,,2026-06-18T13:23Z,Trading,MetaTrader 5,[],,,ok,,679fd6639134748ec7097b601febaf82f4b5d22079e5a531daf0a72fb6bbe282,md/18886.md,58429,14607
18890,https://www.mql5.com/en/articles/18890,Quantum Neural Network in MQL5 (Part III): A Virtual Quantum Processor Based on Qubits,,2026-06-24T10:59Z,Expert Advisors,MetaTrader 5,[],,,ok,,0b18aa062ece1aec9ee84b4253d56ccb2cb33aefa6bc0481c0c1e81d9dcefaa3,md/18890.md,30905,7726
18892,https://www.mql5.com/en/articles/18892,Neural Networks in Trading: An End-to-End Multivariate Time Series Forecasting Model (Key Components),,2026-09-02T11:43Z,Trading systems,MetaTrader 5,[],,,ok,,b33d1314a9f813d3a37ec9b52a108984a66aa9e5a122f058a60d8c11aead94ab,md/18892.md,68618,17154
18911,https://www.mql5.com/en/articles/18911,Price Action Analysis Toolkit Development (Part 33): Candle Range Theory Tool,,2025-07-25T08:43Z,Examples,MetaTrader 5,[],Price Action Analysis Toolkit Development (): Candle Range Theory Tool,33,ok,,46aca3c8f94105ea724287205150b35820cd4bcf48f780b6cc946e99fd3389c9,md/18911.md,37948,9487
18913,https://www.mql5.com/en/articles/18913,"Implementing Practical Modules from Other Languages in MQL5 (Part 03): Schedule Module from Python, the OnTimer Event on Steroids",,2025-07-25T15:22Z,Tester,MetaTrader 5,[],"Implementing Practical Modules from Other Languages in MQL5 (): Schedule Module from Python, the OnTimer Event on Steroids",3,ok,,6381c5e550d4c0b6e8b9e2c4929091f14bd11a537dba302e37856bca3eec7714,md/18913.md,74616,18654
18914,https://www.mql5.com/en/articles/18914,Neural Networks in Trading: An End-to-End Multivariate Time Series Forecasting Model (Conclusion),,2026-09-03T07:31Z,Trading systems,MetaTrader 5,[],,,ok,,fdafc0ff30e12977362821d73c76912173f1d3501dd33ce9a0565e3d3b701fc8,md/18914.md,69002,17250
18916,https://www.mql5.com/en/articles/18916,Training a nonlinear U-Transformer on the residuals of a linear autoregressive model,,2026-07-03T14:43Z,Expert Advisors,MetaTrader 5,[],,,ok,,bb98747a47a011c0d47bd74a862844a542a664d41e11b004451d2bae482ae92b,md/18916.md,61305,15326
18918,https://www.mql5.com/en/articles/18918,Risk Manager for Trading Robots (Part I): Risk Control Include File for Expert Advisors,,2026-06-30T10:58Z,Trading systems,MetaTrader 5,[],,,ok,,33c13924d668f671c2ce55fac1c4b0d60730a79e0b02f040f340ff7cf8e4b7a1,md/18918.md,23619,5904
18935,https://www.mql5.com/en/articles/18935,Community of Scientists Optimization (CoSO): Practice,,2026-06-23T11:28Z,Trading,MetaTrader 5,[],,,ok,,072a03ed8432813c9c63d2701b243a26d5f41c4d1c8d98876e2ec58703ee6f6a,md/18935.md,59653,14913
18937,https://www.mql5.com/en/articles/18937,Chart Synchronization for Easier Technical Analysis,,2025-08-28T08:32Z,Examples,MetaTrader 5,[],,,ok,,23aa2cac9fe410fb0716710a498df7af5d2152d5c03c3ccfddecbf80cf451937,md/18937.md,30314,7578
18941,https://www.mql5.com/en/articles/18941,The View and Controller components for tables in the MQL5 MVC paradigm: Resizable elements,,2025-12-12T13:52Z,Examples,MetaTrader 5,[],,,ok,,072c5d6ebc82275432c7de66570b1d1caff645beb45ead1f1c62e8b37a7a69d3,md/18941.md,207840,51960
18946,https://www.mql5.com/en/articles/18946,MQL5 Wizard Techniques you should know (Part 77): Using Gator Oscillator and the Accumulation/Distribution Oscillator,,2025-07-28T15:02Z,Tester,MetaTrader 5,[],MQL5 Wizard Techniques you should know (): Using Gator Oscillator and the Accumulation/Distribution Oscillator,77,ok,,4f4d5d7ca5b7c679f82d77ae38cfb9b56631d24f0269e6a6030d995baba89557,md/18946.md,35983,8995
18950,https://www.mql5.com/en/articles/18950,Neural Networks in Trading: Unraveling Structural Components (SCNN),,2026-09-04T10:29Z,Trading systems,MetaTrader 5,[],,,ok,,d0cc92162aacfcc429cd75f88bd64cb767d6e70bc360e4bb37a1765b76e44197,md/18950.md,44073,11018
18951,https://www.mql5.com/en/articles/18951,Trading Options Without Options (Part 3): Complex Option Strategies,,2026-08-03T13:47Z,Trading,MetaTrader 5,[],Trading Options Without Options (): Complex Option Strategies,3,ok,,38709552f6e5ec065b12f673e84a13ad0aced9b9523cc3042d1da400dd0c9f4d,md/18951.md,52240,13060
18958,https://www.mql5.com/en/articles/18958,Artificial Atom Algorithm (A3),,2026-06-25T09:43Z,Trading systems,MetaTrader 5,[],,,ok,,26ddad383b625e1283c81d04e1bd2e6a2a20b484b5f785791c2167a168a39eef,md/18958.md,54046,13511
18971,https://www.mql5.com/en/articles/18971,Python-MetaTrader 5 Strategy Tester (Part 01): Trade Simulator,,2025-08-08T13:24Z,Trading systems,MetaTrader 5,[],Python-MetaTrader 5 Strategy Tester (): Trade Simulator,1,ok,,0c56b8084f258a623f33da28462412967800624528ce55197c8cd01353b154da,md/18971.md,105243,26310
18974,https://www.mql5.com/en/articles/18974,Self Optimizing Expert Advisors in MQL5 (Part 11): A Gentle Introduction to the Fundamentals of Linear Algebra,,2025-08-05T08:31Z,Examples,MetaTrader 5,[],Self Optimizing Expert Advisors in MQL5 (): A Gentle Introduction to the Fundamentals of Linear Algebra,11,ok,,5e72371297181f1c2df9c3d1cf3c363538d98644dda1ab0abfdfc2e603f2ef9e,md/18974.md,47795,11948
18975,https://www.mql5.com/en/articles/18975,From Novice to Expert: Animated News Headline Using MQL5 (VIII) — Quick Trade Buttons for News Trading,,2025-08-05T13:57Z,Examples,MetaTrader 5,[],,,ok,,17f0e085b8223aef72160208eba1609f2bfd28ab5b91965ddbb4b6736195a6dc,md/18975.md,42569,10642
18979,https://www.mql5.com/en/articles/18979,Price Action Analysis Toolkit Development (Part 34): Turning Raw Market Data into Predictive Models Using an Advanced Ingestion Pipeline,,2025-07-30T08:22Z,Examples,MetaTrader 5,[],Price Action Analysis Toolkit Development (): Turning Raw Market Data into Predictive Models Using an Advanced Ingestion Pipeline,34,ok,,e830445193b2db80187412360cdc92a4e61b70902f4fd3565295b178ca32acc4,md/18979.md,39686,9921
18985,https://www.mql5.com/en/articles/18985,Price Action Analysis Toolkit Development (Part 35): Training and Deploying Predictive Models,,2025-08-04T10:24Z,Trading systems,MetaTrader 5,[],Price Action Analysis Toolkit Development (): Training and Deploying Predictive Models,35,ok,,685c515dddf4b8c7c27f005fb16aff430e7ffaa60036d92dc51ed1fc4ccb7e50,md/18985.md,51921,12980
18986,https://www.mql5.com/en/articles/18986,MQL5 Trading Tools (Part 7): Informational Dashboard for Multi-Symbol Position and Account Monitoring,,2025-08-01T09:23Z,Trading systems,MetaTrader 5,[],MQL5 Trading Tools (): Informational Dashboard for Multi-Symbol Position and Account Monitoring,7,ok,,6c8a73e96e268e9eac90cf2612736d5b57b9b5e300181febfa602860597e48cc,md/18986.md,98764,24691
18987,https://www.mql5.com/en/articles/18987,Self Optimizing Expert Advisors in MQL5 (Part 12): Building Linear Classifiers Using Matrix Factorization,,2025-08-19T14:42Z,Examples,MetaTrader 5,[],Self Optimizing Expert Advisors in MQL5 (): Building Linear Classifiers Using Matrix Factorization,12,ok,,494b3f94ac3adea92cd8a354a17dc65c8ea9a906865a260354f0053c880ad67c,md/18987.md,29756,7439
18991,https://www.mql5.com/en/articles/18991,Building a Trading System (Part 2): The Science of Position Sizing,,2025-08-08T10:06Z,Trading systems,MetaTrader 5,[],Building a Trading System (): The Science of Position Sizing,2,ok,,38a7ae372f00ad4124ec2ddeb42a623e5c28fb940b6bf11fa0ed5b01efce4e02,md/18991.md,47340,11835
18992,https://www.mql5.com/en/articles/18992,MQL5 Wizard Techniques you should know (Part 78): Gator and AD Oscillator Strategies for Market Resilience,,2025-08-04T11:34Z,Indicators,MetaTrader 5,[],MQL5 Wizard Techniques you should know (): Gator and AD Oscillator Strategies for Market Resilience,78,ok,,634c04f2453a0a508b3bd4c3d55d247fe23178bf5954bdc11d41cc6639a5dc26,md/18992.md,37963,9490
19006,https://www.mql5.com/en/articles/19006,From Novice to Expert: Mastering Detailed Trading Reports with Reporting EA,,2025-08-28T09:09Z,Trading,MetaTrader 5,[],,,ok,,8af9a8fa3b10f37a46766f5492975f84524e32a2cf27e3695c7d02e3ce344bc3,md/19006.md,56782,14195
19008,https://www.mql5.com/en/articles/19008,From Novice to Expert: Animated News Headline Using MQL5 (IX) — Multiple Symbol Management on a single chart for News Trading,,2025-08-25T13:07Z,Examples,MetaTrader 5,[],,,ok,,54343d736c2a9b02ea3fd707985f1f7b51fce03b140fa08b773b367acbc9d06e,md/19008.md,49645,12411
19012,https://www.mql5.com/en/articles/19012,Forecasting in Trading Using Grey Models,,2026-06-29T10:29Z,Examples,MetaTrader 5,[],,,ok,,75b2e98aac3af461f0932a083e18b6e8611b2a8dd3ec79c549947be5456d552f,md/19012.md,21122,5280
19013,https://www.mql5.com/en/articles/19013,Gaussian Processes in Machine Learning (Part 2): Implementing and Testing a Classification Model in MQL5,,2026-06-26T14:06Z,Indicators,MetaTrader 5,[],Gaussian Processes in Machine Learning (): Implementing and Testing a Classification Model in MQL5,2,ok,,92a07074755fa3e98615a0173e8f57e082bedd40b41a4be76d387fcf9aa7f47b,md/19013.md,135797,33949
19014,https://www.mql5.com/en/articles/19014,Mastering Log Records (Part 10): Avoiding Log Replay by Implementing a Suppression,,2025-08-08T15:08Z,Examples,MetaTrader 5,[],Mastering Log Records (): Avoiding Log Replay by Implementing a Suppression,10,ok,,eb38b2e926fea1f842c93da1b2772029c7e3ce3dd7d8ce3efc0a0e2af11c2b9f,md/19014.md,63691,15922
19035,https://www.mql5.com/en/articles/19035,"Implementing Practical Modules from Other Languages in MQL5 (Part 04): time, date, and datetime modules from Python",,2025-11-25T11:58Z,Trading systems,MetaTrader 5,[],"Implementing Practical Modules from Other Languages in MQL5 (): time, date, and datetime modules from Python",4,ok,,31b92f18558b76cdf9b1371467f6b23c368e1db577b92073a1673550db06dbf4,md/19035.md,48521,12130
19043,https://www.mql5.com/en/articles/19043,Implementation of the Quantum Reservoir Computing (QRC) circuit,,2026-07-01T13:51Z,Trading systems,MetaTrader 5,[],,,ok,,9f406601f217486f56db91def62fe68bf34ca3e5651ac45ba4e1c0dbdd899763,md/19043.md,19947,4986
19047,https://www.mql5.com/en/articles/19047,Developing a Neural Network Trading Robot Based on Mamba with Selective State Space Models,,2026-07-01T07:42Z,Trading systems,MetaTrader 5,[],,,ok,,6686de2529a2b8d5c2a0eb14f55dd46788fe0b00b3df7499e8fce6b4611e2a45,md/19047.md,36931,9232
19052,https://www.mql5.com/en/articles/19052,"Statistical Arbitrage Through Cointegrated Stocks (Part 2): Expert Advisor, Backtests, and Optimization",,2025-08-08T05:58Z,Trading systems,MetaTrader 5,[],"Statistical Arbitrage Through Cointegrated Stocks (): Expert Advisor, Backtests, and Optimization",2,ok,,06fe1b55a65145f593610ef4daf3bfc7a98240d0918f6bdda1c59671a87dd7dd,md/19052.md,45515,11378
19059,https://www.mql5.com/en/articles/19059,MQL5 Trading Tools (Part 8): Enhanced Informational Dashboard with Draggable and Minimizable Features,,2025-08-08T14:47Z,Trading,MetaTrader 5,[],MQL5 Trading Tools (): Enhanced Informational Dashboard with Draggable and Minimizable Features,8,ok,,e6580af4b5b16d0474f4dd687f9f92278dc4b23444fcd60db58f74e7867752bd,md/19059.md,119804,29951
19065,https://www.mql5.com/en/articles/19065,Price Action Analysis Toolkit Development (Part 36): Unlocking Direct Python Access to MetaTrader 5 Market Streams,,2025-08-14T07:26Z,Trading systems,MetaTrader 5,[],Price Action Analysis Toolkit Development (): Unlocking Direct Python Access to MetaTrader 5 Market Streams,36,ok,,d65be7e0d87dad7e1fc9c70f9cac028aabe275e69529b24b7c9bb4f0a706b4dc,md/19065.md,41074,10268
19077,https://www.mql5.com/en/articles/19077,Automating Trading Strategies in MQL5 (Part 25): Trendline Trader with Least Squares Fit and Dynamic Signal Generation,,2025-08-12T11:56Z,Trading,MetaTrader 5,[],Automating Trading Strategies in MQL5 (): Trendline Trader with Least Squares Fit and Dynamic Signal Generation,25,ok,,1e919a0f77ab3df20e76f373501cd5c85e6e70782057cfe5b7fed609a6e21c37,md/19077.md,85978,21494
19087,https://www.mql5.com/en/articles/19087,Automating Trading Strategies in MQL5 (Part 26): Building a Pin Bar Averaging System for Multi-Position Trading,,2025-08-19T14:38Z,Trading,MetaTrader 5,[],Automating Trading Strategies in MQL5 (): Building a Pin Bar Averaging System for Multi-Position Trading,26,ok,,7a74d9b4f97c61730ada5c8e45f4a452c0af79b788a199e081fcb6a6ea687297,md/19087.md,131272,32818
19093,https://www.mql5.com/en/articles/19093,Duelist Algorithm,,2026-07-02T08:06Z,Trading,MetaTrader 5,[],,,ok,,fb7bd5938aba309efe55835c38f8bc5a36df55d52f5930b52dded75201089cb6,md/19093.md,51249,12812
19099,https://www.mql5.com/en/articles/19099,Automating Trading Strategies in MQL5 (Part 27): Creating a Price Action Crab Harmonic Pattern with Visual Feedback,,2025-08-21T08:34Z,Trading systems,MetaTrader 5,[],Automating Trading Strategies in MQL5 (): Creating a Price Action Crab Harmonic Pattern with Visual Feedback,27,ok,,537d492f0043362bb0985ce7b855c5527449710a08b0bacff52f36914604f02e,md/19099.md,55961,13990
19100,https://www.mql5.com/en/articles/19100,Parafrac Oscillator: Combination of Parabolic and Fractal Indicator,,2025-08-14T14:21Z,Indicators,MetaTrader 5,[],,,ok,,5edc2a36275dfd702a61c1589f55c92c6a8b6bdbad9165bdb0aa26e5e6be7e3e,md/19100.md,22615,5653
19105,https://www.mql5.com/en/articles/19105,Automating Trading Strategies in MQL5 (Part 28): Creating a Price Action Bat Harmonic Pattern with Visual Feedback,,2025-08-27T08:53Z,Trading systems,MetaTrader 5,[],Automating Trading Strategies in MQL5 (): Creating a Price Action Bat Harmonic Pattern with Visual Feedback,28,ok,,2c67d23845508aec1496250908ed868ec6a849c0f6bf6622a9d002c9ea7427cb,md/19105.md,53765,13441
19111,https://www.mql5.com/en/articles/19111,Automating Trading Strategies in MQL5 (Part 29): Creating a price action Gartley Harmonic Pattern system,,2025-08-29T09:23Z,Trading,MetaTrader 5,[],Automating Trading Strategies in MQL5 (): Creating a price action Gartley Harmonic Pattern system,29,ok,,529c1f7e31ca47b45154f34eb7fd3e786624a89cb7b7810131f5ad717ad33c22,md/19111.md,54474,13618
19130,https://www.mql5.com/en/articles/19130,Reimagining Classic Strategies (Part 15): Daily Breakout Trading Strategy,,2025-08-25T12:51Z,Examples,MetaTrader 5,[],Reimagining Classic Strategies (): Daily Breakout Trading Strategy,15,ok,,a51519d17f4f76e9a1c8184adcf38792a1e8ed023a4652942bbaa716d5a3a554,md/19130.md,40339,10084
19132,https://www.mql5.com/en/articles/19132,Self Optimizing Expert Advisors in MQL5 (Part 13): A Gentle Introduction To Control Theory Using Matrix Factorization,,2025-08-26T09:00Z,Examples,MetaTrader 5,[],Self Optimizing Expert Advisors in MQL5 (): A Gentle Introduction To Control Theory Using Matrix Factorization,13,ok,,7fc61719eeb02921d41be697ebf60a6a494a2d3d2a959444f9de734205c2469f,md/19132.md,41690,10422
19137,https://www.mql5.com/en/articles/19137,Price Action Analysis Toolkit Development (Part 37): Sentiment Tilt Meter,,2025-08-22T12:41Z,Examples,MetaTrader 5,[],Price Action Analysis Toolkit Development (): Sentiment Tilt Meter,37,ok,,d3971debea7aaac9a519231be41fb8254842a67d6079ff0e33d4aefe8280ac40,md/19137.md,53656,13414
19141,https://www.mql5.com/en/articles/19141,Building a Trading System (Part 3): Determining Minimum Risk Levels for Realistic Profit Targets,,2025-08-29T08:26Z,Trading,MetaTrader 5,[],Building a Trading System (): Determining Minimum Risk Levels for Realistic Profit Targets,3,ok,,3cfa12220a868c28f3ca4b3f7550d21397a871df94359ad3ec4f2dc7fffc322e,md/19141.md,30900,7725
19154,https://www.mql5.com/en/articles/19154,Custom Debugging and Profiling Tools for MQL5 Development (Part II): Profiling EAs and Testing Trading Logic,,2026-05-31T17:19Z,Integration,MetaTrader 5,[],,,ok,,9223d7a3c127d7a9538aca7f5fa7749da8e64b3fc6fbb2de24d513b7bbe175f0,md/19154.md,75580,18895
19175,https://www.mql5.com/en/articles/19175,MetaTrader Meets Google Sheets with Pythonanywhere: A Guide to Secure Data Flow,,2025-08-28T09:14Z,Integration,MetaTrader 5,[],,,ok,,a53c64b648240cfaaf933e88c215d267931e3b8cdb8342fcd2ac0692bc675ab5,md/19175.md,28829,7207
19177,https://www.mql5.com/en/articles/19177,Dream Optimization Algorithm (DOA),,2026-07-02T12:37Z,Trading,MetaTrader 5,[],,,ok,,0e71e2d4fe4e02aecbf286bbab23b49de963f3eba211062166bfc98a80e06278,md/19177.md,55633,13908
19179,https://www.mql5.com/en/articles/19179,Introduction to MQL5 (Part 20): Introduction to Harmonic Patterns,,2025-08-26T08:56Z,Trading,MetaTrader 5,[],Introduction to MQL5 (): Introduction to Harmonic Patterns,20,ok,,fcc3e53cba6f05cad5e3fd729c6e07acc0fe5265f97315bd2960328047d71350,md/19179.md,29691,7422
19187,https://www.mql5.com/en/articles/19187,Dingo Optimization Algorithm Modification (DOAm),,2026-07-24T11:06Z,Trading systems,MetaTrader 5,[],,,ok,,71f3de921c11eef0c7ebdab9dc52ffc324a84bd1ec4f095114bb9344ac87677c,md/19187.md,55794,13948
19188,https://www.mql5.com/en/articles/19188,Dynamic mode decomposition applied to univariate time series in MQL5,,2025-09-12T10:31Z,Statistics and analysis,MetaTrader 5,[],,,ok,,b973b374099bc41e4258a3f2c12a5b47a089e636d067eb8f7f30aab4a6c81460,md/19188.md,99174,24793
19211,https://www.mql5.com/en/articles/19211,Building a Trading System (Part 4): How Random Exits Influence Trading Expectancy,,2025-10-08T09:25Z,Trading,MetaTrader 5,[],Building a Trading System (): How Random Exits Influence Trading Expectancy,4,ok,,9dc435459a62b0d0a96c178a15d7f8f7d3255d2d6bcc9c794a405dce129cd472,md/19211.md,40973,10243
19220,https://www.mql5.com/en/articles/19220,MQL5 Wizard Techniques you should know (Part 79): Using Gator Oscillator and Accumulation/Distribution Oscillator with Supervised Learning,,2025-08-22T12:45Z,Trading systems,MetaTrader 5,[],MQL5 Wizard Techniques you should know (): Using Gator Oscillator and Accumulation/Distribution Oscillator with Supervised Learning,79,ok,,18cea7380150c0e83df84f67e9980f6e8fcd989d59789acbeb03bda1f1f164a1,md/19220.md,46874,11718
19242,https://www.mql5.com/en/articles/19242,Statistical Arbitrage Through Cointegrated Stocks (Part 3): Database Setup,,2025-08-25T13:13Z,Trading systems,MetaTrader 5,[],Statistical Arbitrage Through Cointegrated Stocks (): Database Setup,3,ok,,80b37473f8085b44beef72f6d98277781a39eacd2d8280b264925ee657732a19,md/19242.md,48013,12003
19253,https://www.mql5.com/en/articles/19253,MetaTrader 5 Machine Learning Blueprint (Part 3): Trend-Scanning Labeling Method,,2025-10-06T09:04Z,Trading systems,MetaTrader 5,[],MetaTrader 5 Machine Learning Blueprint (): Trend-Scanning Labeling Method,3,ok,,decea77c766fba8d29a79d232aad8720eb05b708b6e326e01ef99b6517b28d88,md/19253.md,39371,9842
19260,https://www.mql5.com/en/articles/19260,Building a Professional Trading System with Heikin Ashi (Part 1): Developing a custom indicator,,2025-09-08T08:19Z,Trading systems,MetaTrader 5,[],Building a Professional Trading System with Heikin Ashi (): Developing a custom indicator,1,ok,,6e679032226e311fe1f1f7a64dcc641710a175c7362e776326d6b5832eafb7af,md/19260.md,58002,14500
19285,https://www.mql5.com/en/articles/19285,Simplifying Databases in MQL5 (Part 1): Introduction to Databases and SQL,,2025-08-27T12:42Z,Examples,MetaTrader 5,[],Simplifying Databases in MQL5 (): Introduction to Databases and SQL,1,ok,,5945316ae65e6b549a8fe6ed5ae0cef264bfba5103b4d5f50bee822f0af09adb,md/19285.md,41540,10385
19288,https://www.mql5.com/en/articles/19288,Tables in the MVC Paradigm in MQL5: Integrating the Model Component into the View Component,,2025-12-16T12:16Z,Examples,MetaTrader 5,[],,,ok,,1ba15af7068ad623d57bb0dae3d179235eb87b3cbd35bbd558d0782b11340980,md/19288.md,186023,46505
19290,https://www.mql5.com/en/articles/19290,Price Action Analysis Toolkit Development (Part 38): Tick Buffer VWAP and Short-Window Imbalance Engine,,2025-09-02T11:03Z,Examples,MetaTrader 5,[],Price Action Analysis Toolkit Development (): Tick Buffer VWAP and Short-Window Imbalance Engine,38,ok,,9490572bf8386cd2883b47138b0e25e74bad17cdf746117019a6493d47db282f,md/19290.md,50917,12729
19292,https://www.mql5.com/en/articles/19292,Neural network trading EA based on PatchTST,,2026-07-15T11:34Z,Trading systems,MetaTrader 5,[],,,ok,,c2a03101fdb8b5160419792bbfa541a1064596ee40811696e73126f942c9f2cd,md/19292.md,45764,11441
19299,https://www.mql5.com/en/articles/19299,From Novice to Expert: Animated News Headline Using MQL5 (X)—Multiple Symbol Chart View for News Trading,,2025-09-09T09:13Z,Examples,MetaTrader 5,[],,,ok,,2df52268aa0aafb84cb35ed18e491477453da6c7f56999ce855352b889c5155d,md/19299.md,60627,15156
19317,https://www.mql5.com/en/articles/19317,N-BEATS Network-Based Forex EA,,2026-07-16T12:14Z,Trading systems,MetaTrader 5,[],,,ok,,d30d7523d846f41bfcb8757081abec9a000f0bcaefbb1417ef0753f16a94585e,md/19317.md,54745,13686
19331,https://www.mql5.com/en/articles/19331,Introduction to MQL5 (Part 21): Automating Harmonic Pattern Detection,,2025-09-19T08:36Z,Trading,MetaTrader 5,[],Introduction to MQL5 (): Automating Harmonic Pattern Detection,21,ok,,c1d7dc361d806207442dffb44cadaaa97a343bbef6a02a1d7b607acec0a75bce,md/19331.md,50694,12673
19341,https://www.mql5.com/en/articles/19341,"The MQL5 Standard Library Explorer (Part 1): Introduction with CTrade, CiMA, and CiATR",,2025-09-24T08:09Z,Examples,MetaTrader 5,[],"The MQL5 Standard Library Explorer (): Introduction with CTrade, CiMA, and CiATR",1,ok,,3069b8aef95454d50bb004c64f79507d53cb6d6d42dec2645fb14f70b5338ac4,md/19341.md,40416,10104
19343,https://www.mql5.com/en/articles/19343,From Novice to Expert: Animated News Headline Using MQL5 (XI)—Correlation in News Trading,,2025-09-19T10:58Z,Examples,MetaTrader 5,[],,,ok,,f2b4f8822e1903a4ca7b784c9bb7a7a0e58500cf5cac5c6199d1287b688d7c34,md/19343.md,45382,11345
19345,https://www.mql5.com/en/articles/19345,Trading Robot Based on a GPT Language Model,,2026-07-17T12:22Z,Trading systems,MetaTrader 5,[],,,ok,,c1ea9c28e97aea1bb0f0399efe92f03e4e92b3c7b3a6e8f5a66f6ddf1136d3eb,md/19345.md,37478,9369
19354,https://www.mql5.com/en/articles/19354,The Parafrac V2 Oscillator: Integrating Parabolic SAR with Average True Range,,2025-09-18T13:01Z,Indicators,MetaTrader 5,[],,,ok,,d2e9812b019d84170f4fe60bb867f6c6bdb6c289a19a6d85ccb1e1d725025f95,md/19354.md,23685,5921
19365,https://www.mql5.com/en/articles/19365,Price Action Analysis Toolkit Development (Part 39): Automating BOS and ChoCH Detection in MQL5,,2025-09-09T09:03Z,Examples,MetaTrader 5,[],Price Action Analysis Toolkit Development (): Automating BOS and ChoCH Detection in MQL5,39,ok,,14347b6f7fd1ec53a547a79a3747a2d467e34b0c0f23ccd0c503a96b831f8116,md/19365.md,44511,11127
19371,https://www.mql5.com/en/articles/19371,Overcoming The Limitation of Machine Learning (Part 3): A Fresh Perspective on Irreducible Error,,2025-09-08T08:37Z,Examples,MetaTrader 5,[],Overcoming The Limitation of Machine Learning (): A Fresh Perspective on Irreducible Error,3,ok,,63252cdb20f066f44a149bcefa912cc7f6971ec3f769b2e84e28656defb19768,md/19371.md,35305,8826
19382,https://www.mql5.com/en/articles/19382,Self Optimizing Expert Advisors in MQL5 (Part 14): Viewing Data Transformations as Tuning Parameters of Our Feedback Controller,,2025-09-11T09:24Z,Examples,MetaTrader 5,[],Self Optimizing Expert Advisors in MQL5 (): Viewing Data Transformations as Tuning Parameters of Our Feedback Controller,14,ok,,aee25d6d3121d6f982b370d7b5dd3132058b053ad6714208f5e05bac57a685a1,md/19382.md,40776,10194
19383,https://www.mql5.com/en/articles/19383,Overcoming The Limitation of Machine Learning (Part 4): Overcoming Irreducible Error Using Multiple Forecast Horizons,,2025-09-23T09:01Z,Examples,MetaTrader 5,[],Overcoming The Limitation of Machine Learning (): Overcoming Irreducible Error Using Multiple Forecast Horizons,4,ok,,fa4b5c9303826f77022f7041620b5fb0439d210f957aacdaff60338cdf804713,md/19383.md,61094,15273
19418,https://www.mql5.com/en/articles/19418,Reimagining Classic Strategies (Part 16): Double Bollinger Band Breakouts,,2025-10-02T08:05Z,Examples,MetaTrader 5,[],Reimagining Classic Strategies (): Double Bollinger Band Breakouts,16,ok,,868a2b932d0dfdf70396ed05f9cc6dbbb7ef558b8e52fe8cb26f1ee9c7ad35f5,md/19418.md,31962,7990
19422,https://www.mql5.com/en/articles/19422,Developing a Custom Market Sentiment Indicator,,2025-09-11T09:02Z,Examples,MetaTrader 5,[],,,ok,,161cc7760f38742d730fae3d4607d665c9026b2862db11d75134a375d85bf3ab,md/19422.md,34443,8610
19428,https://www.mql5.com/en/articles/19428,Statistical Arbitrage Through Cointegrated Stocks (Part 4): Real-time Model Updating,,2025-09-11T08:54Z,Trading systems,MetaTrader 5,[],Statistical Arbitrage Through Cointegrated Stocks (): Real-time Model Updating,4,ok,,293d50d846ebff74f7638731a68a8c524aa2679c83859c84de189042e326c85b,md/19428.md,47979,11994
19436,https://www.mql5.com/en/articles/19436,Moving to MQL5 Algo Forge (Part 3): Using External Repositories in Your Own Projects,,2025-09-23T14:34Z,Examples,MetaTrader 5,[],Moving to MQL5 Algo Forge (): Using External Repositories in Your Own Projects,3,ok,,82d1bcf8a1a40655dfa722b8e3048901884c1727d93e963bea012346d4bf6be0,md/19436.md,36320,9080
19439,https://www.mql5.com/en/articles/19439,Developing Trading Strategies with the Parafrac and Parafrac V2 Oscillators: Single Entry Performance Insights,,2025-09-22T11:13Z,Expert Advisors,MetaTrader 5,[],,,ok,,8e7cc325a5e2b359bcbe41fbbba3447f80dbf8fd0cd94f5ed6507734e7e8e49c,md/19439.md,29031,7257
19441,https://www.mql5.com/en/articles/19441,How to publish code to CodeBase: A practical guide,,2025-10-09T14:54Z,Examples,MetaTrader 5,[],,,ok,,c7d0e57c3b0d8051c6874e1d8bce689d39fab4f6c7c2f0ee01ddfb37ba970b8c,md/19441.md,33216,8304
19442,https://www.mql5.com/en/articles/19442,Automating Trading Strategies in MQL5 (Part 30): Creating a Price Action AB-CD Harmonic Pattern with Visual Feedback,,2025-09-10T10:05Z,Trading,MetaTrader 5,[],Automating Trading Strategies in MQL5 (): Creating a Price Action AB-CD Harmonic Pattern with Visual Feedback,30,ok,,49fa04fcd1dbff60d06541bea6f99388db905e15829018c384d9678b292d1bd8,md/19442.md,51056,12764
19444,https://www.mql5.com/en/articles/19444,Bison Algorithm (BIA),,2026-07-29T13:42Z,Trading,MetaTrader 5,[],,,ok,,d4b299313c6edcf2d2229b03091b5d13e5bc9a6308b32866aed3abec25e43f50,md/19444.md,54523,13630
19449,https://www.mql5.com/en/articles/19449,Automating Trading Strategies in MQL5 (Part 31): Creating a Price Action 3 Drives Harmonic Pattern System,,2025-09-12T10:09Z,Trading,MetaTrader 5,[],Automating Trading Strategies in MQL5 (): Creating a Price Action 3 Drives Harmonic Pattern System,31,ok,,6fe9c47bba7609c78dc034c3ef379f50aed6d58c26e7c6f225cf99141c4417b1,md/19449.md,58012,14503
19458,https://www.mql5.com/en/articles/19458,Dingo Optimization Algorithm (DOA),,2026-07-22T10:55Z,Trading,MetaTrader 5,[],,,ok,,59ee95c445da7538cdeadc830bad4c43c8edc2bce7a593dccb62d2cbcc1e71c0,md/19458.md,57619,14404
19459,https://www.mql5.com/en/articles/19459,Developing a Volatility Based Breakout System,,2025-09-22T11:00Z,Trading,MetaTrader 5,[],,,ok,,19a49f2eaf54a62f8655fa9535c9a7c9ab033fe175c397a6abc3a88c61130cb2,md/19459.md,40947,10236
19460,https://www.mql5.com/en/articles/19460,Price Action Analysis Toolkit Development (Part 40): Market DNA Passport,,2025-09-17T12:46Z,Examples,MetaTrader 5,[],Price Action Analysis Toolkit Development (): Market DNA Passport,40,ok,,c2c909c6c50b3d5b68aac5da10611d905debfa52186dad9d450559980f8e02ee,md/19460.md,45730,11432
19462,https://www.mql5.com/en/articles/19462,Algorithmic Arbitrage Trading Using Graph Theory,,2026-07-20T10:37Z,Integration,MetaTrader 5,[],,,ok,,e07eeafaf9325ba8457e7d5ef47b85df4a8e5138c57f22a10776775f6dc408bd,md/19462.md,53126,13281
19463,https://www.mql5.com/en/articles/19463,Automating Trading Strategies in MQL5 (Part 32): Creating a Price Action 5 Drives Harmonic Pattern System,,2025-09-16T09:19Z,Trading,MetaTrader 5,[],Automating Trading Strategies in MQL5 (): Creating a Price Action 5 Drives Harmonic Pattern System,32,ok,,89733749035b8dbe2d3639475b1b452870b0a36add0a4ee93501d250324fda7e,md/19463.md,54118,13529
19479,https://www.mql5.com/en/articles/19479,Automating Trading Strategies in MQL5 (Part 33): Creating a Price Action Shark Harmonic Pattern System,,2025-09-24T14:50Z,Trading,MetaTrader 5,[],Automating Trading Strategies in MQL5 (): Creating a Price Action Shark Harmonic Pattern System,33,ok,,4b79054b8d6ab93e6686f4cfc2bafef5a95f6e0ac76f17cd65be610d86330de2,md/19479.md,56096,14024
19496,https://www.mql5.com/en/articles/19496,From Novice to Expert: Implementation of Fibonacci Strategies in Post-NFP Market Trading,,2025-09-17T12:58Z,Examples,MetaTrader 5,[],,,ok,,110e9563bafde0811a1d864d17eb6251e2d49fb792bdcd9f8cf37544a2b71022,md/19496.md,62741,15685
19508,https://www.mql5.com/en/articles/19508,Developing A Custom Account Performance Matrix Indicator,,2025-09-18T13:08Z,Examples,MetaTrader 5,[],,,ok,,0724595eb6b49bf67238e86adb6eab25ab7d9957639d0c55592ea9edfaf21f4d,md/19508.md,49768,12442
19519,https://www.mql5.com/en/articles/19519,Symbolic Price Forecasting Equation Using SymPy,,2026-07-28T13:46Z,Integration,MetaTrader 5,[],,,ok,,97053adb09a0643637dd053d570f9f67a3b8a8d88725b4ac889a781a578f35d2,md/19519.md,36097,9024
19530,https://www.mql5.com/en/articles/19530,Analysis of the Impact of Solar and Lunar Cycles on Currency Exchange Rates,,2026-08-06T07:40Z,Integration,MetaTrader 5,[],,,ok,,a624d3f35e85e6bacae5080d754389f68d3ec0b1aed606f427890de544aa336f,md/19530.md,40191,10047
19544,https://www.mql5.com/en/articles/19544,Pipelines in MQL5,,2025-09-18T13:18Z,Integration,MetaTrader 5,[],,,ok,,a752c73b3371c587390d633329e3d6fc577303b30856b525f5b51cb0e44b745f,md/19544.md,47556,11889
19547,https://www.mql5.com/en/articles/19547,How to build and optimize a cycle-based trading system (Detrended Price Oscillator - DPO),,2025-09-25T13:02Z,Trading systems,MetaTrader 5,[],,,ok,,763336dffb2dd55989a453e4ca072f48746868839d17b8c32a703eb7458e11bc,md/19547.md,43537,10884
19562,https://www.mql5.com/en/articles/19562,Building AI-Powered Trading Systems in MQL5 (Part 1): Implementing JSON Handling for AI APIs,,2025-09-19T10:54Z,Trading systems,MetaTrader 5,[],Building AI-Powered Trading Systems in MQL5 (): Implementing JSON Handling for AI APIs,1,ok,,2ce2f61887e9e979c473978a37eacd384892d42c36ca7ef5e04db79ee85aba6b,md/19562.md,111414,27853
19567,https://www.mql5.com/en/articles/19567,Building AI-Powered Trading Systems in MQL5 (Part 2): Developing a ChatGPT-Integrated Program with User Interface,,2025-09-23T08:43Z,Trading systems,MetaTrader 5,[],Building AI-Powered Trading Systems in MQL5 (): Developing a ChatGPT-Integrated Program with User Interface,2,ok,,4602cacee1463f514be92cca62d13976d5044311ba6e9f4f1fe639a0aae9a787,md/19567.md,82966,20741
19576,https://www.mql5.com/en/articles/19576,Mastering Quick Trades: Overcoming Execution Paralysis,,2025-10-23T08:00Z,Trading,MetaTrader 5,[],,,ok,,4cbddc41e9c75f11d3046aca818d09003687da3e12a0f96ed6bb9c10f6416975,md/19576.md,42099,10524
19577,https://www.mql5.com/en/articles/19577,Multi-Threaded Trading Robot with Machine Learning: From Concept to Implementation,,2026-07-23T10:47Z,Trading,MetaTrader 5,[],,,ok,,d2bf4fe3b82eb2e70abbdc218ac5ab616e337fbb0373c89ea3c581432113a14c,md/19577.md,55066,13766
19589,https://www.mql5.com/en/articles/19589,Price Action Analysis Toolkit Development (Part 41): Building a Statistical Price-Level EA in MQL5,,2025-09-22T10:46Z,Trading systems,MetaTrader 5,[],Price Action Analysis Toolkit Development (): Building a Statistical Price-Level EA in MQL5,41,ok,,a6abd9548da5b8c512d7e89a99859d616d563d98f35f31e2d72a7b815ded39cb,md/19589.md,42760,10690
19594,https://www.mql5.com/en/articles/19594,Simplifying Databases in MQL5 (Part 2): Using metaprogramming to create entities,,2025-09-22T10:51Z,Examples,MetaTrader 5,[],Simplifying Databases in MQL5 (): Using metaprogramming to create entities,2,ok,,8224712f3976c8d5734219a7b419edc6bda619a40f010f4ba10f44a5ee4b9f4a,md/19594.md,44743,11185
19609,https://www.mql5.com/en/articles/19609,Automating The Market Sentiment Indicator,,2025-09-23T08:48Z,Trading systems,MetaTrader 5,[],,,ok,,7a675429c167050b25df97a97e942bf7b095fb26068d7c7785c5804ad4414090,md/19609.md,55893,13973
19619,https://www.mql5.com/en/articles/19619,Reusing Invalidated Orderblocks As Mitigation Blocks (SMC),,2025-10-10T08:37Z,Examples,MetaTrader 5,[],,,ok,,930d536b60b82470809450464cd4f4db9c3ec2e3d7f2283fd0c875e6c0ad9305,md/19619.md,41375,10343
19623,https://www.mql5.com/en/articles/19623,Moving to MQL5 Algo Forge (Part 4): Working with Versions and Releases,,2025-10-10T12:30Z,Examples,MetaTrader 5,[],Moving to MQL5 Algo Forge (): Working with Versions and Releases,4,ok,,3877a33ad640393be470898f92a0bde5f71ca69bbb0980e94963ad0c638f005d,md/19623.md,29705,7426
19625,https://www.mql5.com/en/articles/19625,Automating Trading Strategies in MQL5 (Part 34): Trendline Breakout System with R-Squared Goodness of Fit,,2025-09-26T14:26Z,Trading,MetaTrader 5,[],Automating Trading Strategies in MQL5 (): Trendline Breakout System with R-Squared Goodness of Fit,34,ok,,6b436c9da739a06a36a189ce51e20542cbdeae6c32ddb2306040e789121dc167,md/19625.md,87077,21769
19626,https://www.mql5.com/en/articles/19626,Statistical Arbitrage Through Cointegrated Stocks (Part 5): Screening,,2025-09-25T15:11Z,Trading systems,MetaTrader 5,[],Statistical Arbitrage Through Cointegrated Stocks (): Screening,5,ok,,d28f828855e8c16615cdedc76e7ae781a2258f53f11e35e0e9bf01d92438cf17,md/19626.md,58544,14636
19627,https://www.mql5.com/en/articles/19627,MQL5 Wizard Techniques you should know (Part 80): Using Patterns of Ichimoku and the ADX-Wilder with TD3 Reinforcement Learning,,2025-09-25T13:13Z,Trading systems,MetaTrader 5,[],MQL5 Wizard Techniques you should know (): Using Patterns of Ichimoku and the ADX-Wilder with TD3 Reinforcement Learning,80,ok,,e66762302c16c82caffa07c83e1934cd381146bda16308752d3a875f8d0aaf1d,md/19627.md,44537,11134
19638,https://www.mql5.com/en/articles/19638,Automating Trading Strategies in MQL5 (Part 35): Creating a Breaker Block Trading System,,2025-09-30T14:12Z,Trading,MetaTrader 5,[],Automating Trading Strategies in MQL5 (): Creating a Breaker Block Trading System,35,ok,,5f1f0528aaf279d3bf502dd5aeaec6f691c1950bfa8ce0dd093df52955272cba,md/19638.md,76980,19245
19649,https://www.mql5.com/en/articles/19649,From Novice to Expert: Backend Operations Monitor using MQL5,,2025-09-30T09:20Z,Examples,MetaTrader 5,[],,,ok,,2a903c2771c770d86b197071739b06d5a3143be08d37d71acc1c99215d19438b,md/19649.md,42886,10721
19655,https://www.mql5.com/en/articles/19655,Automated Risk Management for Passing Prop Firm Challenges,,2025-12-11T09:54Z,Trading,MetaTrader 5,[],,,ok,,8b0ae5d8420c0939a32a0aae8d474903e1c9831201b3d7f156fae86bbb1499e8,md/19655.md,43239,10809
19669,https://www.mql5.com/en/articles/19669,Crow Search Algorithm (CSA),,2026-08-04T10:37Z,Trading,MetaTrader 5,[],,,ok,,ef663f05477f2ca4abb4fc45f770adaa4e2835e1677ea1a4d609e7b7e0273255,md/19669.md,52752,13188
19674,https://www.mql5.com/en/articles/19674,Automating Trading Strategies in MQL5 (Part 36): Supply and Demand Trading with Retest and Impulse Model,,2025-10-03T15:14Z,Trading,MetaTrader 5,[],Automating Trading Strategies in MQL5 (): Supply and Demand Trading with Retest and Impulse Model,36,ok,,c55ca94e7375f466d8c6ee7a319b2590a8cc2e4c10568ed23fe48a6009812410,md/19674.md,76011,19002
19682,https://www.mql5.com/en/articles/19682,Implementing Partial Position Closing in MQL5,,2026-06-12T10:46Z,Trading systems,MetaTrader 5,[],,,ok,,182303f48218f660f6ab63c821ff632b95a5d941fd23dcea9fbb7c1315df7e55,md/19682.md,97071,24267
19683,https://www.mql5.com/en/articles/19683,Forecasting a Conditional Distribution Using MLP,,2026-07-30T11:12Z,Indicators,MetaTrader 5,[],,,ok,,3d659556fbf0461bf910f84c121ef0032bfad1c0b7fac6427e05044d81e44acc,md/19683.md,40796,10199
19693,https://www.mql5.com/en/articles/19693,Building a Trading System (Part 5): Managing Gains Through Structured Trade Exits,,2025-10-16T09:22Z,Trading,MetaTrader 5,[],Building a Trading System (): Managing Gains Through Structured Trade Exits,5,ok,,82988626540b5fd66a7d8cabee40c21faa0544b921e9f95c64269946769f343f,md/19693.md,32054,8013
19697,https://www.mql5.com/en/articles/19697,Price Action Analysis Toolkit Development (Part 42): Interactive Chart Testing with Button Logic and Statistical Levels,,2025-09-30T08:54Z,Examples,MetaTrader 5,[],Price Action Analysis Toolkit Development (): Interactive Chart Testing with Button Logic and Statistical Levels,42,ok,,bc1dd4dbf35316c8ba8955a07926c035c5d2ecb77f0b417b5f28143bff66154c,md/19697.md,41754,10438
19704,https://www.mql5.com/en/articles/19704,Trading Options Without Options (Part 4): More Complex Option Strategies,,2026-08-18T08:43Z,Examples,MetaTrader 5,[],Trading Options Without Options (): More Complex Option Strategies,4,ok,,f3db75db356d641cd11e14432fa962cdfa963393fd7fbe6c1891cb72687832bd,md/19704.md,38070,9517
19714,https://www.mql5.com/en/articles/19714,MQL5 Trading Tools (Part 9): Developing a First Run User Setup Wizard for Expert Advisors with Scrollable Guide,,2025-09-30T09:16Z,Trading,MetaTrader 5,[],MQL5 Trading Tools (): Developing a First Run User Setup Wizard for Expert Advisors with Scrollable Guide,9,ok,,4a8f73db76c89e3d5dbe5239d1caadf89c21eb6e06a3bc88c6d253c97e47b73d,md/19714.md,134444,33611
19738,https://www.mql5.com/en/articles/19738,Price Action Analysis Toolkit Development (Part 43): Candlestick Probability and Breakouts,,2025-10-03T08:37Z,Examples,MetaTrader 5,[],Price Action Analysis Toolkit Development (): Candlestick Probability and Breakouts,43,ok,,0be4e3159528b34234231aa2f29cff90eb81197ea2d6f4871fea0379b3bb191e,md/19738.md,41317,10329
19741,https://www.mql5.com/en/articles/19741,Building AI-Powered Trading Systems in MQL5 (Part 3): Upgrading to a Scrollable Single Chat-Oriented UI,,2025-10-03T07:39Z,Trading systems,MetaTrader 5,[],Building AI-Powered Trading Systems in MQL5 (): Upgrading to a Scrollable Single Chat-Oriented UI,3,ok,,b7433b3f559c3ae0b116ad0b6f95b2ef91540ca2f8acf2a6da842ce88eff936e,md/19741.md,127834,31958
19755,https://www.mql5.com/en/articles/19755,Optimizing Trend Strength: Trading in Trend Direction and Strength,,2026-01-16T11:25Z,Trading,MetaTrader 5,[],,,ok,,56ec6c4acf63cef18fa086a1d31dc3d0ed9d44a2bba9040d0a0d45021c152d6c,md/19755.md,50518,12629
19756,https://www.mql5.com/en/articles/19756,Optimizing Long-Term Trades: Engulfing Candles and Liquidity Strategies,,2025-11-06T09:37Z,Trading,MetaTrader 5,[],,,ok,,d45059718d61249954f882b863a515b681b0868968576d2cf4079e62db3bf016,md/19756.md,51506,12876
19757,https://www.mql5.com/en/articles/19757,The Blue Monkey (BM) Algorithm,,2026-08-05T07:58Z,Trading,MetaTrader 5,[],,,ok,,ef966738e937abade88a89a7695106daa6a44d1dba5cd29ca281972368073e8f,md/19757.md,67498,16874
19775,https://www.mql5.com/en/articles/19775,Overcoming The Limitation of Machine Learning (Part 5): A Quick Recap of Time Series Cross Validation,,2025-10-13T09:32Z,Examples,MetaTrader 5,[],Overcoming The Limitation of Machine Learning (): A Quick Recap of Time Series Cross Validation,5,ok,,5c0bca07b4da5540e69765fcd15d2c85fc9fce004cc998ffc83732c815c0a818,md/19775.md,31931,7982
19780,https://www.mql5.com/en/articles/19780,From Novice to Expert: Demystifying Hidden Fibonacci Retracement Levels,,2025-10-07T07:58Z,Trading systems,MetaTrader 5,[],,,ok,,ea7bc48abb69327326a806909a60647f34fe40a30207abbbbb5725582516066f,md/19780.md,50367,12591
19781,https://www.mql5.com/en/articles/19781,MQL5 Wizard Techniques you should know (Part 81):  Using Patterns of Ichimoku and the ADX-Wilder with Beta VAE Inference Learning,,2025-10-06T08:31Z,Integration,MetaTrader 5,[],MQL5 Wizard Techniques you should know ():  Using Patterns of Ichimoku and the ADX-Wilder with Beta VAE Inference Learning,81,ok,,7987fabeefba70907cfaeb64b91ef63d580a1f078ea48411282066b9d138f73d,md/19781.md,38868,9717
19782,https://www.mql5.com/en/articles/19782,"Building AI-Powered Trading Systems in MQL5 (Part 4): Overcoming Multiline Input, Ensuring Chat Persistence, and Generating Signals",,2025-10-09T07:53Z,Trading systems,MetaTrader 5,[],"Building AI-Powered Trading Systems in MQL5 (): Overcoming Multiline Input, Ensuring Chat Persistence, and Generating Signals",4,ok,,8bc246e7ff8976c1e77ac835f01a28609bf6521e2dceda03f3e37cb24a2275c4,md/19782.md,160518,40129
19793,https://www.mql5.com/en/articles/19793,Dynamic Swing Architecture: Market Structure Recognition from Swings to Automated Execution,,2025-10-21T10:32Z,Examples,MetaTrader 5,[],,,ok,,27fc81c5ac06243b287eb277c836b7b73a5fe0d7546096f4bc1827aa10106d9f,md/19793.md,47191,11797
19794,https://www.mql5.com/en/articles/19794,MQL5 Wizard Techniques you should know (Part 82): Using Patterns of TRIX and the WPR with DQN Reinforcement Learning,,2025-10-08T09:21Z,Integration,MetaTrader 5,[],MQL5 Wizard Techniques you should know (): Using Patterns of TRIX and the WPR with DQN Reinforcement Learning,82,ok,,8f704b542f9fe0c5369aba82ab96a5ce4b2f3123c281ec1dbc73f7766088b053,md/19794.md,46093,11523
19797,https://www.mql5.com/en/articles/19797,Creating a Probabilistic Market-Neutral Trading Robot Based on a Return Distribution,,2026-08-04T11:46Z,Tester,MetaTrader 5,[],,,ok,,b1daa9894e2b8b5333d426d0e6a14cc2c088bdde119e846a15d77dc5db9b503e,md/19797.md,37400,9350
19804,https://www.mql5.com/en/articles/19804,Developing a Terminal Manager (Part 1): Problem Statement,,2026-08-05T09:00Z,Trading,MetaTrader 5,[],Developing a Terminal Manager (): Problem Statement,1,ok,,587d247d48101085c8f2bd86504a680f06d9e6384d63c4b4bb1e8cac0824cf40,md/19804.md,33403,8350
19834,https://www.mql5.com/en/articles/19834,The MQL5 Standard Library Explorer (Part 2): Connecting Library Components,,2025-10-21T10:21Z,Examples,MetaTrader 5,[],The MQL5 Standard Library Explorer (): Connecting Library Components,2,ok,,e30d7dea2a34559bec285b33e5ad3bfad8c7fedaa3289cb428d33a29063e6367,md/19834.md,64434,16108
19841,https://www.mql5.com/en/articles/19841,From Novice to Expert: Market Periods Synchronizer,,2025-10-10T08:44Z,Examples,MetaTrader 5,[],,,ok,,7367a200ca7b741f0fe63ada8908afc942e771bbe178728903311db0b9412a0e,md/19841.md,42166,10541
19842,https://www.mql5.com/en/articles/19842,Price Action Analysis Toolkit Development (Part 45): Creating a Dynamic Level-Analysis Panel in MQL5,,2025-10-14T09:20Z,Examples,MetaTrader 5,[],Price Action Analysis Toolkit Development (): Creating a Dynamic Level-Analysis Panel in MQL5,45,ok,,911f7f6ccaf61af8f4f777e67a66f9051ea8bacc42e6b1c1aa5fa20ad320f664,md/19842.md,38407,9601
19843,https://www.mql5.com/en/articles/19843,Price Action Analysis Toolkit Development (Part 44): Building a VWMA Crossover Signal EA in MQL5,,2025-10-09T09:14Z,Examples,MetaTrader 5,[],Price Action Analysis Toolkit Development (): Building a VWMA Crossover Signal EA in MQL5,44,ok,,077803c215fc79ad431c2924d0663b7eab01e19d7925d147e0fa19aaa53e7371,md/19843.md,36868,9217
19850,https://www.mql5.com/en/articles/19850,Machine Learning Blueprint (Part 4): The Hidden Flaw in Your Financial ML Pipeline — Label Concurrency,,2025-10-29T12:08Z,Trading,MetaTrader 5,[],Machine Learning Blueprint (): The Hidden Flaw in Your Financial ML Pipeline — Label Concurrency,4,ok,,03774e528e91ad1fe646112bdf49a22695e657d8015fa8f91e52011a12e04620,md/19850.md,68874,17218
19852,https://www.mql5.com/en/articles/19852,Developing a Terminal Manager (Part 2): Running Multiple Terminal Instances,,2026-08-05T11:05Z,Trading,MetaTrader 5,[],Developing a Terminal Manager (): Running Multiple Terminal Instances,2,ok,,30fdaec3c7708ec646f7ebcd2b720b2760f7eed0ea0a9616abed8cf148c92155,md/19852.md,37206,9301
19856,https://www.mql5.com/en/articles/19856,Introduction to MQL5 (Part 22): Building an Expert Advisor for the 5-0 Harmonic Pattern,,2025-10-10T09:09Z,Trading systems,MetaTrader 5,[],Introduction to MQL5 (): Building an Expert Advisor for the 5-0 Harmonic Pattern,22,ok,,27fe9b518568e1fac1daa9c2ca9cdf6f2a9b7da34c5beaf3a205394e112abb6a,md/19856.md,72342,18085
19857,https://www.mql5.com/en/articles/19857,MQL5 Wizard Techniques you should know (Part 83):  Using Patterns of Stochastic Oscillator and the FrAMA — Behavioral Archetypes,,2025-10-14T10:07Z,Trading systems,MetaTrader 5,[],MQL5 Wizard Techniques you should know ():  Using Patterns of Stochastic Oscillator and the FrAMA — Behavioral Archetypes,83,ok,,30b3921c14783b85c929529e8b2f2c81210c3de708188207cb145782914bd301,md/19857.md,36211,9052
19861,https://www.mql5.com/en/articles/19861,Artificial Coronary Circulation Algorithm (ACCS),,2026-08-06T12:34Z,Trading systems,MetaTrader 5,[],,,ok,,53a36fa4f88d9e33144031527f3cdc1f7ffb27bf76517655ad16ede2ee09ab55,md/19861.md,61766,15441
19886,https://www.mql5.com/en/articles/19886,Introduction to MQL5 (Part 23): Automating Opening Range Breakout Strategy,,2025-10-14T11:43Z,Trading,MetaTrader 5,[],Introduction to MQL5 (): Automating Opening Range Breakout Strategy,23,ok,,351e49f643f500ed0470efffa1fe7e129296ae17fb4531c424650ba98d81e450,md/19886.md,45019,11254
19890,https://www.mql5.com/en/articles/19890,MQL5 Wizard Techniques you should know (Part 84): Using Patterns of Stochastic Oscillator and the FrAMA - Conclusion,,2025-10-15T15:11Z,Trading systems,MetaTrader 5,[],MQL5 Wizard Techniques you should know (): Using Patterns of Stochastic Oscillator and the FrAMA - Conclusion,84,ok,,a5e005b996ce18be639071ccd151e12bc9a74c499b52371196107750bd678601,md/19890.md,33952,8488
19891,https://www.mql5.com/en/articles/19891,Self Optimizing Expert Advisors in MQL5 (Part 15): Linear System Identification,,2025-10-15T09:09Z,Trading systems,MetaTrader 5,[],Self Optimizing Expert Advisors in MQL5 (): Linear System Identification,15,ok,,33d83fad6ea4c6c68139c3160bbca1170c0905b2cecc608550c1410c5dafbe44,md/19891.md,53528,13382
19899,https://www.mql5.com/en/articles/19899,Crystal Structure Algorithm (CryStAl),,2026-08-10T08:47Z,Trading systems,MetaTrader 5,[],,,ok,,62a2787afbe973d5991157ec8fbe31d348bc6df616e14cd89d80afa5b7f8a004,md/19899.md,79819,19954
19911,https://www.mql5.com/en/articles/19911,"Building a Smart Trade Manager in MQL5: Automate Break-Even, Trailing Stop, and Partial Close",,2025-10-29T11:54Z,Expert Advisors,MetaTrader 5,[],,,ok,,6d9750ed228f1df04cc5cf208c7a2d10edc67495e93953de4599e02d401bc144,md/19911.md,85379,21344
19912,https://www.mql5.com/en/articles/19912,Introduction to MQL5 (Part 24): Building an EA that Trades with Chart Objects,,2025-10-17T08:34Z,Trading,MetaTrader 5,[],Introduction to MQL5 (): Building an EA that Trades with Chart Objects,24,ok,,1fd1f0e76d27da6376fbeea14ff82ca5419218256898912bd119d31bca0faec4,md/19912.md,52053,13013
19918,https://www.mql5.com/en/articles/19918,From Novice to Expert: Parameter Control Utility,,2025-10-24T10:15Z,Indicators,MetaTrader 5,[],,,ok,,3a6be349394c38e5ef130649e148e22049a3e3bd29f9631e363d363b1502ed67,md/19918.md,59258,14814
19919,https://www.mql5.com/en/articles/19919,From Novice to Expert: Revealing the Candlestick Shadows (Wicks),,2025-10-31T09:31Z,Examples,MetaTrader 5,[],,,ok,,3ff31d778cc1ab7ee15df90955092419fdb3474fdc8999f1093e74ad03b01a80,md/19919.md,36669,9167
19930,https://www.mql5.com/en/articles/19930,Bivariate Copulae in MQL5 (Part 3): Implementation and Tuning of Mixed Copula Models in MQL5,,2026-02-12T09:55Z,Examples,MetaTrader 5,[],Bivariate Copulae in MQL5 (): Implementation and Tuning of Mixed Copula Models in MQL5,3,ok,,f6eb1d601984d48c50c83d967404f5a64e2045ce7e2ed2de14b8060d3ffc9038,md/19930.md,87769,21942
19931,https://www.mql5.com/en/articles/19931,Bivariate Copulae in MQL5 (Part 2): Implementing Archimedean copulae in MQL5,,2025-11-10T10:02Z,Examples,MetaTrader 5,[],Bivariate Copulae in MQL5 (): Implementing Archimedean copulae in MQL5,2,ok,,38babf10a6d621e6131aa2612b25b0f0693be1c6ddca28f882fa54c3a2fe8835,md/19931.md,103479,25869
19932,https://www.mql5.com/en/articles/19932,Risk-Based Trade Placement EA with On-Chart UI (Part 1): Designing the User Interface,,2025-11-10T09:56Z,Trading,MetaTrader 5,[],Risk-Based Trade Placement EA with On-Chart UI (): Designing the User Interface,1,ok,,20d4cbd8e13809e3af7da1eb9d1dc4325f667a50173082b1976fce95ccb11e11,md/19932.md,51532,12883
19944,https://www.mql5.com/en/articles/19944,Price Action Analysis Toolkit Development (Part 47): Tracking Forex Sessions and Breakouts in MetaTrader 5,,2025-10-27T09:43Z,Trading systems,MetaTrader 5,[],Price Action Analysis Toolkit Development (): Tracking Forex Sessions and Breakouts in MetaTrader 5,47,ok,,806b5249654f2dcd871220890e04fb834a171d1c2b4f40b49c3203eb359c672b,md/19944.md,39063,9765
19945,https://www.mql5.com/en/articles/19945,Price Action Analysis Toolkit Development (Part 46): Designing an Interactive Fibonacci Retracement EA with Smart Visualization in MQL5,,2025-10-17T09:34Z,Trading systems,MetaTrader 5,[],Price Action Analysis Toolkit Development (): Designing an Interactive Fibonacci Retracement EA with Smart Visualization in MQL5,46,ok,,ada5624a999425cb953a5aaca0fbbd0fbb529e2c80f82061f12daebaa1dae06e,md/19945.md,41050,10262
19946,https://www.mql5.com/en/articles/19946,Developing a Terminal Manager (Part 3): Getting Account Information and Adding Configuration,,2026-08-19T12:49Z,Trading,MetaTrader 5,[],Developing a Terminal Manager (): Getting Account Information and Adding Configuration,3,ok,,57499015aff44ba9ef74e9cc6175428b61741881a34a33f89dfcda59f6f61264,md/19946.md,53467,13366
19948,https://www.mql5.com/en/articles/19948,MQL5 Wizard Techniques you should know (Part 85): Using Patterns of Stochastic-Oscillator and the FrAMA with Beta VAE Inference Learning,,2025-10-20T09:25Z,Integration,MetaTrader 5,[],MQL5 Wizard Techniques you should know (): Using Patterns of Stochastic-Oscillator and the FrAMA with Beta VAE Inference Learning,85,ok,,febfabd556f3ee23793a95ece88e6ce03306c943ed6cbf6f50b3ad129f131c4d,md/19948.md,55026,13756
19958,https://www.mql5.com/en/articles/19958,Kohonen Self-Organizing Maps in an MQL5 Expert Advisor,,2026-08-07T08:13Z,Experts,MetaTrader 5,[],,,ok,,51f8360b1851281445f06d1a7faae01609347baacac066616980af0894a5be6e,md/19958.md,39461,9865
19968,https://www.mql5.com/en/articles/19968,Introduction to MQL5 (Part 25): Building an EA that Trades with Chart Objects (II),,2025-10-22T10:22Z,Trading systems,MetaTrader 5,[],Introduction to MQL5 (): Building an EA that Trades with Chart Objects (II),25,ok,,c703d1cece05ac7c4140da274f668a1bdc705eae63a01941c362e40569e44a4b,md/19968.md,58016,14504
19979,https://www.mql5.com/en/articles/19979,Tables in the MVC Paradigm in MQL5: Customizable and sortable table columns,,2025-12-22T16:00Z,Examples,MetaTrader 5,[],,,ok,,31468ae32da426756d0bd0ee99d395412bf5beb012c5adcaf09a086b236d11b5,md/19979.md,256633,64158
19989,https://www.mql5.com/en/articles/19989,Formulating Dynamic Multi-Pair EA (Part 5): Scalping vs Swing Trading Approaches,,2025-11-11T10:29Z,Examples,MetaTrader 5,[],Formulating Dynamic Multi-Pair EA (): Scalping vs Swing Trading Approaches,5,ok,,4748a391178864be71e8b54cddda77d585f502631aeb0bc8caacabe98b745bf1,md/19989.md,45189,11297
20005,https://www.mql5.com/en/articles/20005,From Novice to Expert: Forex Market Periods,,2025-11-10T11:54Z,Trading systems,MetaTrader 5,[],,,ok,,1f00ec665424d8ca4fa38b4a022b882aaf807f30e3af7eaaf6adcead0db1cc5d,md/20005.md,69028,17257
20008,https://www.mql5.com/en/articles/20008,MCMC Sampling Methods — The Metropolis-Hastings Algorithm,,2026-08-07T11:19Z,Statistics and analysis,MetaTrader 5,[],,,ok,,ce1de186f64a9b7927cc4a3c35116b7f9768064c32f5558cd9233aae622128d2,md/20008.md,54205,13551
20010,https://www.mql5.com/en/articles/20010,Overcoming The Limitation of Machine Learning (Part 6): Effective Memory Cross Validation,,2025-10-23T08:48Z,Examples,MetaTrader 5,[],Overcoming The Limitation of Machine Learning (): Effective Memory Cross Validation,6,ok,,b612ec3e4ad00292d2738b8e7cda419a14b7100d074733a3373c802668b07c0b,md/20010.md,40739,10184
20018,https://www.mql5.com/en/articles/20018,Mathematical Models in Grid Strategies,,2026-08-07T12:36Z,Trading systems,MetaTrader 5,[],,,ok,,54dfb6feeff1fba2b3a06aeed657ffcda9c6921f77b3f81421f55383456548ff,md/20018.md,19473,4868
20020,https://www.mql5.com/en/articles/20020,Markets Positioning Codex in MQL5 (Part 1): Bitwise Learning for Nvidia,,2025-11-17T09:25Z,Tester,MetaTrader 5,[],Markets Positioning Codex in MQL5 (): Bitwise Learning for Nvidia,1,ok,,898fdd27cb208d6f468327d60095d84bea2739248d17439e048b48e538968360,md/20020.md,40870,10217
20021,https://www.mql5.com/en/articles/20021,Introduction to MQL5 (Part 26): Building an EA Using Support and Resistance Zones,,2025-10-27T09:34Z,Trading,MetaTrader 5,[],Introduction to MQL5 (): Building an EA Using Support and Resistance Zones,26,ok,,ad26a052c1ef6834bf358c9325a5b20803a762cb9ba4fe263b7cb313ec518b38,md/20021.md,73275,18318
20023,https://www.mql5.com/en/articles/20023,Self Optimizing Expert Advisors in MQL5 (Part 16): Supervised Linear System Identification,,2025-10-31T16:17Z,Examples,MetaTrader 5,[],Self Optimizing Expert Advisors in MQL5 (): Supervised Linear System Identification,16,ok,,28e13ecb8c32d95201d36f45d527653a6882437a40daa917cc10ce22987e5dfa,md/20023.md,44091,11022
20026,https://www.mql5.com/en/articles/20026,Statistical Arbitrage Through Cointegrated Stocks (Part 6): Scoring System,,2025-10-27T09:39Z,Trading systems,MetaTrader 5,[],Statistical Arbitrage Through Cointegrated Stocks (): Scoring System,6,ok,,0236d1061b244469003f846322d912e834e5acc6666f1ac433523ae4b85a52b0,md/20026.md,52567,13141
20031,https://www.mql5.com/en/articles/20031,Automating Trading Strategies in MQL5 (Part 37): Regular RSI Divergence Convergence with Visual Indicators,,2025-10-29T12:03Z,Trading,MetaTrader 5,[],Automating Trading Strategies in MQL5 (): Regular RSI Divergence Convergence with Visual Indicators,37,ok,,9ab2e1d936be75e43a95a554793cdc8458f372e48347c15cb4c89afe1008bd53,md/20031.md,60063,15015
20037,https://www.mql5.com/en/articles/20037,From Novice to Expert: Time Filtered Trading,,2025-11-14T11:14Z,Trading systems,MetaTrader 5,[],,,ok,,f42659ddb0f168eaeca75860689cc4a04f045da176d072e76a50a3d80c21afe6,md/20037.md,57305,14326
20041,https://www.mql5.com/en/articles/20041,The MQL5 Standard Library Explorer (Part 3): Expert Standard Deviation Channel,,2025-11-03T12:20Z,Examples,MetaTrader 5,[],The MQL5 Standard Library Explorer (): Expert Standard Deviation Channel,3,ok,,e6e32c838adebb9417eec0b329865d6f0442c796bf86507b9173427c114b9843,md/20041.md,48650,12162
20045,https://www.mql5.com/en/articles/20045,"Markets Positioning Codex in MQL5 (Part 2):  Bitwise Learning, with Multi-Patterns for Nvidia",,2025-11-20T09:03Z,Tester,MetaTrader 5,[],"Markets Positioning Codex in MQL5 ():  Bitwise Learning, with Multi-Patterns for Nvidia",2,ok,,195b41a9d9f2f648f7ffbb6a6d014851d28f527b87a9d7741d1eec0357423c4e,md/20045.md,40940,10235
20052,https://www.mql5.com/en/articles/20052,Elite Crystal Evolution Algorithm (CEO-inspired): Theory,,2026-08-13T08:39Z,Trading systems,MetaTrader 5,[],,,ok,,dbc6166cfb34f1f76086979eaed488c9f7d072bab866fe972d70660654ec546c,md/20052.md,51825,12956
20054,https://www.mql5.com/en/articles/20054,Black-Scholes Greeks: Gamma and Delta,,2025-10-30T12:20Z,Examples,MetaTrader 5,[],,,ok,,5d7d1021f3d840fa65ca536988619d7679e52f5ec9d3ccc0a2a8707ed18adedd,md/20054.md,28688,7172
20059,https://www.mql5.com/en/articles/20059,"MetaTrader 5 Machine Learning Blueprint (Part 5): Sequential Bootstrapping—Debiasing Labels, Improving Returns",,2025-11-04T11:07Z,Trading,MetaTrader 5,[],"MetaTrader 5 Machine Learning Blueprint (): Sequential Bootstrapping—Debiasing Labels, Improving Returns",5,ok,,b14047fb3c5b311d6b46c03720128e3276dce57230962591b5da555b060d4304,md/20059.md,120795,30198
20065,https://www.mql5.com/en/articles/20065,Developing Trading Strategy: Pseudo Pearson Correlation Approach,,2025-11-19T09:33Z,Trading,MetaTrader 5,[],,,ok,,a5781bb0d7a26a83a621cbe2e2ad74b9cbc7f716e7e14395b1b70837b7a98e8d,md/20065.md,30598,7649
20071,https://www.mql5.com/en/articles/20071,A Team of AI Agents with Profit-Based Rotation: The Evolution of a Living Trading System in MQL5,,2026-08-11T15:25Z,Trading systems,MetaTrader 5,[],,,ok,,d2b6d55b438bd9ba87e14f302d8b18bb4d2b590b5662e40966c5bca23366e500,md/20071.md,32640,8160
20090,https://www.mql5.com/en/articles/20090,Reimagining Classic Strategies (Part 17): Modelling Technical Indicators,,2025-11-04T10:58Z,Examples,MetaTrader 5,[],Reimagining Classic Strategies (): Modelling Technical Indicators,17,ok,,1584f50f62d5c78b81b5110a76095f328070f3390373c7de0ce870f094d19239,md/20090.md,67415,16853
20097,https://www.mql5.com/en/articles/20097,Price Action Analysis Toolkit Development (Part 48): Multi-Timeframe Harmony Index with Weighted Bias Dashboard,,2025-11-03T11:55Z,Examples,MetaTrader 5,[],Price Action Analysis Toolkit Development (): Multi-Timeframe Harmony Index with Weighted Bias Dashboard,48,ok,,b01da5853eacb660feb7e81c3fd6375f82ed435cb50109f9ddc9b4dc4d4f402e,md/20097.md,41887,10471
20113,https://www.mql5.com/en/articles/20113,Developing a Trading Strategy: The Butterfly Oscillator Method,,2025-11-07T09:14Z,Trading,MetaTrader 5,[],,,ok,,ef499afe18a0a27714e0053a30185eae32a1f340e6758442cbbf235eb264cbc5,md/20113.md,30386,7596
20117,https://www.mql5.com/en/articles/20117,MetaTrader 5 Machine Learning Blueprint (Part 8): Bayesian Hyperparameter Optimization with Purged Cross-Validation and Trial Pruning,,2026-03-18T11:54Z,Trading systems,MetaTrader 5,[],MetaTrader 5 Machine Learning Blueprint (): Bayesian Hyperparameter Optimization with Purged Cross-Validation and Trial Pruning,8,ok,,46c3f34c9d95b8d411a6dc4653899d791362c30132df22d8b8431010c6e3a657,md/20117.md,62005,15501
20122,https://www.mql5.com/en/articles/20122,A Reinforcement Learning System for Algorithmic Trading in MQL5,,2026-08-10T14:13Z,Trading systems,MetaTrader 5,[],,,ok,,1982e2ccca78a6df7e834a2dc14baf7e13253249c1e199c69495caa9a4614729,md/20122.md,45278,11319
20147,https://www.mql5.com/en/articles/20147,Automating Terminal Startup for Service Tasks,,2026-08-14T11:44Z,Examples,MetaTrader 5,[],,,ok,,48e43c2ce005e3c3302e806e64aacae34a0c8b0af23209ea31f9236f6594fa77,md/20147.md,73388,18347
20157,https://www.mql5.com/en/articles/20157,Automating Trading Strategies in MQL5 (Part 38): Hidden RSI Divergence Trading with Slope Angle Filters,,2025-11-06T09:05Z,Trading,MetaTrader 5,[],Automating Trading Strategies in MQL5 (): Hidden RSI Divergence Trading with Slope Angle Filters,38,ok,,a8c19fcc1a1b575cf097a5f6f96dccadad6387bd52e18d98eda3520d2260b05b,md/20157.md,76548,19137
20159,https://www.mql5.com/en/articles/20159,Risk-Based Trade Placement EA with On-Chart UI (Part 2): Adding Interactivity and Logic,,2025-11-13T11:22Z,Experts,MetaTrader 5,[],Risk-Based Trade Placement EA with On-Chart UI (): Adding Interactivity and Logic,2,ok,,19af032f2404a8d78be4e91568bcec7cb7570cfc6e4ecb3499f8a1cadb9e5936,md/20159.md,68198,17049
20160,https://www.mql5.com/en/articles/20160,From Novice to Expert: Predictive Price Pathways,,2025-11-19T07:59Z,Examples,MetaTrader 5,[],,,ok,,bd67dd1bb028c63e8b7bb646c68a2b6c2d95c4635ae569facca2c778192a78d3,md/20160.md,60275,15068
20163,https://www.mql5.com/en/articles/20163,MCMC Sampling Methods: The Slice Sampling Algorithm,,2026-08-11T08:45Z,Statistics and analysis,MetaTrader 5,[],,,ok,,67fc58cc99c74d9109c2d04cde0713994736a548f0a915a6f27cdf9fb211be14,md/20163.md,67605,16901
20167,https://www.mql5.com/en/articles/20167,Automating Trading Strategies in MQL5 (Part 39): Statistical Mean Reversion with Confidence Intervals and Dashboard,,2025-11-12T15:25Z,Trading systems,MetaTrader 5,[],Automating Trading Strategies in MQL5 (): Statistical Mean Reversion with Confidence Intervals and Dashboard,39,ok,,c1d6f20e860ed642e3b3309f2ac64d46a63e30019a6fc0e3a480a2f9807426c0,md/20167.md,81269,20317
20168,https://www.mql5.com/en/articles/20168,"Price Action Analysis Toolkit Development (Part 49): Integrating Trend, Momentum, and Volatility Indicators into One MQL5 System",,2025-11-07T09:33Z,Examples,MetaTrader 5,[],"Price Action Analysis Toolkit Development (): Integrating Trend, Momentum, and Volatility Indicators into One MQL5 System",49,ok,,3716f330702dc26dce4113710bd9294f0f840f1c297b4e2308d8bc82e785a645,md/20168.md,38120,9530
20173,https://www.mql5.com/en/articles/20173,Statistical Arbitrage Through Cointegrated Stocks (Part 7): Scoring System 2,,2025-11-06T09:52Z,Trading systems,MetaTrader 5,[],Statistical Arbitrage Through Cointegrated Stocks (): Scoring System 2,7,ok,,7e72894dfb6af7f9974566ee22306cfef6ee4c3ffa964118c57309feaeb7ed63,md/20173.md,48162,12040
20183,https://www.mql5.com/en/articles/20183,Unified Multi-Timeframe Renko: Synthesizing the Market's Temporal Dimensions,,2026-08-12T14:59Z,Trading,MetaTrader 5,[],,,ok,,e70d60bdf87139eed30f373706e39cc475208dd0ca21500dfe2ad999f42f2313,md/20183.md,35926,8981
20185,https://www.mql5.com/en/articles/20185,Quick Integration of a Large Language Model into MetaTrader 5 (Part I): Building the Model,,2026-08-12T11:36Z,Trading,MetaTrader 5,[],,,ok,,b54e322156ac51fc5a9c25add5682310c7ecb4b8bbd4f6f4aa76ddb182b06b07,md/20185.md,30391,7597
20220,https://www.mql5.com/en/articles/20220,Developing a Trading Strategy: The Triple Sine Mean Reversion Method,,2025-11-13T11:17Z,Trading,MetaTrader 5,[],,,ok,,aba5c20fc00e638f4a41720c240c2b17bba544abcc822abeb082db6903d55676,md/20220.md,33935,8483
20221,https://www.mql5.com/en/articles/20221,Automating Trading Strategies in MQL5 (Part 40): Fibonacci Retracement Trading with Custom Levels,,2025-11-17T12:07Z,Trading,MetaTrader 5,[],Automating Trading Strategies in MQL5 (): Fibonacci Retracement Trading with Custom Levels,40,ok,,a9a7bfa8e5d0dc3ed06b80798c999a588bcb911fcd28a731ac2882c63fe47292,md/20221.md,64473,16118
20223,https://www.mql5.com/en/articles/20223,Reimagining Classic Strategies (Part 18): Searching For Candlestick Patterns,,2025-11-11T12:33Z,Examples,MetaTrader 5,[],Reimagining Classic Strategies (): Searching For Candlestick Patterns,18,ok,,88cd854f061b0fe62bc2fdcc6c8634e555633a8c688649dc1331d75ecdea44f5,md/20223.md,24876,6219
20229,https://www.mql5.com/en/articles/20229,MQL5 Trading Tools (Part 10): Building a Strategy Tracker System with Visual Levels and Success Metrics,,2025-11-13T11:57Z,Trading systems,MetaTrader 5,[],MQL5 Trading Tools (): Building a Strategy Tracker System with Visual Levels and Success Metrics,10,ok,,12fc30216206d4fbb4afef6432ef73b82e56f16276ffc7b94db83a360eafc80e,md/20229.md,100911,25227
20235,https://www.mql5.com/en/articles/20235,Integrating MQL5 with Data Processing Packages (Part 6): Merging Market Feedback with Model Adaptation,,2025-11-17T09:05Z,Trading,MetaTrader 5,[],Integrating MQL5 with Data Processing Packages (): Merging Market Feedback with Model Adaptation,6,ok,,73a66f4c174ff412462c65eabde766af7d89258fddf1787be6198cad95f18276,md/20235.md,48457,12114
20238,https://www.mql5.com/en/articles/20238,Self Optimizing Expert Advisors in MQL5 (Part 17): Ensemble Intelligence,,2025-11-17T09:48Z,Examples,MetaTrader 5,[],Self Optimizing Expert Advisors in MQL5 (): Ensemble Intelligence,17,ok,,46356834a749777240838cab6476f654ebed4be9c47c2a58e2518fb5df7dbde7,md/20238.md,40515,10128
20239,https://www.mql5.com/en/articles/20239,Mastering Kagi Charts in MQL5 (Part I): Creating the Indicator,,2025-11-25T11:53Z,Indicators,MetaTrader 5,[],,,ok,,993b9a03b5e2db7a4e414de3f3753f6f9110a44f84b8e3e4ef893e52da574607,md/20239.md,91416,22854
20240,https://www.mql5.com/en/articles/20240,Elite Crystal Evolution Algorithm (CEO-inspired): Practical Implementation,,2026-08-17T08:52Z,Trading,MetaTrader 5,[],,,ok,,261f917b8f5b08744069fbbfaf1e2fa4b3c8a4a62aeab72cde855f312f6c1847,md/20240.md,48909,12227
20245,https://www.mql5.com/en/articles/20245,Bonobo Optimizer (BO),,2026-08-19T08:33Z,Trading,MetaTrader 5,[],,,ok,,179b9b400b5dba14016abf3842745f42543a653bcf17808e2d74571b9bca8574,md/20245.md,62558,15639
20249,https://www.mql5.com/en/articles/20249,Building AI-Powered Trading Systems in MQL5 (Part 5): Adding a Collapsible Sidebar with Chat Popups,,2025-11-14T11:05Z,Trading systems,MetaTrader 5,[],Building AI-Powered Trading Systems in MQL5 (): Adding a Collapsible Sidebar with Chat Popups,5,ok,,71b1fa14c19e3587aa2d03a0102ccaa68e41f5d2a05bd5fa8b30d178d55e8683,md/20249.md,62952,15738
20254,https://www.mql5.com/en/articles/20254,Building AI-Powered Trading Systems in MQL5 (Part 6): Introducing Chat Deletion and Search Functionality,,2025-11-20T10:14Z,Trading systems,MetaTrader 5,[],Building AI-Powered Trading Systems in MQL5 (): Introducing Chat Deletion and Search Functionality,6,ok,,c1f40af15874fc0f2b1d0481c36d7cf5fe1ac0084acef8b7388dca9e0b97e1a7,md/20254.md,67264,16816
20256,https://www.mql5.com/en/articles/20256,Overcoming The Limitation of Machine Learning (Part 7): Automatic Strategy Selection,,2025-11-21T09:04Z,Examples,MetaTrader 5,[],Overcoming The Limitation of Machine Learning (): Automatic Strategy Selection,7,ok,,d6c326e6cb3c5166d7de395e84e052fe593be5babe1c3376ccd8ab16032cb545,md/20256.md,50439,12609
20262,https://www.mql5.com/en/articles/20262,"Price Action Analysis Toolkit Development (Part 50): Developing the RVGI, CCI and SMA Confluence Engine in MQL5",,2025-11-18T11:06Z,Examples,MetaTrader 5,[],"Price Action Analysis Toolkit Development (): Developing the RVGI, CCI and SMA Confluence Engine in MQL5",50,ok,,41b56192ad0d3e6c015346214f2f51371003e811d599e1f64478626524e940b8,md/20262.md,47017,11754
20266,https://www.mql5.com/en/articles/20266,The MQL5 Standard Library Explorer (Part 4): Custom Signal Library,,2025-11-27T10:25Z,Examples,MetaTrader 5,[],The MQL5 Standard Library Explorer (): Custom Signal Library,4,ok,,91c3fc3ef9ef40a6b3579b0749eaf8a9447ad9f18c35593def740d773b681d92,md/20266.md,57662,14415
20271,https://www.mql5.com/en/articles/20271,Market Positioning Codex for VGT with Kendall's Tau and Distance Correlation,,2025-11-26T12:03Z,Integration,MetaTrader 5,[],,,ok,,5aee9aa66d1000d00248adcf4ea0c59ed872ea72986151e39296ff913ef6dddd,md/20271.md,72425,18106
20273,https://www.mql5.com/en/articles/20273,Pure implementation of RSA encryption in MQL5,Vahid Irak,2025-12-17T11:12Z,Integration,MetaTrader 5,[],,,ok,,0a4e4d4420357b472cd4884a82323e1316b81b81b6360a49401ed2af583828c3,md/20273.md,45894,11473
20278,https://www.mql5.com/en/articles/20278,Trends and Traditions: Using Rademacher Functions in Trading,,2026-08-17T13:28Z,Trading systems,MetaTrader 5,[],,,ok,,8a6720e033b81338c143b730d4b796d96c3ef88d7fc050b851665401cc3880ee,md/20278.md,24538,6134
20280,https://www.mql5.com/en/articles/20280,Introduction to MQL5 (Part 28): Mastering API and WebRequest Function in MQL5 (II),,2025-11-24T08:37Z,Integration,MetaTrader 5,[],Introduction to MQL5 (): Mastering API and WebRequest Function in MQL5 (II),28,ok,,7c77a337eb5d1b4c1f1e762697f2469be318d36d50c43a5057db46c51268578f,md/20280.md,37237,9309
20287,https://www.mql5.com/en/articles/20287,Automating Black-Scholes Greeks: Advanced Scalping and Microstructure Trading,,2025-11-21T09:29Z,Examples,MetaTrader 5,[],,,ok,,abf72792322f510d28712c448d0ec885d20147d6591bba7a98648beba853e81f,md/20287.md,34781,8695
20289,https://www.mql5.com/en/articles/20289,The MQL5 Standard Library Explorer (Part 5): Multiple Signal Expert,,2025-12-01T10:26Z,Examples,MetaTrader 5,[],The MQL5 Standard Library Explorer (): Multiple Signal Expert,5,ok,,d0cf492e46218039231126d8e82a68aa5cc15391425116bf0e343618e0d305d0,md/20289.md,54955,13738
20302,https://www.mql5.com/en/articles/20302,MetaTrader 5 Machine Learning Blueprint (Part 6): Engineering a Production-Grade Caching System,,2025-11-26T12:11Z,Trading systems,MetaTrader 5,[],MetaTrader 5 Machine Learning Blueprint (): Engineering a Production-Grade Caching System,6,ok,,cb23c3ef382d154f15d0f1eaddf11eee209a88290bab0e38a264432993215548,md/20302.md,45400,11350
20309,https://www.mql5.com/en/articles/20309,Developing a Trading Strategy: The Flower Volatility Index Trend-Following Approach,,2025-11-24T15:09Z,Trading,MetaTrader 5,[],,,ok,,2a6938432dfaf5a8e1d47189ade2c4dfed30c1d7ac63fddf26cf01403a47da2e,md/20309.md,39277,9819
20313,https://www.mql5.com/en/articles/20313,Price Action Analysis Toolkit Development (Part 51): Revolutionary Chart Search Technology for Candlestick Pattern Discovery,,2025-11-21T10:23Z,Examples,MetaTrader 5,[],Price Action Analysis Toolkit Development (): Revolutionary Chart Search Technology for Candlestick Pattern Discovery,51,ok,,9fc029aee4f83f6943ffb4ee55aabeb2c2000b19785e49554b8bb32cef56a778,md/20313.md,43383,10845
20317,https://www.mql5.com/en/articles/20317,Overcoming The Limitation of Machine Learning (Part 8): Nonparametric Strategy Selection,,2025-11-25T11:41Z,Trading systems,MetaTrader 5,[],Overcoming The Limitation of Machine Learning (): Nonparametric Strategy Selection,8,ok,,06ae1973187a475c4331b2e36758142bf9616eecb1f136c9bd6e11662e78346d,md/20317.md,51231,12807
20323,https://www.mql5.com/en/articles/20323,"Automating Trading Strategies in MQL5 (Part 41): Candle Range Theory (CRT) – Accumulation, Manipulation, Distribution (AMD)",,2025-11-21T09:49Z,Trading,MetaTrader 5,[],"Automating Trading Strategies in MQL5 (): Candle Range Theory (CRT) – Accumulation, Manipulation, Distribution (AMD)",41,ok,,14135663904473c669681a2a424a0eec2623213f7faadecf0be6073f023b1826,md/20323.md,69756,17439
20327,https://www.mql5.com/en/articles/20327,"Analytical Volume Profile Trading (AVPT): Liquidity Architecture, Market Memory, and Algorithmic Execution",,2025-11-24T08:32Z,Examples,MetaTrader 5,[],,,ok,,335d7935538671cb80256f855880381ff43d4e92597d262f8d87717eb1345389,md/20327.md,40134,10033
20329,https://www.mql5.com/en/articles/20329,"Fast Integration of a Large Language Model with MetaTrader 5 (Part II): Fine-Tuning on Real Data, Backtesting, and Live Trading by the Model",,2026-08-21T10:28Z,Integration,MetaTrader 5,[],,,ok,,7fe030f594270cf69614a48c4836321c1ae0b5b191d31ecbc9a332a1008b7995,md/20329.md,57370,14342
20330,https://www.mql5.com/en/articles/20330,Market Heat Map Indicator Based on Prime-Number Density,,2026-08-18T12:06Z,Indicators,MetaTrader 5,[],,,ok,,854cc94cba80179b0d7e25037d569dd0fd99a8ca8818ffe89199b4fe4c172adf,md/20330.md,28334,7083
20339,https://www.mql5.com/en/articles/20339,Automating Trading Strategies in MQL5 (Part 42): Session-Based Opening Range Breakout (ORB) System,,2025-11-26T12:20Z,Trading,MetaTrader 5,[],Automating Trading Strategies in MQL5 (): Session-Based Opening Range Breakout (ORB) System,42,ok,,514133f822647df40e1c33ee0213c6c47141d096477c81929cccbf2a73413559,md/20339.md,57541,14385
20343,https://www.mql5.com/en/articles/20343,Training Neural Networks on Oscillators Without Look-Ahead Bias,,2026-08-20T07:05Z,Trading,MetaTrader 5,[],,,ok,,c359277e705533f321cf54e9915e9ab9848b529a11f35f1032d952a60f3723c0,md/20343.md,30932,7733
20346,https://www.mql5.com/en/articles/20346,Differential Search Algorithm (DSA),,2026-08-20T12:16Z,Trading,MetaTrader 5,[],,,ok,,00da870bd1b43932c09e43ad0e6a32416181df0e56e891e1e99aadec332f9438,md/20346.md,72645,18161
20347,https://www.mql5.com/en/articles/20347,Automating Trading Strategies in MQL5 (Part 43): Adaptive Linear Regression Channel Strategy,,2025-12-01T10:03Z,Trading systems,MetaTrader 5,[],Automating Trading Strategies in MQL5 (): Adaptive Linear Regression Channel Strategy,43,ok,,a319b030dd50ef89a76b7451074c3a1f0cfb6fc29b5f7b9f7bde2b682b5ebdaa,md/20347.md,76143,19035
20354,https://www.mql5.com/en/articles/20354,Python + LLM API + MetaTrader 5: Real-World Experience Building an Autonomous Trading Bot,Aleh Daikou,2026-08-21T14:29Z,Trading,MetaTrader 5,[],,,ok,,d6436d80520e216b74e7dc979f4c4eb99b5ca836b723ec788aee0dd50ebda170,md/20354.md,35445,8861
20355,https://www.mql5.com/en/articles/20355,Automating Trading Strategies in MQL5 (Part 44): Change of Character (CHoCH) Detection with Swing High/Low Breaks,,2025-12-03T11:12Z,Trading systems,MetaTrader 5,[],Automating Trading Strategies in MQL5 (): Change of Character (CHoCH) Detection with Swing High/Low Breaks,44,ok,,1f81bf4d8eff71c09cecaabb048b066de605b0e509e75350406c909e0559a0b4,md/20355.md,57711,14427
20361,https://www.mql5.com/en/articles/20361,Automating Trading Strategies in MQL5 (Part 45): Inverse Fair Value Gap (IFVG),,2025-12-08T13:33Z,Trading,MetaTrader 5,[],Automating Trading Strategies in MQL5 (): Inverse Fair Value Gap (IFVG),45,ok,,3cd3a0521f0d5e9d81a391c8222f4c8bec565c089249e287d132c144ec10f9a9,md/20361.md,92470,23117
20371,https://www.mql5.com/en/articles/20371,Formulating Dynamic Multi-Pair EA (Part 6): Adaptive Spread Sensitivity for High-Frequency Symbol Switching,,2026-01-30T10:59Z,Examples,MetaTrader 5,[],Formulating Dynamic Multi-Pair EA (): Adaptive Spread Sensitivity for High-Frequency Symbol Switching,6,ok,,8a1ee59c5ee1df104ac8aeff3d434f8b451ea2fcafe1c5e746e76f9b1e50d5d8,md/20371.md,50578,12644
20375,https://www.mql5.com/en/articles/20375,Introduction to MQL5 (Part 29): Mastering API and WebRequest Function in MQL5 (III),,2025-11-27T11:19Z,Integration,MetaTrader 5,[],Introduction to MQL5 (): Mastering API and WebRequest Function in MQL5 (III),29,ok,,036beff5f22f037a30e5bff50405bdc45ae1496d5ee8da69c2e373fb154848da,md/20375.md,44781,11195
20378,https://www.mql5.com/en/articles/20378,Mastering Kagi Charts in MQL5 (Part 2): Implementing Automated Kagi-Based Trading,,2025-12-09T13:26Z,Trading,MetaTrader 5,[],Mastering Kagi Charts in MQL5 (): Implementing Automated Kagi-Based Trading,2,ok,,953293e4e5723c2ce4689eee7da9a852c90ed61131e99ec13319834aa3e4df5f,md/20378.md,88159,22039
20387,https://www.mql5.com/en/articles/20387,Price Action Analysis Toolkit Development (Part 52): Master Market Structure with Multi-Timeframe Visual Analysis,,2025-11-25T12:00Z,Examples,MetaTrader 5,[],Price Action Analysis Toolkit Development (): Master Market Structure with Multi-Timeframe Visual Analysis,52,ok,,d27f39f8cd67bcf43222d3ada5ba34f988117bd308e2df9a71ad1f291b2e3399,md/20387.md,38198,9549
20390,https://www.mql5.com/en/articles/20390,Price Action Analysis Toolkit Development (Part 53): Pattern Density Heatmap for Support and Resistance Zone Discovery,,2025-11-28T10:09Z,Indicators,MetaTrader 5,[],Price Action Analysis Toolkit Development (): Pattern Density Heatmap for Support and Resistance Zone Discovery,53,ok,,1fbf3475547f7d784efbe201df513ab5b07a1817ade182cb263b117c2b0b9878,md/20390.md,36889,9222
20414,https://www.mql5.com/en/articles/20414,Adaptive Smart Money Architecture (ASMA): Merging SMC Logic With Market Sentiment for Dynamic Strategy Switching,,2025-12-10T12:18Z,Examples,MetaTrader 5,[],,,ok,,e1c538344b43fa3bd236fb822409c8c723ce23a071a5e91c14cf438b0dcb8712,md/20414.md,43056,10764
20417,https://www.mql5.com/en/articles/20417,From Novice to Expert: Developing a Geographic Market Awareness with MQL5 Visualization,,2025-12-05T14:08Z,Examples,MetaTrader 5,[],,,ok,,26f3caf0b2a1583b70acfe026e0f1a60389542661b638016a702db8e226e3532,md/20417.md,42178,10544
20425,https://www.mql5.com/en/articles/20425,Introduction to MQL5 (Part 30): Mastering API and WebRequest Function in MQL5 (IV),,2025-12-03T12:16Z,Integration,MetaTrader 5,[],Introduction to MQL5 (): Mastering API and WebRequest Function in MQL5 (IV),30,ok,,66edac23692ba757b50c4f57b3a1b641392cd9c4f70615ac1cce1804ffce35cd,md/20425.md,48723,12180
20430,https://www.mql5.com/en/articles/20430,Deterministic Dendritic Cell Algorithm (dDCA),,2026-09-02T10:14Z,Trading,MetaTrader 5,[],,,ok,,ce43e0f15f4f706065212aa29289c2e3f0ec9bce13699ba3c8dd1a663719f8ed,md/20430.md,72251,18062
20449,https://www.mql5.com/en/articles/20449,Fortified Profit Architecture: Multi-Layered Account Protection,,2025-12-09T12:21Z,Examples,MetaTrader 5,[],,,ok,,4c1dbc4048a8ec9d595ebbfb54d2fb6f9fce82a5455157c222d485310cfa8809,md/20449.md,43159,10789
20451,https://www.mql5.com/en/articles/20451,MetaTrader 5 Machine Learning Blueprint (Part 7): From Scattered Experiments to Reproducible Results,,2026-02-24T11:39Z,Examples,MetaTrader 5,[],MetaTrader 5 Machine Learning Blueprint (): From Scattered Experiments to Reproducible Results,7,ok,,019208d42de056a2026a0840bfb7ef9cc0a8da54f2ef0d350ff48d6ea6636752,md/20451.md,88038,22009
20455,https://www.mql5.com/en/articles/20455,"Python-MetaTrader 5 Strategy Tester (Part 02): Dealing with Bars, Ticks, and Overloading Built-in Functions in a Simulator",,2026-01-16T07:45Z,Tester,MetaTrader 5,[],"Python-MetaTrader 5 Strategy Tester (): Dealing with Bars, Ticks, and Overloading Built-in Functions in a Simulator",2,ok,,074d1b7e576b379fd814ee400724a3e633938c68842c768887bcc839915972d3,md/20455.md,137430,34357
20458,https://www.mql5.com/en/articles/20458,"Implementing Practical Modules from Other Languages in MQL5 (Part 05): The Logging module from Python, Log Like a Pro",,2025-12-04T10:29Z,Trading,MetaTrader 5,[],"Implementing Practical Modules from Other Languages in MQL5 (): The Logging module from Python, Log Like a Pro",5,ok,,62a1419c65aecffdbac5194b7638ef66e4718648e93528f4554f98d00497a52a,md/20458.md,51207,12801
20469,https://www.mql5.com/en/articles/20469,Developing a Trading Strategy: Using a Volume-Bound Approach,,2025-12-03T12:45Z,Trading,MetaTrader 5,[],,,ok,,6c08bef67b4ad7550b1125bb46f84b908b08da488407a786fb476ee4e65abef6,md/20469.md,27694,6923
20478,https://www.mql5.com/en/articles/20478,The MQL5 Standard Library Explorer (Part 6): Optimizing a generated Expert Advisor,,2026-01-27T12:18Z,Examples,MetaTrader 5,[],The MQL5 Standard Library Explorer (): Optimizing a generated Expert Advisor,6,ok,,4c3b080d0459573b8b13da5753dee5fad69d7682aa795c23ec0c72ac7e245f49,md/20478.md,47109,11777
20479,https://www.mql5.com/en/articles/20479,Dendritic Cell Algorithm (DCA),,2026-09-02T14:28Z,Trading systems,MetaTrader 5,[],,,ok,,537b1eed5e8dbdb350889ebb6ab2a0f175c0c6b72c29e3c4a8c0def6319f286c,md/20479.md,73858,18464
20485,https://www.mql5.com/en/articles/20485,Statistical Arbitrage Through Cointegrated Stocks (Part 8): Rolling Windows Eigenvector Comparison for Portfolio Rebalancing,,2025-12-05T13:49Z,Trading systems,MetaTrader 5,[],Statistical Arbitrage Through Cointegrated Stocks (): Rolling Windows Eigenvector Comparison for Portfolio Rebalancing,8,ok,,4d56562506037a16909baac4e1bc4b754542cbf7ef4a81cd638e2e23824a911a,md/20485.md,47329,11832
20488,https://www.mql5.com/en/articles/20488,Reimagining Classic Strategies (Part 19): Deep Dive Into Moving Average Crossovers,,2025-12-05T14:03Z,Examples,MetaTrader 5,[],Reimagining Classic Strategies (): Deep Dive Into Moving Average Crossovers,19,ok,,74a24932ac3190e2c582d36b92d469bb4a5313ab1eb791e0ca30e47a42076dc7,md/20488.md,61296,15324
20510,https://www.mql5.com/en/articles/20510,Larry Williams Market Secrets (Part 3): Proving Non-Random Market Behavior with MQL5,,2026-01-13T07:52Z,Trading systems,MetaTrader 5,[],Larry Williams Market Secrets (): Proving Non-Random Market Behavior with MQL5,3,ok,,944f0625bf79087cbd32723b9e7c0a748e63d8b90ee23b5474e2272f6ea3be11,md/20510.md,67705,16926
20511,https://www.mql5.com/en/articles/20511,Larry Williams Market Secrets (Part 1): Building a Swing Structure Indicator in MQL5,,2025-12-17T11:07Z,Indicators,MetaTrader 5,[],Larry Williams Market Secrets (): Building a Swing Structure Indicator in MQL5,1,ok,,a8664c0ecea659553ee5ddbf0b58f582d613644c053a877fd340ab92e7234524,md/20511.md,59135,14783
20512,https://www.mql5.com/en/articles/20512,Larry Williams Market Secrets (Part 2): Automating a Market Structure Trading System,,2026-01-05T09:50Z,Trading,MetaTrader 5,[],Larry Williams Market Secrets (): Automating a Market Structure Trading System,2,ok,,66d2c845059f85b6c582069a4c7a959591d2a19295c5be9c4cb19d557bbc4eb7,md/20512.md,82589,20647
20514,https://www.mql5.com/en/articles/20514,Overcoming The Limitation of Machine Learning (Part 9): Correlation-Based Feature Learning in Self-Supervised Finance,,2025-12-10T11:46Z,Examples,MetaTrader 5,[],Overcoming The Limitation of Machine Learning (): Correlation-Based Feature Learning in Self-Supervised Finance,9,ok,,9607b0b65819a3055454d70f1ab737a694636cfd30ce916374ff86754c728f05,md/20514.md,44302,11075
20518,https://www.mql5.com/en/articles/20518,Quantum Computing and Gradient Boosting in EURUSD Trading,,2026-09-01T08:46Z,Integration,MetaTrader 5,[],,,ok,,b4ebaf19a322ee2af8869204db01100598e29d8af160d549e347f544fb8355bd,md/20518.md,46292,11573
20530,https://www.mql5.com/en/articles/20530,Reimagining Classic Strategies (Part 20): Modern Stochastic Oscillators,,2025-12-19T13:33Z,Examples,MetaTrader 5,[],Reimagining Classic Strategies (): Modern Stochastic Oscillators,20,ok,,75f2e4512d42b60adc15ec2dfd0730db05948e39d1bd78acd87897e7b0bbc808,md/20530.md,42101,10525
20535,https://www.mql5.com/en/articles/20535,"Combining LLM, CatBoost, and Quantum Computing into a Unified Trading System",,2026-09-03T14:05Z,Trading systems,MetaTrader 5,[],,,ok,,64d7c435c1734808f71f6c86500a08bd4965d18fb5e699935a70398b1297a264,md/20535.md,47818,11954
20540,https://www.mql5.com/en/articles/20540,Dandelion Optimizer (DO),,2026-09-04T08:44Z,Trading,MetaTrader 5,[],,,ok,,6f69eaa6e93ff450fdc905ed2a76f6cb2447b9ed7d1202d0a54a23ba4a5ec4c7,md/20540.md,62160,15540
20546,https://www.mql5.com/en/articles/20546,Introduction to MQL5 (Part 31): Mastering API and WebRequest Function in MQL5 (V),,2025-12-12T10:06Z,Integration,MetaTrader 5,[],Introduction to MQL5 (): Mastering API and WebRequest Function in MQL5 (V),31,ok,,61931cc4bb990f0ca9041a64bf85eff34b731778630c2a3598f8131c307f46c3,md/20546.md,42299,10574
20550,https://www.mql5.com/en/articles/20550,Codex Pipelines: From Python to MQL5 for Indicator Selection — A Multi-Quarter Analysis of the FXI ETF,,2025-12-10T15:54Z,Trading systems,MetaTrader 5,[],,,ok,,075b8031c2b538a44d8b9d31e4703b23f9f957a234a41d0ca2d867ddb5dff064,md/20550.md,100127,25031
20554,https://www.mql5.com/en/articles/20554,From Novice to Expert: Trading the RSI with Market Structure Awareness,,2025-12-12T10:13Z,Examples,MetaTrader 5,[],,,ok,,d5bfafc105cbb01c82195bc7c754a423c5435b1315bfaabc404a3ee3fea142d4,md/20554.md,87413,21853
20569,https://www.mql5.com/en/articles/20569,Automating Trading Strategies in MQL5 (Part 46): Liquidity Sweep on Break of Structure (BoS),,2025-12-12T10:01Z,Trading,MetaTrader 5,[],Automating Trading Strategies in MQL5 (): Liquidity Sweep on Break of Structure (BoS),46,ok,,22d7249e5d25f4cd4436026a65c44560a263f2c406989711395a28ff8d624ea9,md/20569.md,61275,15318
20571,https://www.mql5.com/en/articles/20571,Data Science and ML (Part 47): Forecasting the Market Using the DeepAR model in Python,,2026-01-08T16:03Z,Trading systems,MetaTrader 5,[],Data Science and ML (): Forecasting the Market Using the DeepAR model in Python,47,ok,,deeba2039a785b623b2b402a54c32a27f170c61281af03104e3a9ebb651ae0d9,md/20571.md,48341,12085
20587,https://www.mql5.com/en/articles/20587,From Novice to Expert: Automating Trade Discipline with an MQL5 Risk Enforcement EA,,2025-12-16T10:12Z,Examples,MetaTrader 5,[],,,ok,,d43ee7616876af0ea5a66fe48f112fbb3dd5d94943f580dc9c430b140f2b4715,md/20587.md,38408,9602
20588,https://www.mql5.com/en/articles/20588,Building AI-Powered Trading Systems in MQL5 (Part 7): Further Modularization and Automated Trading,,2025-12-15T12:16Z,Trading systems,MetaTrader 5,[],Building AI-Powered Trading Systems in MQL5 (): Further Modularization and Automated Trading,7,ok,,294f855c6ebf8dde200ee56093daf0460ba46212f827d1c529d939a600f3297a,md/20588.md,68653,17163
20589,https://www.mql5.com/en/articles/20589,Building Volatility models in MQL5 (Part I): The Initial Implementation,,2026-01-14T11:13Z,Examples,MetaTrader 5,[],,,ok,,4d645dfc7d1c213de66d6ff947f083099456b3d1324bb43c69b97d2407f04198,md/20589.md,51823,12955
20590,https://www.mql5.com/en/articles/20590,Markov Chain Monte Carlo Sampling Methods: The HMC Algorithm,,2026-09-04T15:37Z,Statistics and analysis,MetaTrader 5,[],,,ok,,334460dc236a53650aecbe7a59e2a67992b4e98d500bd515cd88b5ee891a977a,md/20590.md,46168,11542
20591,https://www.mql5.com/en/articles/20591,Introduction to MQL5 (Part 32): Mastering API and WebRequest Function in MQL5 (VI),,2025-12-16T11:19Z,Trading systems,MetaTrader 5,[],Introduction to MQL5 (): Mastering API and WebRequest Function in MQL5 (VI),32,ok,,1fb345536dd68d237240f6a5a8ab8559fb28983db4b645aaacf9d2c3cc1bc747,md/20591.md,63691,15922
20595,https://www.mql5.com/en/articles/20595,"Codex Pipelines, from Python to MQL5, for Indicator Selection: A Multi-Quarter Analysis of the XLF ETF with Machine Learning",,2025-12-15T11:32Z,Integration,MetaTrader 5,[],,,ok,,6149ef2975c3a84f35a46a8a2518e1b3e57b82b6cf840dfabf9743a1a62daf62,md/20595.md,41327,10331
20610,https://www.mql5.com/en/articles/20610,Creating Custom Indicators in MQL5 (Part 1): Building a Pivot-Based Trend Indicator with Canvas Gradient,,2025-12-16T13:28Z,Trading,MetaTrader 5,[],Creating Custom Indicators in MQL5 (): Building a Pivot-Based Trend Indicator with Canvas Gradient,1,ok,,19daa3d6bcf8cc8e680759d054bdad60fca2041f40a442fcc4cb37d4feb43ec1,md/20610.md,63332,15833
20632,https://www.mql5.com/en/articles/20632,Creating Custom Indicators in MQL5 (Part 2): Building a Gauge-Style RSI Display with Canvas and Needle Mechanics,,2025-12-18T11:27Z,Trading systems,MetaTrader 5,[],Creating Custom Indicators in MQL5 (): Building a Gauge-Style RSI Display with Canvas and Needle Mechanics,2,ok,,0eb51ef174b547cba7e33c720981f86a45ccd058e51a4b9084736cd618e13289,md/20632.md,142210,35552
20645,https://www.mql5.com/en/articles/20645,From Novice to Expert: Navigating Market Irregularities,,2025-12-18T12:41Z,Examples,MetaTrader 5,[],,,ok,,bdf1c9a9fbf021819d13d25d4570307a674ef245674d82f03f0ba433917383b2,md/20645.md,39848,9962
20654,https://www.mql5.com/en/articles/20654,Database Is Easy (Part 1): A Lightweight ORM Framework for MQL5 Using SQLite,Hans Alexander Nolawon Djurberg,2026-01-31T10:00Z,Examples,MetaTrader 5,[],Database Is Easy (): A Lightweight ORM Framework for MQL5 Using SQLite,1,ok,,360572af8246887e371cea7ce3a684a531659c82cb25df36333404fb88265140,md/20654.md,48592,12148
20657,https://www.mql5.com/en/articles/20657,Statistical Arbitrage Through Cointegrated Stocks (Part 9): Backtesting Portfolio Weights Updates,,2025-12-18T11:22Z,Trading systems,MetaTrader 5,[],Statistical Arbitrage Through Cointegrated Stocks (): Backtesting Portfolio Weights Updates,9,ok,,2e0a62bb8b202d1c43212cfac061f274cdcd48e9b3da64fce7225aa034a6f09f,md/20657.md,55494,13873
20658,https://www.mql5.com/en/articles/20658,From Novice to Expert: Higher Probability Signals,,2026-01-07T14:53Z,Examples,MetaTrader 5,[],,,ok,,5dbd8b549177367acfd034baf8654468523fdc3b5975eb230cac6a0ebec6ea4a,md/20658.md,37447,9361
20669,https://www.mql5.com/en/articles/20669,"Tracking Account Dynamics: Balance, Equity, and Floating P/L Visualization in MQL5",Nervada Emeule Adams,2026-01-30T10:30Z,Indicators,MetaTrader 5,[],,,ok,,72f5124be4c27e95203553e5abc0518373f37fd2a2e2415228708d80c6c6ea5d,md/20669.md,45551,11387
20695,https://www.mql5.com/en/articles/20695,Implementing Practical Modules from Other Languages in MQL5 (Part 06): Python-Like File IO operations in MQL5,,2026-01-09T15:23Z,Trading systems,MetaTrader 5,[],Implementing Practical Modules from Other Languages in MQL5 (): Python-Like File IO operations in MQL5,6,ok,,d8f400c9d853adc96ce67044a4f034b866081075c66d16e05f0d0156a50092c6,md/20695.md,54057,13514
20700,https://www.mql5.com/en/articles/20700,Introduction to MQL5 (Part 33): Mastering API and WebRequest Function in MQL5 (VII),,2026-01-13T13:04Z,Integration,MetaTrader 5,[],Introduction to MQL5 (): Mastering API and WebRequest Function in MQL5 (VII),33,ok,,f75110f6cdc620a09912b56f77ecd17cedf4670247760e7844fe0fe8876f7686,md/20700.md,36774,9193
20716,https://www.mql5.com/en/articles/20716,Larry Williams Market Secrets (Part 4): Automating Short-Term Swing Highs and Lows in MQL5,,2026-01-14T11:18Z,Trading,MetaTrader 5,[],Larry Williams Market Secrets (): Automating Short-Term Swing Highs and Lows in MQL5,4,ok,,2bbdef5947daf8f31b9643dbacbc3aab78d0d379c696909e4bff9487d4daa94a,md/20716.md,64509,16127
20719,https://www.mql5.com/en/articles/20719,Creating Custom Indicators in MQL5 (Part 3): Multi-Gauge Enhancements with Sector and Round Styles,,2026-01-09T15:19Z,Trading,MetaTrader 5,[],Creating Custom Indicators in MQL5 (): Multi-Gauge Enhancements with Sector and Round Styles,3,ok,,b6019f6a7ba2cfdab0336a8d88feb90b6c6ac6e663ea5c7f947627986ce672fe,md/20719.md,77445,19361
20722,https://www.mql5.com/en/articles/20722,"Building AI-Powered Trading Systems in MQL5 (Part 8): UI Polish with Animations, Timing Metrics, and Response Management Tools",,2026-01-13T07:56Z,Trading systems,MetaTrader 5,[],"Building AI-Powered Trading Systems in MQL5 (): UI Polish with Animations, Timing Metrics, and Response Management Tools",8,ok,,7d96a83c19840eec6a3e2222ec5c6571cf34e0b331dfac575881268bd4952d70,md/20722.md,54302,13575
20728,https://www.mql5.com/en/articles/20728,Sigma Score Indicator for MetaTrader 5: A Simple Statistical Anomaly Detector,TECHAURORA - FZCO,2026-01-14T12:32Z,Indicators,MetaTrader 5,[],,,ok,,16f3cdafbaa320b0ac56fbdafdb65d2544cf758fd6839777fbc320f5f6abd161,md/20728.md,25970,6492
20745,https://www.mql5.com/en/articles/20745,Larry Williams Market Secrets (Part 5): Automating the Volatility Breakout Strategy in MQL5,,2026-01-16T07:48Z,Indicators,MetaTrader 5,[],Larry Williams Market Secrets (): Automating the Volatility Breakout Strategy in MQL5,5,ok,,51470530bf894fb70939aa192c4472e86e4240a6f881c7e93de6039c334113d2,md/20745.md,63533,15883
20755,https://www.mql5.com/en/articles/20755,Custom Indicator Workshop (Part 1): Building the Supertrend Indicator in MQL5,,2026-02-04T11:19Z,Indicators,MetaTrader 5,[],Custom Indicator Workshop (): Building the Supertrend Indicator in MQL5,1,ok,,163b6ceca29ab0ef0d987de8c201574cfaae4c870b4ccd7208f7dbead786b0bc,md/20755.md,67681,16920
20782,https://www.mql5.com/en/articles/20782,Python-MetaTrader 5 Strategy Tester (Part 03): MetaTrader 5-Like Trading Operations — Handling and Managing,,2026-01-20T09:13Z,Trading,MetaTrader 5,[],Python-MetaTrader 5 Strategy Tester (): MetaTrader 5-Like Trading Operations — Handling and Managing,3,ok,,484d7d3fd0076ad44b872411958ef099374f3a47e1e76bdc68facd3bcd51b70e,md/20782.md,98774,24693
20802,https://www.mql5.com/en/articles/20802,Introduction to MQL5 (Part 34): Mastering API and WebRequest Function in MQL5 (VIII),,2026-01-15T10:07Z,Integration,MetaTrader 5,[],Introduction to MQL5 (): Mastering API and WebRequest Function in MQL5 (VIII),34,ok,,acf631c354ce71216882d3014b00af26e93ca5cf0c0f1a0a9a4921d6d14a6a29,md/20802.md,36692,9173
20811,https://www.mql5.com/en/articles/20811,Creating Custom Indicators in MQL5 (Part 4): Smart WaveTrend Crossover with Dual Oscillators,,2026-01-15T10:03Z,Trading,MetaTrader 5,[],Creating Custom Indicators in MQL5 (): Smart WaveTrend Crossover with Dual Oscillators,4,ok,,ec7367639968606c772d79e8ac30ec5588175ddea7f06e432ddd45c1e5c6a53f,md/20811.md,39070,9767
20815,https://www.mql5.com/en/articles/20815,"Creating Custom Indicators in MQL5 (Part 5): WaveTrend Crossover Evolution Using Canvas for Fog Gradients, Signal Bubbles, and Risk Management",,2026-01-20T09:09Z,Trading systems,MetaTrader 5,[],"Creating Custom Indicators in MQL5 (): WaveTrend Crossover Evolution Using Canvas for Fog Gradients, Signal Bubbles, and Risk Management",5,ok,,54bc26ec5052c055e68a2852a5b0d0a45225b83ec4ec317339929d482e1062e7,md/20815.md,100455,25113
20851,https://www.mql5.com/en/articles/20851,Price Action Analysis Toolkit Development (Part 54): Filtering Trends with EMA and Smoothed Price Action,,2026-01-16T11:21Z,Tester,MetaTrader 5,[],Price Action Analysis Toolkit Development (): Filtering Trends with EMA and Smoothed Price Action,54,ok,,d44c8ddf1d87402c12e54f12d4443f2f490cfb02da5187f2457de8eaac45563a,md/20851.md,35647,8911
20852,https://www.mql5.com/en/articles/20852,Integrating External Applications with MQL5 Community OAuth,,2026-02-04T11:28Z,Examples,MetaTrader 5,[],,,ok,,13451869e1fc5192cffb50ba9dc70691025988598cbf554dd7e33adb46ac790a,md/20852.md,35144,8786
20856,https://www.mql5.com/en/articles/20856,Graph Theory: Traversal Breadth-First Search (BFS) Applied in Trading,,2026-01-30T11:33Z,Examples,MetaTrader 5,[],,,ok,,4a49a6283d13d6d351f71baf8107fa84ee957ea751034a15d89ddaf245ebb289,md/20856.md,55637,13909
20859,https://www.mql5.com/en/articles/20859,Introduction to MQL5 (Part 35): Mastering API and WebRequest Function in MQL5 (IX),,2026-01-19T11:53Z,Integration,MetaTrader 5,[],Introduction to MQL5 (): Mastering API and WebRequest Function in MQL5 (IX),35,ok,,589a4c109ae70a135a10fa8ff0a62bcc4cdf888b3b6a8006d71a5d2898a66bc0,md/20859.md,54833,13708
20862,https://www.mql5.com/en/articles/20862,Larry Williams Market Secrets (Part 6): Measuring Volatility Breakouts Using Market Swings,,2026-01-22T10:17Z,Trading systems,MetaTrader 5,[],Larry Williams Market Secrets (): Measuring Volatility Breakouts Using Market Swings,6,ok,,43a713ab3b58a807e07a64b9f85e8a427fb7ae4f1b2eb99d4b046308c5f62960,md/20862.md,59464,14866
20892,https://www.mql5.com/en/articles/20892,The MQL5 Standard Library Explorer (Part 7): Interactive Position Labeling with CCanvas,,2026-02-06T14:08Z,Examples,MetaTrader 5,[],The MQL5 Standard Library Explorer (): Interactive Position Labeling with CCanvas,7,ok,,1e968e751131a671e0e500d66b4dc197745d8e0d1cf23a2a5e52e1e65941b963,md/20892.md,34348,8587
20904,https://www.mql5.com/en/articles/20904,From Novice to Expert: Statistical Validation of Supply and Demand Zones,,2026-01-30T15:45Z,Examples,MetaTrader 5,[],,,ok,,bd3a308a10b71be2392bc0b60393318bd5446bd6074dfcd71028fe05eb0420b2,md/20904.md,56712,14178
20908,https://www.mql5.com/en/articles/20908,Custom Indicator Workshop (Part 2) : Building a Practical Supertrend Expert Advisor in MQL5,,2026-02-10T08:52Z,Trading systems,MetaTrader 5,[],Custom Indicator Workshop () : Building a Practical Supertrend Expert Advisor in MQL5,2,ok,,7e68c70131c6e6cce500c4848f71d4ba5c4530eaa72bcdd1945c5cb4531ee882,md/20908.md,65948,16487
20917,https://www.mql5.com/en/articles/20917,Python-MetaTrader 5 Strategy Tester (Part 04): Tester 101,,2026-01-23T09:44Z,Trading systems,MetaTrader 5,[],Python-MetaTrader 5 Strategy Tester (): Tester 101,4,ok,,7f60cadbef1471284a3d0b69db6e1bebd669e9d2ee81b57604deb7a4cc9d4ea5,md/20917.md,97090,24272
20933,https://www.mql5.com/en/articles/20933,Reimagining Classic Strategies (Part 21): Bollinger Bands And RSI Ensemble Strategy Discovery,,2026-01-16T14:36Z,Examples,MetaTrader 5,[],Reimagining Classic Strategies (): Bollinger Bands And RSI Ensemble Strategy Discovery,21,ok,,5aebc0d3e984028af9d39b0dd3785989675e5fa750dbed02ac2de0a60a4bc1af,md/20933.md,70582,17645
20938,https://www.mql5.com/en/articles/20938,Introduction to MQL5 (Part 36): Mastering API and WebRequest Function in MQL5 (X),,2026-01-22T11:12Z,Integration,MetaTrader 5,[],Introduction to MQL5 (): Mastering API and WebRequest Function in MQL5 (X),36,ok,,22a7b836feb38888165cdd81397b1d91e56393b49f4c1e273e3d78dac6247bab,md/20938.md,38096,9524
20941,https://www.mql5.com/en/articles/20941,Larry Williams Market Secrets (Part 7): An Empirical Study of the Trade Day of the Week Concept,,2026-01-26T10:25Z,Experts,MetaTrader 5,[],Larry Williams Market Secrets (): An Empirical Study of the Trade Day of the Week Concept,7,ok,,ed7d15393e11d02f9c4a21ea9305fe0745446f2c33d5b68f64905f2199fcc1dc,md/20941.md,48349,12087
20945,https://www.mql5.com/en/articles/20945,"MQL5 Trading Tools (Part 11): Correlation Matrix Dashboard (Pearson, Spearman, Kendall) with Heatmap and Standard Modes",,2026-01-16T14:33Z,Trading,MetaTrader 5,[],"MQL5 Trading Tools (): Correlation Matrix Dashboard (Pearson, Spearman, Kendall) with Heatmap and Standard Modes",11,ok,,6e82ed4fd05935c30aa837ea9fdee18832ebf7d1fc45e78ab139c181210371a7,md/20945.md,113899,28474
20946,https://www.mql5.com/en/articles/20946,Statistical Arbitrage Through Cointegrated Stocks (Part 10): Detecting Structural Breaks,,2026-01-23T10:18Z,Trading systems,MetaTrader 5,[],Statistical Arbitrage Through Cointegrated Stocks (): Detecting Structural Breaks,10,ok,,37f7e6bd06e4cad70102f7db6820c694a38ef7a411d223d6d817556b00956387,md/20946.md,41722,10430
20949,https://www.mql5.com/en/articles/20949,Price Action Analysis Toolkit Development (Part 55): Designing a CPI Mini-Candle Overlay for Intra-bar Pressure,,2026-01-19T11:59Z,Indicators,MetaTrader 5,[],Price Action Analysis Toolkit Development (): Designing a CPI Mini-Candle Overlay for Intra-bar Pressure,55,ok,,635e07378304ade78c67edfeffa83247ec9d759547bf801924b54fa97584e44f,md/20949.md,41872,10468
20958,https://www.mql5.com/en/articles/20958,Python-MetaTrader 5 Strategy Tester (Part 05): Multi-Symbols and Timeframes Strategy Tester,,2026-02-10T09:05Z,Trading systems,MetaTrader 5,[],Python-MetaTrader 5 Strategy Tester (): Multi-Symbols and Timeframes Strategy Tester,5,ok,,222aa44c95a08ab2d9e6ea1c736b281f8c718ea10eb3ff792a8deb70118c452f,md/20958.md,94942,23735
20962,https://www.mql5.com/en/articles/20962,MQL5 Trading Tools (Part 12): Enhancing the Correlation Matrix Dashboard with Interactivity,,2026-01-22T10:28Z,Trading,MetaTrader 5,[],MQL5 Trading Tools (): Enhancing the Correlation Matrix Dashboard with Interactivity,12,ok,,3ff0ad5912c908d6e452937ab8a261ab3ceeea52ee7d56f7bbaa60405173b657,md/20962.md,123129,30782
20973,https://www.mql5.com/en/articles/20973,Developing Market Memory Zones Indicator: Where Price Is Likely To Return,,2026-01-23T10:14Z,Examples,MetaTrader 5,[],,,ok,,b17002d4dd5e23d9a629346f8cd93fc99d5b8e49e0cb799dd93575ed90012b0e,md/20973.md,46385,11596
20978,https://www.mql5.com/en/articles/20978,Introduction to MQL5 (Part 37): Mastering API and WebRequest Function in MQL5 (XI),,2026-01-27T12:47Z,Integration,MetaTrader 5,[],Introduction to MQL5 (): Mastering API and WebRequest Function in MQL5 (XI),37,ok,,6c9963c5829ba5918c187fb0a7afaeb0604ae26dbe89f072e20da0669a78bf72,md/20978.md,45410,11352
20986,https://www.mql5.com/en/articles/20986,From Novice to Expert: Creating a Liquidity Zone Indicator,,2026-02-02T13:40Z,Examples,MetaTrader 5,[],,,ok,,facb03c2063a7f1d4d15b2ef640e7112a9d0b316f2f8d1d336f2e267fa6cf9b8,md/20986.md,32265,8066
20995,https://www.mql5.com/en/articles/20995,Price Action Analysis Toolkit Development (Part 56): Reading Session Acceptance and Rejection with CPI,,2026-01-26T10:29Z,Examples,MetaTrader 5,[],Price Action Analysis Toolkit Development (): Reading Session Acceptance and Rejection with CPI,56,ok,,a6e1900d74bb21e00ee33132369ce12a60bd721c833c5e03fd61c3a7bfb992a5,md/20995.md,29440,7360
20996,https://www.mql5.com/en/articles/20996,Price Action Analysis Toolkit Development (Part 57): Developing a Market State Classification Module in MQL5,,2026-01-29T08:29Z,Examples,MetaTrader 5,[],Price Action Analysis Toolkit Development (): Developing a Market State Classification Module in MQL5,57,ok,,a58a9b48904bb9d0493699b9a913df5f1164afbedf2ba6f84e4eda4369e34ee2,md/20996.md,32408,8102
21003,https://www.mql5.com/en/articles/21003,"Larry Williams Market Secrets (Part 8): Combining Volatility, Structure and Time Filters",,2026-01-28T10:17Z,Trading systems,MetaTrader 5,[],"Larry Williams Market Secrets (): Combining Volatility, Structure and Time Filters",8,ok,,8d86b0e69c0012566bdec1ecac1fe2c0bd6b425061164662537dcab13278ae7c,md/21003.md,73805,18451
21038,https://www.mql5.com/en/articles/21038,MQL5 Trading Tools (Part 13): Creating a Canvas-Based Price Dashboard with Graph and Stats Panels,,2026-01-26T11:18Z,Trading systems,MetaTrader 5,[],MQL5 Trading Tools (): Creating a Canvas-Based Price Dashboard with Graph and Stats Panels,13,ok,,b998bed9f351fd9efab2e3de0f225bbf64fb9e33288f507f29a18944a791191d,md/21038.md,143339,35834
21045,https://www.mql5.com/en/articles/21045,The MQL5 Standard Library Explorer (Part 8) : The Hybrid Trades Journal Logging with CFile,,2026-02-11T11:03Z,Examples,MetaTrader 5,[],The MQL5 Standard Library Explorer () : The Hybrid Trades Journal Logging with CFile,8,ok,,3abc9b75e69f6b069b4a81a6dc8ad8c05bedd2ce8ee7b7604afaf5d3d13fa67c,md/21045.md,28960,7240
21061,https://www.mql5.com/en/articles/21061,Introduction to MQL5 (Part 38): Mastering API and WebRequest Function in MQL5 (XII),,2026-02-03T11:39Z,Integration,MetaTrader 5,[],Introduction to MQL5 (): Mastering API and WebRequest Function in MQL5 (XII),38,ok,,7474b86bf8fb5c8ca98940a6a0cfbc4f4d59da7fcd9c507d0a05ff765565b871,md/21061.md,52897,13224
21063,https://www.mql5.com/en/articles/21063,Larry Williams Market Secrets (Part 9): Patterns to Profit,,2026-02-02T13:28Z,Trading systems,MetaTrader 5,[],Larry Williams Market Secrets (): Patterns to Profit,9,ok,,39b8ad36487de45e8b5228728bee3a79f5445903bbc110713ff8c5541fc1d3fb,md/21063.md,91595,22898
21072,https://www.mql5.com/en/articles/21072,MQL5 Trading Tools (Part 14): Pixel-Perfect Scrollable Text Canvas with Antialiasing and Rounded Scrollbar,,2026-01-28T10:22Z,Trading systems,MetaTrader 5,[],MQL5 Trading Tools (): Pixel-Perfect Scrollable Text Canvas with Antialiasing and Rounded Scrollbar,14,ok,,5f3cf72e4291952bb11bdb82cd8e14cb1398e7d5213d3e16b4039ac2e2d5e53b,md/21072.md,89546,22386
21083,https://www.mql5.com/en/articles/21083,"Creating Custom Indicators in MQL5 (Part 6): Evolving RSI Calculations with Smoothing, Hue Shifts, and Multi-Timeframe Support",,2026-01-27T12:51Z,Trading systems,MetaTrader 5,[],"Creating Custom Indicators in MQL5 (): Evolving RSI Calculations with Smoothing, Hue Shifts, and Multi-Timeframe Support",6,ok,,e8e8c651fce7fa8c93cf09d50486cb75e02b52bba4946fc17857418bd75cca37,md/21083.md,89643,22410
21096,https://www.mql5.com/en/articles/21096,Automating Trading Strategies in MQL5 (Part 47): Nick Rypock Trailing Reverse (NRTR) with Hedging Features,,2026-01-29T08:33Z,Trading,MetaTrader 5,[],Automating Trading Strategies in MQL5 (): Nick Rypock Trailing Reverse (NRTR) with Hedging Features,47,ok,,e059acc3505edfe115cc80e66496ef63e456484b75ad3ff3d0df9ff314fab795,md/21096.md,87930,21982
21109,https://www.mql5.com/en/articles/21109,Price Action Analysis Toolkit Development (Part 58): Range Contraction Analysis and Maturity Classification Module,,2026-02-03T11:43Z,Tester,MetaTrader 5,[],Price Action Analysis Toolkit Development (): Range Contraction Analysis and Maturity Classification Module,58,ok,,bf99df2b91fc7bacbe5a2c247a72fd00bf5441dcd4ff39bc6f4dd03066bb7188,md/21109.md,37669,9417
21115,https://www.mql5.com/en/articles/21115,Integrating MQL5 with Data Processing Packages (Part 7): Building Multi-Agent Environments for Cross-Symbol Collaboration,,2026-02-11T13:19Z,Examples,MetaTrader 5,[],Integrating MQL5 with Data Processing Packages (): Building Multi-Agent Environments for Cross-Symbol Collaboration,7,ok,,eb15139c12fd77db1d95e336478a0f104785a074ae9e4e1dd2c0f32eb40d1109,md/21115.md,62089,15522
21127,https://www.mql5.com/en/articles/21127,Larry Williams Market Secrets (Part 10): Automating Smash Day Reversal Patterns,,2026-02-06T12:13Z,Expert Advisors,MetaTrader 5,[],Larry Williams Market Secrets (): Automating Smash Day Reversal Patterns,10,ok,,82cfd6cfb5d02b7d47e5cdfb1f93c1b43856a71897d5540be7a6274953ab21cd,md/21127.md,65183,16295
21128,https://www.mql5.com/en/articles/21128,Larry Williams Market Secrets (Part 11): Detecting Smash Day Reversals with a Custom Indicator,,2026-02-12T10:16Z,Indicators,MetaTrader 5,[],Larry Williams Market Secrets (): Detecting Smash Day Reversals with a Custom Indicator,11,ok,,6db228ee6c4a7a1087067b589139a8aeb19c7572561f1030acd755e39bbbd9ca,md/21128.md,58436,14609
21129,https://www.mql5.com/en/articles/21129,From Novice to Expert: Developing a Liquidity Strategy,,2026-02-03T11:47Z,Examples,MetaTrader 5,[],,,ok,,626ad08120348c148ce33cae6b1e89d9774cec67f4b869f48c13617ed86a8042,md/21129.md,26026,6506
21133,https://www.mql5.com/en/articles/21133,From Novice to Expert:  Extending a Liquidity Strategy with Trend Filters,,2026-02-25T12:50Z,Examples,MetaTrader 5,[],,,ok,,2faef9c932e3559f7ad48d11687e844d5ef0ddab9716f68e82aa7ee3ec17b83b,md/21133.md,35663,8915
21135,https://www.mql5.com/en/articles/21135,Swing Extremes and Pullbacks in MQL5 (Part 2): Automating the Strategy with an Expert Advisor,,2026-02-27T11:28Z,Examples,MetaTrader 5,[],Swing Extremes and Pullbacks in MQL5 (): Automating the Strategy with an Expert Advisor,2,ok,,1336577b072773607b87ea70dd373053e173eaf90ce505d8ea2cdd28a3dffca6,md/21135.md,41937,10484
21140,https://www.mql5.com/en/articles/21140,"MQL5 Trading Tools (Part 15): Canvas Blur Effects, Shadow Rendering, and Smooth Mouse Wheel Scrolling",,2026-02-02T13:33Z,Trading,MetaTrader 5,[],"MQL5 Trading Tools (): Canvas Blur Effects, Shadow Rendering, and Smooth Mouse Wheel Scrolling",15,ok,,0844701e00fd48597fec0843f2f9489a9527ad79cc4615753fe420a1e9274c3d,md/21140.md,73325,18331
21142,https://www.mql5.com/en/articles/21142,Applying L1 Trend Filtering in MetaTrader 5,,2026-04-20T09:21Z,Examples,MetaTrader 5,[],,,ok,,701e033bfed89f176038aff07357b10a598e1b3470a0988bdb4a225999e902a9,md/21142.md,227451,56862
21160,https://www.mql5.com/en/articles/21160,Introduction to MQL5 (Part 39): Beginner Guide to File Handling in MQL5 (I),,2026-02-11T11:10Z,Expert Advisors,MetaTrader 5,[],Introduction to MQL5 (): Beginner Guide to File Handling in MQL5 (I),39,ok,,31bf584916bb2049035133885d191b7cc9c2517410cef1540f7ff5c450de7d02,md/21160.md,34638,8659
21189,https://www.mql5.com/en/articles/21189,Overcoming Accessibility Problems in MQL5 Trading Tools (Part I): How to Add Contextual Voice Alerts in MQL5 Indicators,,2026-02-10T10:25Z,Examples,MetaTrader 5,[],,,ok,,41cc3ca83233c42240798447cd9b18e07901e062f23d3e19b12d4c90659fd867,md/21189.md,31815,7953
21197,https://www.mql5.com/en/articles/21197,Price Action Analysis Toolkit Development (Part 59): Using Geometric Asymmetry to Identify Precision Breakouts from Fractal Consolidation,,2026-02-09T10:28Z,Examples,MetaTrader 5,[],Price Action Analysis Toolkit Development (): Using Geometric Asymmetry to Identify Precision Breakouts from Fractal Consolidation,59,ok,,9ed889929ca6a3786c0524b942617239a83c1a5fac4b115274c2a4ccef9a6f61,md/21197.md,49935,12483
21212,https://www.mql5.com/en/articles/21212,Optimizing Liquidity Raids: Mastering the Difference Between Liquidity Raids and Market Structure Shifts,,2026-02-15T11:31Z,Trading,MetaTrader 5,[],,,ok,,1439611104ee3dc25d394275a47630f54d44098b8e3ddd802bc5f9654702afed,md/21212.md,53011,13252
21226,https://www.mql5.com/en/articles/21226,Price Action Analysis Toolkit Development (Part 60):  Objective Swing-Based Trendlines for Structural Analysis,,2026-02-12T09:28Z,Examples,MetaTrader 5,[],Price Action Analysis Toolkit Development ():  Objective Swing-Based Trendlines for Structural Analysis,60,ok,,e363f5dd3d7bef237be538dbe1b6b99a5e7929070a57c4030ad6c3d5856e9fbe,md/21226.md,32670,8167
21228,https://www.mql5.com/en/articles/21228,Larry Williams Market Secrets (Part 12): Context Based Trading of Smash Day Reversals,,2026-02-25T12:54Z,Trading systems,MetaTrader 5,[],Larry Williams Market Secrets (): Context Based Trading of Smash Day Reversals,12,ok,,a1b9d4b0cf4a39eee8daaf0abddec97c49cdb306bceee83cf20570556d82cdb4,md/21228.md,72083,18020
21235,https://www.mql5.com/en/articles/21235,Using the MQL5 Economic Calendar for News Filtering (Part 1): Implementing Pre- and Post-News Windows in MQL5,,2026-02-18T10:23Z,Trading,MetaTrader 5,[],Using the MQL5 Economic Calendar for News Filtering (): Implementing Pre- and Post-News Windows in MQL5,1,ok,,3f905564c8df63692a9fbf02dc865eafddcc70ba4e643d3e0e01bfee4e22a011,md/21235.md,45367,11341
21246,https://www.mql5.com/en/articles/21246,Mastering PD Arrays: Optimizing Trading from Imbalances in PD Arrays,,2026-03-09T14:37Z,Trading,MetaTrader 5,[],,,ok,,a9161941b290a760227f932078bf37a39bec5aa83437e3797cfaba7b4ca61efd,md/21246.md,43138,10784
21252,https://www.mql5.com/en/articles/21252,MQL5 Trading Tools (Part 16): Improved Super-Sampling Anti-Aliasing (SSAA) and High-Resolution Rendering,,2026-02-11T13:33Z,Trading systems,MetaTrader 5,[],MQL5 Trading Tools (): Improved Super-Sampling Anti-Aliasing (SSAA) and High-Resolution Rendering,16,ok,,669cd4cbe1ef6c747e5a8b479e694e1ff6c81db5bd5ab723ba440d5b3a75bcf3,md/21252.md,93753,23438
21255,https://www.mql5.com/en/articles/21255,Automating Market Memory Zones Indicator: Where Price is Likely to Return,,2026-02-17T14:41Z,Examples,MetaTrader 5,[],,,ok,,1e4021a662568f2f9d858024bad6677195fa384aea29f88af9133f42beeeb7c6,md/21255.md,57799,14449
21264,https://www.mql5.com/en/articles/21264,MQL5 Trading Tools (Part 17): Exploring Vector-Based Rounded Rectangles and Triangles,,2026-02-15T11:15Z,Trading,MetaTrader 5,[],MQL5 Trading Tools (): Exploring Vector-Based Rounded Rectangles and Triangles,17,ok,,e3448973b86004a4d85b50c2f6d009e09c3de90b8300d859a920770175e41e7a,md/21264.md,89146,22286
21267,https://www.mql5.com/en/articles/21267,Introduction to MQL5 (Part 40): Beginner Guide to File Handling in MQL5 (II),,2026-02-17T14:34Z,Statistics and analysis,MetaTrader 5,[],Introduction to MQL5 (): Beginner Guide to File Handling in MQL5 (II),40,ok,,f02bbfa7aae4dd5a564648ee030d5e141b17dda6fd76bac9e04e7955ef25b1b0,md/21267.md,46719,11679
21271,https://www.mql5.com/en/articles/21271,MQL5 Trading Tools (Part 18): Rounded Speech Bubbles/Balloons with Orientation Control,,2026-02-17T13:03Z,Examples,MetaTrader 5,[],MQL5 Trading Tools (): Rounded Speech Bubbles/Balloons with Orientation Control,18,ok,,3fea542bad11d52f9d24d1148a30a66196f55e72cf56b64a850675c8fac3a249,md/21271.md,88735,22183
21273,https://www.mql5.com/en/articles/21273,Engineering Trading Discipline into Code (Part 1): Creating Structural Discipline in Live Trading with MQL5,,2026-02-20T12:59Z,Examples,MetaTrader 5,[],Engineering Trading Discipline into Code (): Creating Structural Discipline in Live Trading with MQL5,1,ok,,012f5aada1e082c9d2b7ce94d282a580f5c0cae8838d58c80b8cf26ccd72bc1b,md/21273.md,39811,9952
21275,https://www.mql5.com/en/articles/21275,MQL5 Trading Tools (Part 19): Building an Interactive Tools Palette for Chart Drawing,,2026-02-19T11:11Z,Trading,MetaTrader 5,[],MQL5 Trading Tools (): Building an Interactive Tools Palette for Chart Drawing,19,ok,,f37c4f094d17c0d8054a5ad9edc67db8fdaa1e629a41ebd4bfba4f7df893483a,md/21275.md,112462,28115
21277,https://www.mql5.com/en/articles/21277,Price Action Analysis Toolkit Development (Part 61): Structural Slanted Trendline Breakouts with 3-Swing Validation,,2026-02-17T12:59Z,Examples,MetaTrader 5,[],Price Action Analysis Toolkit Development (): Structural Slanted Trendline Breakouts with 3-Swing Validation,61,ok,,813c29fcfe4bb15f4a61240df3b88350d4eff02738488a34f7a939aad87a592b,md/21277.md,38147,9536
21279,https://www.mql5.com/en/articles/21279,The MQL5 Standard Library Explorer (Part 9): Using ALGLIB to Filter Excessive MA Crossover Signals,,2026-03-04T12:11Z,Examples,MetaTrader 5,[],The MQL5 Standard Library Explorer (): Using ALGLIB to Filter Excessive MA Crossover Signals,9,ok,,313b19abd1c0036a644a80686a10907e1d46376e30659c1f78405e7550306522,md/21279.md,50339,12584
21283,https://www.mql5.com/en/articles/21283,From Novice to Expert: Automating Intraday Strategies,,2026-02-20T12:24Z,Examples,MetaTrader 5,[],,,ok,,230fc3d6adcd660ab7fc268c0882b508bb3ff16c4ce4c9a0401d322a8ad44c6c,md/21283.md,26900,6725
21299,https://www.mql5.com/en/articles/21299,Beyond GARCH (Part IV): Partition Analysis in MQL5,,2026-05-30T11:42Z,Trading systems,MetaTrader 5,[],,,ok,,1ade0836c0b85f44d29de3509daa292f86f4922a52d776ce045c0a26e19d5824,md/21299.md,62534,15633
21303,https://www.mql5.com/en/articles/21303,MQL5 Trading Tools (Part 20): Canvas Graphing with Statistical Correlation and Regression Analysis,,2026-02-24T12:20Z,Trading systems,MetaTrader 5,[],MQL5 Trading Tools (): Canvas Graphing with Statistical Correlation and Regression Analysis,20,ok,,104c21587c3a72dfd6256691a6325c5e3476196a58a3f2f26e8e8afdfc884b03,md/21303.md,113634,28408
21306,https://www.mql5.com/en/articles/21306,MQL5 Trading Tools (Part 21): Adding Cyberpunk Theme to Regression Graphs,,2026-02-28T13:41Z,Trading systems,MetaTrader 5,[],MQL5 Trading Tools (): Adding Cyberpunk Theme to Regression Graphs,21,ok,,6064bfdf82b3f7e81b8f6a67124c486d9d283378158aee8ad5e123f7971814f9,md/21306.md,80826,20206
21309,https://www.mql5.com/en/articles/21309,Introduction to MQL5 (Part 41): Beginner Guide to File Handling in MQL5 (III),,2026-02-19T07:34Z,Experts,MetaTrader 5,[],Introduction to MQL5 (): Beginner Guide to File Handling in MQL5 (III),41,ok,,23e4ec9143f9fbac5d7b4ac09171bdc351ce19b83dbc750f9352b13c82ba5b81,md/21309.md,44238,11059
21313,https://www.mql5.com/en/articles/21313,Engineering Trading Discipline into Code (Part 2): Building a Daily Trade Limit Enforcer for All Trades in MQL5,,2026-03-05T11:31Z,Examples,MetaTrader 5,[],Engineering Trading Discipline into Code (): Building a Daily Trade Limit Enforcer for All Trades in MQL5,2,ok,,de18c538cf082ac4be67a5adf57c54d9ab2022e5b63a48d5303c4aedd667661a,md/21313.md,55418,13854
21314,https://www.mql5.com/en/articles/21314,"Reinforcement Learning Meets MetaTrader 5: A Complete Pipeline for Training, Validating and Honestly Evaluating a Gold Trading Bot",Abdullah Uygar Tuna,2026-09-04T08:54Z,Trading systems,MetaTrader 5,[],,,ok,,183e42a17113703a37796a16ad867763bdbc22729de27f1ade00f095d7a0043a,md/21314.md,90362,22590
21315,https://www.mql5.com/en/articles/21315,MQL5 Trading Tools (Part 22): Graphing the Histogram and Probability Mass Function (PMF) of the Binomial Distribution,,2026-03-06T09:01Z,Trading,MetaTrader 5,[],MQL5 Trading Tools (): Graphing the Histogram and Probability Mass Function (PMF) of the Binomial Distribution,22,ok,,639ec3794bca4b460943cbfc7d19948696853af1a1af7276a82dc0951f271eb2,md/21315.md,113945,28486
21318,https://www.mql5.com/en/articles/21318,"MQL5 Trading Tools (Part 23): Camera-Controlled, DirectX-Enabled 3D Graphs for Distribution Insights",,2026-03-11T13:40Z,Trading systems,MetaTrader 5,[],"MQL5 Trading Tools (): Camera-Controlled, DirectX-Enabled 3D Graphs for Distribution Insights",23,ok,,cee2a6797c03b8288b7bb2038d723ba38f8e6c5ad819bdedafb539dbff906340,md/21318.md,111960,27990
21326,https://www.mql5.com/en/articles/21326,Introduction to MQL5 (Part 42): Beginner Guide to File Handling in MQL5 (IV),,2026-02-27T11:48Z,Indicators,MetaTrader 5,[],Introduction to MQL5 (): Beginner Guide to File Handling in MQL5 (IV),42,ok,,2b1cf167dd4a96a0696e87da3bc8e9deea01f09578a9f53d706d9cd22bda3758,md/21326.md,77017,19254
21330,https://www.mql5.com/en/articles/21330,Swing Extremes and Pullbacks in MQL5 (Part 1): Developing a Multi-Timeframe Indicator,,2026-02-25T12:19Z,Examples,MetaTrader 5,[],Swing Extremes and Pullbacks in MQL5 (): Developing a Multi-Timeframe Indicator,1,ok,,468e9cb34cd42b368f117bd4945fc1319827ffd998aa80e80fa0a7f033087d12,md/21330.md,47454,11863
21335,https://www.mql5.com/en/articles/21335,"MQL5 Trading Tools (Part 24): Depth-Perception Upgrades with 3D Curves, Pan Mode, and ViewCube Navigation",,2026-03-19T10:28Z,Trading systems,MetaTrader 5,[],"MQL5 Trading Tools (): Depth-Perception Upgrades with 3D Curves, Pan Mode, and ViewCube Navigation",24,ok,,fb82ca654d253d1d9e18d4ac20587b21a75621f12fd86864953e5d7913572814,md/21335.md,103128,25782
21337,https://www.mql5.com/en/articles/21337,MQL5 Trading Tools (Part 25): Expanding to Multiple Distributions with Interactive Switching,,2026-03-26T09:38Z,Trading systems,MetaTrader 5,[],MQL5 Trading Tools (): Expanding to Multiple Distributions with Interactive Switching,25,ok,,e1fb7ac65cee457052d43b2752229ab6bf88be75662e8c15218bcee736ba34c0,md/21337.md,109201,27300
21339,https://www.mql5.com/en/articles/21339,"MQL5 Trading Tools (Part 26): Integrating Frequency Binning, Entropy, and Chi-Square in Visual Analyzer",,2026-03-31T09:23Z,Trading systems,MetaTrader 5,[],"MQL5 Trading Tools (): Integrating Frequency Binning, Entropy, and Chi-Square in Visual Analyzer",26,ok,,469ee34b2f974bf596e9725fdbae9a0a297b76d029ba799ac24c33fd0c605e90,md/21339.md,78989,19747
21351,https://www.mql5.com/en/articles/21351,Neuro-Structural Trading Engine — NSTE (Part II): Jardine's Gate Six-Gate Quantum Filter,,2026-03-31T09:17Z,Trading systems,MetaTrader 5,[],,,ok,,b819aeea8890cd5587d78aef8117248d3d26f7458c41cf0054a0923f85402aa9,md/21351.md,38227,9556
21372,https://www.mql5.com/en/articles/21372,Neuro-Structural Trading Engine — NSTE (Part I): How to Build a Prop-Firm-Safe Multi-Account System,,2026-03-23T13:46Z,Trading systems,MetaTrader 5,[],,,ok,,7c0b11ad175549f6349dbc0c0556bafdb3a1ee1ec088bfca69379d0d7ba57d2e,md/21372.md,34962,8740
21376,https://www.mql5.com/en/articles/21376,GoertzelBrain: Adaptive Spectral Cycle Detection with Neural Network Ensemble in MQL5,,2026-04-17T10:41Z,Examples,MetaTrader 5,[],,,ok,,ba21c2fe275f97867c6c14b2c85899abb156ffb6b01f1a5b2837f7c93ee18fd8,md/21376.md,32952,8238
21387,https://www.mql5.com/en/articles/21387,Overcoming Accessibility Challenges in MQL5 Trading Tools (Part II): Enabling EA Voice Using a Python Text-to-Speech Engine,,2026-03-03T10:10Z,Examples,MetaTrader 5,[],,,ok,,baea441e1147c9dd97dace5fefe38bbd2fd85a8a27c943368cb9bbbf80d88b38,md/21387.md,40952,10238
21388,https://www.mql5.com/en/articles/21388,Creating Custom Indicators in MQL5 (Part 7): Hybrid Time Price Opportunity (TPO) Market Profiles for Session Analysis,,2026-02-19T11:14Z,Trading systems,MetaTrader 5,[],Creating Custom Indicators in MQL5 (): Hybrid Time Price Opportunity (TPO) Market Profiles for Session Analysis,7,ok,,7d76dcb2f27b69595f19810a979df4e6fd51a6a75a5768221bc3f173791694db,md/21388.md,78514,19628
21390,https://www.mql5.com/en/articles/21390,Creating Custom Indicators in MQL5 (Part 8): Adding Volume Integration for Deeper Market Profile Analysis,,2026-02-24T12:24Z,Trading systems,MetaTrader 5,[],Creating Custom Indicators in MQL5 (): Adding Volume Integration for Deeper Market Profile Analysis,8,ok,,44a5ef4f349c898eb1068e06bfe65adc178746768a032b9cb06192361fe4196d,md/21390.md,118938,29734
21391,https://www.mql5.com/en/articles/21391,Larry Williams Market Secrets (Part 13): Automating Hidden Smash Day Reversal Patterns,,2026-03-05T11:24Z,Expert Advisors,MetaTrader 5,[],Larry Williams Market Secrets (): Automating Hidden Smash Day Reversal Patterns,13,ok,,93594129caf30aaf8df704b864af2e3c04922e5ceb86b84c4ce498bf1ee5045d,md/21391.md,67939,16984
21392,https://www.mql5.com/en/articles/21392,Larry Williams Market Secrets (Part 14): Detecting Hidden Smash Day Reversals with a Custom Indicator,,2026-03-16T13:26Z,Indicators,MetaTrader 5,[],Larry Williams Market Secrets (): Detecting Hidden Smash Day Reversals with a Custom Indicator,14,ok,,64532c239dab7ec9a04f25bb1f926e26ac703b90daa3419cbf4299fbf4ad870f,md/21392.md,62170,15542
21393,https://www.mql5.com/en/articles/21393,Larry Williams Market Secrets (Part 15): Trading Hidden Smash Day Reversals with Market Context,,2026-03-18T12:44Z,Trading systems,MetaTrader 5,[],Larry Williams Market Secrets (): Trading Hidden Smash Day Reversals with Market Context,15,ok,,a6f482790b25043d066efaf4698a46dc98ea70b721b0c059da3d8a71b91771d3,md/21393.md,79342,19835
21398,https://www.mql5.com/en/articles/21398,MQL5 Bootstrap (I): Reusable Functions for Working with Positions and Orders,,2026-05-31T12:03Z,Trading,MetaTrader 5,[],,,ok,,6acb8619304742dfc23234121fceea3de1e9eb9e3c2d02eb1e37a2883d266a2f,md/21398.md,35179,8794
21429,https://www.mql5.com/en/articles/21429,Package-based approach with KnitPkg for MQL5 development,,2026-03-06T09:11Z,Integration,MetaTrader 5,[],,,ok,,3f5ce1ec1588bafde6430653ac22a0fdca07aee405e2b0aabecaaefbc099d77c,md/21429.md,54541,13635
21443,https://www.mql5.com/en/articles/21443,Price Action Analysis Toolkit Development (Part 62): Building an Adaptive Parallel Channel Detection and Breakout System in MQL5,,2026-02-28T13:38Z,Examples,MetaTrader 5,[],Price Action Analysis Toolkit Development (): Building an Adaptive Parallel Channel Detection and Breakout System in MQL5,62,ok,,d3da4735e176530da1d1efbb9be379c36a1a7e267209f305be5a946cadbfba68,md/21443.md,55907,13976
21446,https://www.mql5.com/en/articles/21446,Using the MQL5 Economic Calendar for News Filtering (Part 2): Stop Management Positions During News Releases,,2026-03-16T13:42Z,Trading,MetaTrader 5,[],Using the MQL5 Economic Calendar for News Filtering (): Stop Management Positions During News Releases,2,ok,,15f54b945a090c1ea5dfba5237d252c45e2eb70677a87cf13d7e222fa0caf7ef,md/21446.md,29985,7496
21460,https://www.mql5.com/en/articles/21460,Formulating Dynamic Multi-Pair EA (Part 7): Cross-Pair Correlation Mapping for Real-Time Trade Filtering,,2026-03-04T11:50Z,Examples,MetaTrader 5,[],Formulating Dynamic Multi-Pair EA (): Cross-Pair Correlation Mapping for Real-Time Trade Filtering,7,ok,,0439598dd3a9f1db9e77f38de90bd37db6530c98faedae942d7e8709e1d361ba,md/21460.md,45389,11347
21493,https://www.mql5.com/en/articles/21493,Engineering Trading Discipline into Code (Part 3): Enforcing Symbol-Level Trading Boundaries with a Whitelist System in MQL5,,2026-03-12T13:12Z,Trading systems,MetaTrader 5,[],Engineering Trading Discipline into Code (): Enforcing Symbol-Level Trading Boundaries with a Whitelist System in MQL5,3,ok,,cd064674e7d149f90101b6296e19453a371543d3dbc93466347525e65629d892,md/21493.md,64609,16152
21497,https://www.mql5.com/en/articles/21497,Custom Indicator Workshop (Part 3): Building the UT Bot Alerts Indicator in MQL5,,2026-07-10T11:59Z,Indicators,MetaTrader 5,[],Custom Indicator Workshop (): Building the UT Bot Alerts Indicator in MQL5,3,ok,,2165044a543fbb5dd98c9cf6b97df46371049fb40697021ac8ff5109428e906f,md/21497.md,82393,20598
21501,https://www.mql5.com/en/articles/21501,The MQL5 Standard Library Explorer (Part 10): Polynomial Regression Channel,,2026-03-23T14:02Z,Examples,MetaTrader 5,[],The MQL5 Standard Library Explorer (): Polynomial Regression Channel,10,ok,,17b20142c245087db66b6e6ab1647aec24898a73b0285d6409b475099960bf64,md/21501.md,41392,10348
21507,https://www.mql5.com/en/articles/21507,Statistical Arbitrage Through Cointegrated Stocks (Final): Data Analysis with Specialized Database,,2026-02-28T13:33Z,Trading systems,MetaTrader 5,[],,,ok,,1fd3097b6f7d52f76f6ef2760151a2dfa4f79d759d94dd0e49889e39d2707da8,md/21507.md,48640,12160
21515,https://www.mql5.com/en/articles/21515,Engineering Trading Discipline into Code (Part 4): Enforcing Trading Hours and News Disabling in MQL5,,2026-04-27T08:13Z,Trading systems,MetaTrader 5,[],Engineering Trading Discipline into Code (): Enforcing Trading Hours and News Disabling in MQL5,4,ok,,f1a5461e2844495ebf417529411d264a9b919cd547ec175d48736f498e0539b9,md/21515.md,51859,12964
21518,https://www.mql5.com/en/articles/21518,Price Action Analysis Toolkit Development (Part 63): Automating Rising and Falling Wedge Detection in MQL5,,2026-03-03T10:14Z,Examples,MetaTrader 5,[],Price Action Analysis Toolkit Development (): Automating Rising and Falling Wedge Detection in MQL5,63,ok,,f8112f2ce956f2d1141ae1838e665424d860120283c4099af62f5e689f1c26a5,md/21518.md,40954,10238
21533,https://www.mql5.com/en/articles/21533,Overcoming Accessibility Problems in MQL5 Trading Tools (Part III): Bidirectional Speech Communication Between a Trader and an Expert Advisor,,2026-04-20T13:47Z,Examples,MetaTrader 5,[],,,ok,,49af72d2027fe10f9bb9d4d98d8ae25ddfd44a02eaee168d37e9e81a326c0329,md/21533.md,47586,11896
21581,https://www.mql5.com/en/articles/21581,From Novice to Expert: Enhancing Liquidity Strategies with Multi-Timeframe Structural Confirmation in MQL5,,2026-03-18T11:30Z,Examples,MetaTrader 5,[],,,ok,,b9fd7863c6738b23478671803b7e3bf9c29309107eb194efa62bb85c9be2784f,md/21581.md,63799,15949
21589,https://www.mql5.com/en/articles/21589,Implementing the Truncated Newton Conjugate-Gradient Algorithm in MQL5,,2026-03-10T09:25Z,Tester,MetaTrader 5,[],,,ok,,45d963501fb5b8522296573ec6ce1fdbe318afa4fb27decd0014d44e71cc7a30,md/21589.md,130494,32623
21590,https://www.mql5.com/en/articles/21590,Graph Theory: Traversal Depth-First Search (DFS) Applied in Trading,,2026-03-13T09:43Z,Examples,MetaTrader 5,[],,,ok,,6b8bf37e1b631ab1d365d841ae9a890c726b536a71ea2f0fa7735adfe2b54373,md/21590.md,65415,16353
21603,https://www.mql5.com/en/articles/21603,Unified Validation Pipeline Against Backtest Overfitting,,2026-03-13T12:33Z,Statistics and analysis,MetaTrader 5,[],,,ok,,713dcc9df33ab5adeade6e01764c2bac0650320f128a27cbe946ee228f554525,md/21603.md,54182,13545
21676,https://www.mql5.com/en/articles/21676,Integrating MQL5 with Data Processing Packages (Part 8): Using Graph Neural Networks for Liquidity Zone Recognition,,2026-03-19T10:21Z,Examples,MetaTrader 5,[],Integrating MQL5 with Data Processing Packages (): Using Graph Neural Networks for Liquidity Zone Recognition,8,ok,,4e967bb7086fd66714c90a97d764512c99cb8d9f5baf77906ac9fdb2499d4b8c,md/21676.md,58567,14641
21677,https://www.mql5.com/en/articles/21677,From Novice to Expert: Detecting Liquidity Zone Flips Using MQL5,,2026-03-26T10:06Z,Examples,MetaTrader 5,[],,,ok,,2198471f9fcfe9dc2392025b62d25435af723636408ba0aa63f3aa2b3a2fbed4,md/21677.md,59018,14754
21679,https://www.mql5.com/en/articles/21679,Low-Frequency Quantitative Strategies in Metatrader 5: (Part 1) Setting Up An OLAP-Friendly Data Store,,2026-03-13T12:36Z,Trading systems,MetaTrader 5,[],Low-Frequency Quantitative Strategies in Metatrader 5: () Setting Up An OLAP-Friendly Data Store,1,ok,,e14fc6956c9069db9d41db9f614064d5897850789898882bbfa08a61d82bda9e,md/21679.md,44957,11239
21704,https://www.mql5.com/en/articles/21704,Price Action Analysis Toolkit Development (Part 64): Synchronizing Manually Drawn Trendlines with Automated Monitoring,,2026-03-18T13:08Z,Examples,MetaTrader 5,[],Price Action Analysis Toolkit Development (): Synchronizing Manually Drawn Trendlines with Automated Monitoring,64,ok,,69c1ad6037394586ce4c3bb57831a136b9fc5a452d5cfb061d588f42f4935a94,md/21704.md,39602,9900
21720,https://www.mql5.com/en/articles/21720,RiskGate: Centralized Risk Management for Multiple EAs,,2026-05-19T12:03Z,Examples,MetaTrader 5,[],,,ok,,018c9850d55ff4ad3668e819fda4a13ee409d8a6f0cfa23663071c306c254814,md/21720.md,54329,13582
21728,https://www.mql5.com/en/articles/21728,Introduction to MQL5 (Part 43): Beginner Guide to File Handling in MQL5 (V),,2026-03-27T10:23Z,Trading systems,MetaTrader 5,[],Introduction to MQL5 (): Beginner Guide to File Handling in MQL5 (V),43,ok,,83889c29b42a0fd1ffc6111661d1a1dc981e635f7a36ff871e4ab9b67017c143,md/21728.md,40270,10067
21732,https://www.mql5.com/en/articles/21732,"Code, Tears, and Algo Forge",,2026-07-01T15:04Z,Examples,MetaTrader 5,[],,,ok,,07e8dcbbfed9b6aaf7a79f4bb37331ea797536e23727ab2a7cc18b4ea26017e4,md/21732.md,60675,15168
21741,https://www.mql5.com/en/articles/21741,Larry Williams Market Secrets (Part 16): Detecting and Trading the Oops Gap Reversal Pattern,,2026-08-25T15:55Z,Trading systems,MetaTrader 5,[],Larry Williams Market Secrets (): Detecting and Trading the Oops Gap Reversal Pattern,16,ok,,e3cbab6b1f46116efaaa3060b5aa827aff807e1d3b5401e7abc0a6d399b00ed8,md/21741.md,87644,21911
21742,https://www.mql5.com/en/articles/21742,Automating Market Entropy Indicator: Trading System Based on Information Theory,,2026-04-21T08:53Z,Examples,MetaTrader 5,[],,,ok,,08b2265de91e30eb0789535a9b5846974a6ee9b67889f618e48bc6234129f4a9,md/21742.md,63513,15878
21743,https://www.mql5.com/en/articles/21743,Developing Market Entropy Indicator: Trading System Based on Information Theory,,2026-03-27T11:20Z,Examples,MetaTrader 5,[],,,ok,,95de7fd4b82a406063eb4d13f9af9677e2c5a008d96b84d57add3f10761b06dc,md/21743.md,59791,14947
21759,https://www.mql5.com/en/articles/21759,From Novice to Expert: Adaptive Risk Management for Liquidity Strategies,,2026-03-30T10:18Z,Examples,MetaTrader 5,[],,,ok,,49791545901c68bbb8b3d600f77669acf71b73b95c59e871c7eb14a1a15600eb,md/21759.md,49100,12275
21775,https://www.mql5.com/en/articles/21775,File-Based Versioning of EA Parameters in MQL5,,2026-04-28T12:38Z,Integration,MetaTrader 5,[],,,ok,,3ccf4a0be3c7b7a84b8ae99d718e119714f5a7f43508f3c29d7e6b5630fc76a0,md/21775.md,40745,10186
21803,https://www.mql5.com/en/articles/21803,Using the MQL5 Economic Calendar for News Filter (Part 3): Surviving Terminal Restarts During News Window,,2026-03-31T10:35Z,Trading,MetaTrader 5,[],Using the MQL5 Economic Calendar for News Filter (): Surviving Terminal Restarts During News Window,3,ok,,7c003593b5883cdbef2f8b3951f4a73e5c43926fe9d1ea8735fe19662a8407aa,md/21803.md,36112,9028
21811,https://www.mql5.com/en/articles/21811,Low-Frequency Quantitative Strategies in Metatrader 5: (Part 2) Backtesting a Lead/Lag Analysis in SQL and in Metatrader 5,,2026-04-06T10:10Z,Trading systems,MetaTrader 5,[],Low-Frequency Quantitative Strategies in Metatrader 5: () Backtesting a Lead/Lag Analysis in SQL and in Metatrader 5,2,ok,,f7bd447c377a17e58ba90007721bab2ce6e9bb0ef8835aeea366461320949b2d,md/21811.md,75123,18780
21817,https://www.mql5.com/en/articles/21817,From Novice to Expert: Automating Base-Candle Geometry for Liquidity Zones in MQL5,,2026-04-27T08:19Z,Examples,MetaTrader 5,[],,,ok,,36c81fc8b01b05833cf85008c903a405df163c49132d259460ed9e1b53a1781d,md/21817.md,49895,12473
21823,https://www.mql5.com/en/articles/21823,MetaTrader 5 Machine Learning Blueprint (Part 9): Integrating Bayesian HPO into the Production Pipeline,,2026-03-26T14:04Z,Trading systems,MetaTrader 5,[],MetaTrader 5 Machine Learning Blueprint (): Integrating Bayesian HPO into the Production Pipeline,9,ok,,8fd78b3b28919791b91beae08fdc2cab193945e9df75950f4a95e57a9df702cf,md/21823.md,59545,14886
21824,https://www.mql5.com/en/articles/21824,MetaTrader 5 Machine Learning Blueprint (Part 10): Bet Sizing for Financial Machine Learning,,2026-04-03T08:21Z,Trading systems,MetaTrader 5,[],MetaTrader 5 Machine Learning Blueprint (): Bet Sizing for Financial Machine Learning,10,ok,,59d96524b0223dd42657e565bd72aaf6ec735422e58fa7daaa60749b47285246,md/21824.md,44479,11119
21825,https://www.mql5.com/en/articles/21825,Creating Custom Indicators in MQL5 (Part 9): Order Flow Footprint Chart with Price Level Volume Tracking,,2026-03-26T10:27Z,Trading,MetaTrader 5,[],Creating Custom Indicators in MQL5 (): Order Flow Footprint Chart with Price Level Volume Tracking,9,ok,,fceda072cc26ca65b3a2e96ef2e18dbe73b78df89bd99a12313803b8732541ef,md/21825.md,82466,20616
21829,https://www.mql5.com/en/articles/21829,Creating Custom Indicators in MQL5 (Part 10): Enhancing the Footprint Chart with Per-Bar Volume Sentiment Information Box,,2026-03-27T11:34Z,Trading systems,MetaTrader 5,[],Creating Custom Indicators in MQL5 (): Enhancing the Footprint Chart with Per-Bar Volume Sentiment Information Box,10,ok,,5a4412e310c90232ce0e94d7c44a765d9eae610fb1db069b0e29520c4a45912d,md/21829.md,95582,23895
21833,https://www.mql5.com/en/articles/21833,Building a Research-Grounded Grid EA in MQL5: Why Most Grid EAs Fail and What Taranto Proved,,2026-03-27T10:16Z,Trading,MetaTrader 5,[],,,ok,,7ea005319c0a7d371c2c30ff8bbe9239e2e402dc1ee5c1eac7d1e3fa6b90ee9d,md/21833.md,56485,14121
21837,https://www.mql5.com/en/articles/21837,The MQL5 Standard Library Explorer (Part 11): How to Build a Matrix-Based Market Structure Indicator in MQL5,,2026-05-11T15:17Z,Trading,MetaTrader 5,[],The MQL5 Standard Library Explorer (): How to Build a Matrix-Based Market Structure Indicator in MQL5,11,ok,,b00f38c3941c3909297616596cd1ab154e72ca762569a5109acb93aadbbc8de5,md/21837.md,43991,10997
21842,https://www.mql5.com/en/articles/21842,From Simple Close Buttons to a Rule-Based Risk Dashboard in MQL5,,2026-04-10T09:34Z,Trading systems,MetaTrader 5,[],,,ok,,be80ce8e513f7fc63ad27d801bea51c35bdc64274806572a2c8fab8d3c6e2352,md/21842.md,28674,7168
21856,https://www.mql5.com/en/articles/21856,Custom Indicator Workshop (Part 4) : Automating UT Bot Alerts into a Trading Expert Advisor,,2026-07-17T09:19Z,Expert Advisors,MetaTrader 5,[],Custom Indicator Workshop () : Automating UT Bot Alerts into a Trading Expert Advisor,4,ok,,d259f6db8c9d02af8d250ac952ec183c27dbe9859f8b154c6ee31eb77df2a4c4,md/21856.md,79867,19966
21858,https://www.mql5.com/en/articles/21858,"Can DOOM Run in MetaTrader 5: DLLs, Rendering, and MQL5 Input?",,2026-04-13T13:29Z,Integration,MetaTrader 5,[],,,ok,,5fb41e79663021e2943029f75d15def5e891f1d2ea819215e2248d2cc625b6a0,md/21858.md,28052,7013
21867,https://www.mql5.com/en/articles/21867,Larry Williams Market Secrets (Part 17) : Detecting Oops Signals Using a Custom Indicator,,2026-08-31T09:33Z,Indicators,MetaTrader 5,[],Larry Williams Market Secrets () : Detecting Oops Signals Using a Custom Indicator,17,ok,,729afb55c04e24d3d47e8ba1740ba4a24fc8d222f955ffcc6af2df3835ef896c,md/21867.md,68606,17151
21871,https://www.mql5.com/en/articles/21871,Building a Volume Bubble Indicator in MQL5 Using Standard Deviation,,2026-04-09T08:26Z,Indicators,MetaTrader 5,[],,,ok,,2fb7c25801f78622f1bc6198cd8e300228dcee69e45e1190cfbfc807263c2abd,md/21871.md,54776,13694
21876,https://www.mql5.com/en/articles/21876,How to Detect Round-Number Liquidity in MQL5,Mostafa Ghanbari,2026-04-23T13:35Z,Trading,MetaTrader 5,[],,,ok,,6892b157b4a7858f415068d6b5a0cab3e2b1d11161d5e0b92278887ba6d054d4,md/21876.md,27892,6973
21888,https://www.mql5.com/en/articles/21888,Swing Extremes and Pullbacks in MQL5 (Part 3): Defining Structural Validity Beyond Simple Highs/Lows,,2026-04-03T08:27Z,Examples,MetaTrader 5,[],Swing Extremes and Pullbacks in MQL5 (): Defining Structural Validity Beyond Simple Highs/Lows,3,ok,,32e3c6ae485c0cc350dabdf9714fb949c5ebf1dcd55d7c3868f08b47c03505ae,md/21888.md,68086,17021
21890,https://www.mql5.com/en/articles/21890,Price Action Analysis Toolkit Development (Part 65): Building an MQL5 System to Monitor and Analyze Manually Drawn Fibonacci Levels,,2026-03-30T09:32Z,Examples,MetaTrader 5,[],Price Action Analysis Toolkit Development (): Building an MQL5 System to Monitor and Analyze Manually Drawn Fibonacci Levels,65,ok,,f34d32c8b9b31ccf7c809116369873c1f6ef1e5e0b2027e45f5a3164e51d38cb,md/21890.md,41809,10452
21905,https://www.mql5.com/en/articles/21905,How to connect AI agents to MetaTrader 5 via MCP,,2026-04-30T10:56Z,Trading,MetaTrader 5,[],,,ok,,468b9bf96b3d24e04eeece77a287b39331bd67fd7c829577a26ce53cc40e9ca9,md/21905.md,43043,10760
21915,https://www.mql5.com/en/articles/21915,"MetaTrader 5 Machine Learning Blueprint (Part 11): Kelly Criterion, Prop Firm Integration, and CPCV Dynamic Backtesting",,2026-04-06T11:57Z,Trading systems,MetaTrader 5,[],"MetaTrader 5 Machine Learning Blueprint (): Kelly Criterion, Prop Firm Integration, and CPCV Dynamic Backtesting",11,ok,,be2e41ccbcf17702cbb2485a1193b8c53ec7988806ca2ef4273b5180ab727f47,md/21915.md,42171,10542
21938,https://www.mql5.com/en/articles/21938,MetaTrader 5 Machine Learning Blueprint (Part 12): Probability Calibration for Financial Machine Learning,,2026-04-16T11:24Z,Trading systems,MetaTrader 5,[],MetaTrader 5 Machine Learning Blueprint (): Probability Calibration for Financial Machine Learning,12,ok,,fbedd8ddaa2efdb1ee1c10b62e08a6e6d7c199d37be89ed97e404b022604e6f2,md/21938.md,37273,9318
21954,https://www.mql5.com/en/articles/21954,MetaTrader 5 Machine Learning Blueprint (Part 17): CPCV Backtesting — From Python Model to Tick-Level Evidence,,2026-06-04T13:00Z,Integration,MetaTrader 5,[],MetaTrader 5 Machine Learning Blueprint (): CPCV Backtesting — From Python Model to Tick-Level Evidence,17,ok,,ccd09ea43ab7b9b4de861ba0ef8c9919ddbc08f9cbc04d2757899b00de84d5b1,md/21954.md,43487,10871
21955,https://www.mql5.com/en/articles/21955,Building a Correlation-Aware Multi-EA Portfolio Scorer in MQL5,,2026-04-07T10:56Z,Trading systems,MetaTrader 5,[],,,ok,,b5df34131b7754836dcd3a7aab464481160f0ee72c427399998abed298d700b7,md/21955.md,40496,10124
21961,https://www.mql5.com/en/articles/21961,Price Action Analysis Toolkit Development (Part 67): Automating Support and Resistance Monitoring in MQL5,,2026-04-30T11:16Z,Examples,MetaTrader 5,[],Price Action Analysis Toolkit Development (): Automating Support and Resistance Monitoring in MQL5,67,ok,,801fad4c9fcbf70ae494135781cd2d4533bf169a876f80c4572c489a21887cca,md/21961.md,50909,12727
21976,https://www.mql5.com/en/articles/21976,Formulating Dynamic Multi-Pair EA (Part 8): Time-of-Day Capital Rotation Approach,,2026-04-16T11:30Z,Examples,MetaTrader 5,[],Formulating Dynamic Multi-Pair EA (): Time-of-Day Capital Rotation Approach,8,ok,,7931acb35d25cf62c42cc341469790ef8bd850985a109d3ed76172bd77125eb5,md/21976.md,72795,18198
21984,https://www.mql5.com/en/articles/21984,Creating Custom Indicators in MQL5 (Part 11): Enhancing the Footprint Chart with Market Structure and Order Flow Layers,,2026-04-09T08:18Z,Trading systems,MetaTrader 5,[],Creating Custom Indicators in MQL5 (): Enhancing the Footprint Chart with Market Structure and Order Flow Layers,11,ok,,858e86c9d325bbf7eb6850ed662a3e62555684ce0e4fc6a644792b6c6ca9a414,md/21984.md,90732,22683
21995,https://www.mql5.com/en/articles/21995,Engineering Trading Discipline into Code (Part 5): Account-Level Risk Enforcement in MQL5,,2026-05-08T09:51Z,Examples,MetaTrader 5,[],Engineering Trading Discipline into Code (): Account-Level Risk Enforcement in MQL5,5,ok,,ab532cd97f98f92b5c86c08bd57c46b673dbca67976f5f7372948896e6fe0e21,md/21995.md,47526,11881
22009,https://www.mql5.com/en/articles/22009,Algorithmic Trading Without the Routine: Quick Trade Analysis in MetaTrader 5 with SQLite,,2026-05-05T12:18Z,Examples,MetaTrader 5,[],,,ok,,ddf2895292c11d5f77f6e625f855b0995826249a4dae85e31598eb881e29472b,md/22009.md,33686,8421
22014,https://www.mql5.com/en/articles/22014,Feature Engineering for ML (Part 1): Fractional Differentiation — Stationarity Without Memory Loss,,2026-04-16T11:44Z,Integration,MetaTrader 5,[],Feature Engineering for ML (): Fractional Differentiation — Stationarity Without Memory Loss,1,ok,,b7161f68a2917bc2e1910457483c6b3c10c78ef604bd41e74882aa3259b14158,md/22014.md,39314,9828
22015,https://www.mql5.com/en/articles/22015,Feature Engineering for ML (Part 2): Implementing Fixed-Width Fractional Differentiation in MQL5,,2026-05-06T15:59Z,Statistics and analysis,MetaTrader 5,[],Feature Engineering for ML (): Implementing Fixed-Width Fractional Differentiation in MQL5,2,ok,,388ea04069ccfac4ed9ee200517f1d5a0a90e0d8959153d3fa9f41e7271e78c8,md/22015.md,36918,9229
22020,https://www.mql5.com/en/articles/22020,"Python + MetaTrader 5: Fast Research Framework for Data, Features, and Prototypes",,2026-05-04T15:17Z,Integration,MetaTrader 5,[],,,ok,,caf1ce38e53f0fbfb088873555e020f267a4e15bec0801d65011df64ba6dd3fc,md/22020.md,64733,16183
22032,https://www.mql5.com/en/articles/22032,Account Audit System in MQL5 (Part 1): Designing the User Interface,,2026-04-20T13:51Z,Examples,MetaTrader 5,[],Account Audit System in MQL5 (): Designing the User Interface,1,ok,,c11c7e55c873c2e35241e3d8beecc3e540ac3df7771120251f5aedf7e09f20de,md/22032.md,36036,9009
22040,https://www.mql5.com/en/articles/22040,MetaTrader 5 Machine Learning Blueprint (Part 16): Nested CV for Unbiased Evaluation,,2026-05-20T12:12Z,Integration,MetaTrader 5,[],MetaTrader 5 Machine Learning Blueprint (): Nested CV for Unbiased Evaluation,16,ok,,cbedf3b198ccd41359e1087e42e8f31aa35988925cb44d657a33a4cef4d52115,md/22040.md,37988,9497
22047,https://www.mql5.com/en/articles/22047,MetaTrader 5 Machine Learning Blueprint (Part 13):  Implementing Bet Sizing in MQL5,,2026-04-27T06:57Z,Expert Advisors,MetaTrader 5,[],MetaTrader 5 Machine Learning Blueprint ():  Implementing Bet Sizing in MQL5,13,ok,,f5b46594a06880e62b2250d0b29582fbacdf3c9781e657cc4f75727cd9a7359a,md/22047.md,61446,15361
22059,https://www.mql5.com/en/articles/22059,The MQL5 Standard Library Explorer (Part 12): Multi-Timeframe Composite-Score Dashboard,,2026-05-21T15:25Z,Examples,MetaTrader 5,[],The MQL5 Standard Library Explorer (): Multi-Timeframe Composite-Score Dashboard,12,ok,,0a567e4a78b2e93521074af0e8dd5156dc81c44706086c540fedab045f114d56,md/22059.md,54824,13706
22063,https://www.mql5.com/en/articles/22063,Beyond the Clock (Part 1): Building Activity and Imbalance Bars in Python and MQL5,,2026-05-08T11:19Z,Trading systems,MetaTrader 5,[],Beyond the Clock (): Building Activity and Imbalance Bars in Python and MQL5,1,ok,,478c18ee694672206deb413e10ded0a397f77a33d2128599d8f5ebcb6da59776,md/22063.md,60143,15035
22078,https://www.mql5.com/en/articles/22078,"Automating Trading Strategies in MQL5 (Part 48): Order Blocks, Inducement, Break of Structure",,2026-04-28T10:59Z,Trading,MetaTrader 5,[],"Automating Trading Strategies in MQL5 (): Order Blocks, Inducement, Break of Structure",48,ok,,6270432e6d7e39888bd97759df0f14c026f8e84e643fcef802aeedee0c574873,md/22078.md,133330,33332
22096,https://www.mql5.com/en/articles/22096,Foundation Models in Trading: Time Series Forecasting with Google's TimesFM 2.5 in MetaTrader 5,Seyedsoroush Abtahiforooshani,2026-04-21T06:11Z,Indicators,MetaTrader 5,[],,,ok,,43a4e2802a443ea657b2e7bea68988e079ed1bd329be305ab96f3296e22202a4,md/22096.md,43588,10897
22105,https://www.mql5.com/en/articles/22105,MQL5 Trading Tools (Part 27): Rendering Parametric Butterfly Curve on Canvas,,2026-04-21T08:47Z,Trading systems,MetaTrader 5,[],MQL5 Trading Tools (): Rendering Parametric Butterfly Curve on Canvas,27,ok,,4cdc9493a44fe13456f5d38f7209775a7f58f475882be3d170fe1ed1a077f27a,md/22105.md,118762,29690
22107,https://www.mql5.com/en/articles/22107,Building a Trade Analytics System (Part 1): Foundation and System Architecture,,2026-04-23T11:20Z,Trading systems,MetaTrader 5,[],Building a Trade Analytics System (): Foundation and System Architecture,1,ok,,724e4a65280acdb2c370cc2cfff777885082b2dc5c8d6a2d8a6c227e360e0a4d,md/22107.md,32168,8042
22110,https://www.mql5.com/en/articles/22110,Price Action Analysis Toolkit Development (Part 68): Price-Attached RSI Panel in MQL5,,2026-05-06T16:08Z,Examples,MetaTrader 5,[],Price Action Analysis Toolkit Development (): Price-Attached RSI Panel in MQL5,68,ok,,6260f9fb737514eb7f0665caa594eb3f4ff8e90c0b58c2be1c9415839cf6ec4c,md/22110.md,37224,9306
22129,https://www.mql5.com/en/articles/22129,MQL5 Trading Tools (Part 28): Filling Sweep Polygons for Butterfly Curve in MQL5,,2026-04-27T07:56Z,Trading systems,MetaTrader 5,[],MQL5 Trading Tools (): Filling Sweep Polygons for Butterfly Curve in MQL5,28,ok,,3c669e05e38055c4ed6bbba33555519b50e092fc41752a7deb51e388c69381c0,md/22129.md,82434,20608
22136,https://www.mql5.com/en/articles/22136,MQL5 Wizard Techniques You should know (Part 86): Speeding Up Data Access with a Sparse Table for a Custom Trailing Class,,2026-04-17T10:51Z,Trading systems,MetaTrader 5,[],MQL5 Wizard Techniques You should know (): Speeding Up Data Access with a Sparse Table for a Custom Trailing Class,86,ok,,abfc6d9a654d942ac207841df5966d584ab661ee603e325487f436746ffe9ac0,md/22136.md,48816,12204
22139,https://www.mql5.com/en/articles/22139,MQL5 Trading Tools (Part 29): Step-by-Step Butterfly Animation on Canvas,,2026-04-30T11:01Z,Trading systems,MetaTrader 5,[],MQL5 Trading Tools (): Step-by-Step Butterfly Animation on Canvas,29,ok,,514211cf182ba1080fe9a037bcdc4280c57a817af957e1596cba13314fa6e9ef,md/22139.md,67275,16818
22140,https://www.mql5.com/en/articles/22140,Building a Dynamic STF Liquidity Sweep Indicator in MQL5,,2026-05-28T13:07Z,Examples,MetaTrader 5,[],,,ok,,e250238c1ded74c614e2cf23aa1732f1ce551e182220078dbcce06b9096dd08b,md/22140.md,45778,11444
22175,https://www.mql5.com/en/articles/22175,Carry Trade Logic in MQL5: Building an EA That Factors Swap Rates Into Position Sizing and Holding Decisions,,2026-06-09T12:07Z,Trading systems,MetaTrader 5,[],,,ok,,f676bd170dbda0f540f8d5da4aa120b867303f8cbc513c0413dd5dca3abaa40b,md/22175.md,55407,13851
22184,https://www.mql5.com/en/articles/22184,Graph Theory: Heuristic Search Algorithm (A-Star) Applied in Trading,,2026-05-07T15:17Z,Examples,MetaTrader 5,[],,,ok,,8ea715a27e3bfea221194ef98911c57a6cd11a2561bb8e70a5327ca56622ab55,md/22184.md,58656,14664
22187,https://www.mql5.com/en/articles/22187,Position Management: Safe Pyramiding with a Unified Stop in MQL5,,2026-05-18T10:32Z,Trading,MetaTrader 5,[],,,ok,,2661d8e085ff9757d289d14475bac07e033e8e894a2886ad1fe8e2b8030d827e,md/22187.md,76027,19006
22190,https://www.mql5.com/en/articles/22190,From Novice to Expert: Creating an MTF CRT Overlay Indicator in MQL5,,2026-05-08T10:02Z,Trading,MetaTrader 5,[],,,ok,,f8a219cde49f6a93433b07ff58dd15bfec86577fe48e5b5c9da70048d196222d,md/22190.md,37176,9294
22193,https://www.mql5.com/en/articles/22193,MQL5 Trading Tools (Part 30): Class-Based Tool Palette Sidebar,,2026-05-08T12:33Z,Trading,MetaTrader 5,[],MQL5 Trading Tools (): Class-Based Tool Palette Sidebar,30,ok,,37137737e1a515df1fb0bbb5f23e828c2be30a2746b30ba9f80f76641dc1a8f1,md/22193.md,94356,23589
22194,https://www.mql5.com/en/articles/22194,Price Action Analysis Toolkit Development (Part 66): Developing a Structured Head and Shoulders Scanner in MQL5,,2026-04-23T11:27Z,Trading systems,MetaTrader 5,[],Price Action Analysis Toolkit Development (): Developing a Structured Head and Shoulders Scanner in MQL5,66,ok,,ff81e5e9c50124628b77af0f87d0d5328d20e98c9ea27de024d80998ba5840eb,md/22194.md,50262,12565
22196,https://www.mql5.com/en/articles/22196,MetaTrader 5 and the MQL5 Economic Calendar: How to Turn News into a Reproducible Trading System,,2026-05-08T14:32Z,Examples,MetaTrader 5,[],,,ok,,02359ab66c567e7d7602582ffd5b576a7416562e964c60763c91419181a84895,md/22196.md,81515,20378
22213,https://www.mql5.com/en/articles/22213,Beyond the Clock (Part 2): Building Runs Bars in MQL5,,2026-05-29T14:47Z,Trading systems,MetaTrader 5,[],Beyond the Clock (): Building Runs Bars in MQL5,2,ok,,cc17eeee7de5cc51c8625683927c6000051c9a3eb4957d32e8afe3ef1a4b27cb,md/22213.md,45564,11391
22214,https://www.mql5.com/en/articles/22214,MQL5 Trading Tools (Part 31): Creating an Interactive Tools Palette in MQL5,,2026-05-16T12:30Z,Trading,MetaTrader 5,[],MQL5 Trading Tools (): Creating an Interactive Tools Palette in MQL5,31,ok,,503cdcddb974c1e0237c5073991825f620a5622fbab52d0743e63dc0dbbba9cf,md/22214.md,194779,48694
22216,https://www.mql5.com/en/articles/22216,Building a Trade Analytics System (Part 2): How to Capture Closed Trades and Send JSON in MQL5,,2026-04-28T11:04Z,Trading systems,MetaTrader 5,[],Building a Trade Analytics System (): How to Capture Closed Trades and Send JSON in MQL5,2,ok,,feb54772c87af445fedd6d12e26ba37bdfd8bb06eb3ea0bb5b4d4527946067ae,md/22216.md,49116,12279
22220,https://www.mql5.com/en/articles/22220,Integrating MQL5 with Data Processing Packages (Part 9): Entropy-Based Adaptive Volatility,,2026-05-19T11:21Z,Examples,MetaTrader 5,[],Integrating MQL5 with Data Processing Packages (): Entropy-Based Adaptive Volatility,9,ok,,279795b08280398c9a9d5426bc42944fba388d6acd06e602df6e3fbc76db9ae9,md/22220.md,94135,23533
22224,https://www.mql5.com/en/articles/22224,How to implement AutoARIMA forecasting in MQL5,Osmar Sandoval Espinosa,2026-05-07T16:40Z,Examples,MetaTrader 5,[],,,ok,,4352253fc9f1cdb5b924d5494408a7789ac0c8dcf7e2cea2a83dc975aa3038ad,md/22224.md,34880,8720
22227,https://www.mql5.com/en/articles/22227,Creating a Traditional Renko Overlay Indicator in MQL5,,2026-04-23T13:46Z,Indicators,MetaTrader 5,[],,,ok,,c94095398c85270f1333e55543fee47b9f13c5e43e7f426786b05c972c545f83,md/22227.md,46100,11525
22231,https://www.mql5.com/en/articles/22231,Using the MQL5 Economic Calendar for News Filter (Part 4): Accurate Backtesting with Static Data,,2026-04-28T10:54Z,Tester,MetaTrader 5,[],Using the MQL5 Economic Calendar for News Filter (): Accurate Backtesting with Static Data,4,ok,,5b2a78f1d9296011aac1c5fffafa558f5dad26f32e35818457230db1cfa91539,md/22231.md,56248,14062
22233,https://www.mql5.com/en/articles/22233,"MQL5 Trading Tools (Part 32): Crosshair, Magnifier, and Measure Mode",,2026-05-21T15:41Z,Trading,MetaTrader 5,[],"MQL5 Trading Tools (): Crosshair, Magnifier, and Measure Mode",32,ok,,57b1e4a27b37037714447fe1ad5d2b401e5e518fc61d08d372bb807e6da75349,md/22233.md,92346,23086
22242,https://www.mql5.com/en/articles/22242,"From CPU to GPU in MQL5: A Practical OpenCL Framework for Accelerating Research, Optimizations, and Patterns",,2026-05-06T14:33Z,Integration,MetaTrader 5,[],,,ok,,8e7ad1059b5e58d20b6cc5c7547201e0ab6d12e7e313d66ed521372dfa838d4c,md/22242.md,50372,12593
22249,https://www.mql5.com/en/articles/22249,Building the Market Structure Sentinel Indicator in MQL5,,2026-05-27T15:36Z,Examples,MetaTrader 5,[],,,ok,,a21719ac2e56336f87222c910b596090d3f5cd64e151cffae2cfb24fb5f9d50d,md/22249.md,46763,11690
22256,https://www.mql5.com/en/articles/22256,Manual Backtesting with On-Chart Buttons in the MetaTrader 5 Strategy Tester,,2026-05-15T15:56Z,Tester,MetaTrader 5,[],,,ok,,55c3a5a9924c0f23b6e7d0d09c82131676618ef9786026f224b16d8792ad8e7c,md/22256.md,33344,8336
22258,https://www.mql5.com/en/articles/22258,Building Volatility Models in MQL5 (Part II): Implementing GJR-GARCH and TARCH in MQL5,,2026-04-30T11:05Z,Examples,MetaTrader 5,[],,,ok,,88356153be60ab49a03f8766d065cc9556132f5d29fec1d4b6358b366039321c,md/22258.md,44176,11044
22263,https://www.mql5.com/en/articles/22263,Market Microstructure in MQL5 (Part 1): Robust Foundation,,2026-05-08T12:10Z,Trading systems,MetaTrader 5,[],Market Microstructure in MQL5 (): Robust Foundation,1,ok,,53cc24e373fe39ba2e27f2beef1530c9b4b1387363fbe196863b8439c91e1b78,md/22263.md,37056,9264
22264,https://www.mql5.com/en/articles/22264,Building an Object-Oriented FVG Scanner in MQL5,,2026-05-08T09:05Z,Trading systems,MetaTrader 5,[],,,ok,,b2de91abbdd1c889782135571c6aca069548ad27fa49dd32a84c47fc6b47fd6e,md/22264.md,29945,7486
22274,https://www.mql5.com/en/articles/22274,Meta-Labeling the Classics (Part 1): Filtering and Sizing RSI Trades,,2026-05-29T10:43Z,Examples,MetaTrader 5,[],Meta-Labeling the Classics (): Filtering and Sizing RSI Trades,1,ok,,dd53fc0401f070ed85c9c051a565f02a560af3b18bb0c2f489e2a49c96c7a89b,md/22274.md,30488,7622
22275,https://www.mql5.com/en/articles/22275,MetaTrader 5 Machine Learning Blueprint (Part 15): How to Calibrate Profit-Taking and Stop-Loss Targets from Synthetic Data,,2026-05-11T15:11Z,Trading systems,MetaTrader 5,[],MetaTrader 5 Machine Learning Blueprint (): How to Calibrate Profit-Taking and Stop-Loss Targets from Synthetic Data,15,ok,,8f962d0e0e562a5e198592601c5a15f2a83f9d8707104935b666cb07a7e1ec95,md/22275.md,46234,11558
22277,https://www.mql5.com/en/articles/22277,Keeping Memory Across Restarts: EA State Persistence Using Binary Files in MQL5,,2026-05-29T14:36Z,Expert Advisors,MetaTrader 5,[],,,ok,,a103309b94a9dfe3be37f070465eafaf3d8e02e9c2e9af1e8a4466bf1e88ba50,md/22277.md,47037,11759
22288,https://www.mql5.com/en/articles/22288,Recurrence Quantification Analysis (RQA) in MQL5: Building a Complete Analysis Library,,2026-05-01T16:18Z,Indicators,MetaTrader 5,[],,,ok,,eb7a11d89d97e2f8407173512dde1535aea3ce832afea8f8a81a843a4a309bb3,md/22288.md,59411,14852
22290,https://www.mql5.com/en/articles/22290,Three MACD Filters on US_TECH100: Five Years of Broker Data,Marcelo Alejandro Borasi,2026-05-08T11:30Z,Trading systems,MetaTrader 5,[],,,ok,,7df848a69035b2501141161cc94ca6df63eafd345b1c20f87e335a0303b8f849,md/22290.md,37265,9316
22291,https://www.mql5.com/en/articles/22291,Stress Testing Trade Sequences with Monte Carlo in MQL5,Duy Van Nguy,2026-05-04T13:17Z,Tester,MetaTrader 5,[],,,ok,,d64b3a227908b6906c13b65f796d1723cfc2f6e70535315b30e0a1b9f306d685,md/22291.md,36121,9030
22303,https://www.mql5.com/en/articles/22303,MQL5 Trading Tools (Part 33): Building a Rich Content Markup Documentation System for MQL5 Programs,,2026-05-29T14:53Z,Trading systems,MetaTrader 5,[],MQL5 Trading Tools (): Building a Rich Content Markup Documentation System for MQL5 Programs,33,ok,,9f83d2e5454b29d68524ecaed98377c8a769bf9b87f52d2fd2fd7f90c8090d15,md/22303.md,195212,48803
22323,https://www.mql5.com/en/articles/22323,Creating an EMA Crossover Forward Simulation Indicator in MQL5,,2026-05-13T07:23Z,Examples,MetaTrader 5,[],,,ok,,14676bf06d6de71aca9991bf04865ae1dfe0d4b9b70bb3ccb53b243c098dedf1,md/22323.md,43806,10951
22338,https://www.mql5.com/en/articles/22338,MQL5 Wizard Techniques you should know (Part 87): Volatility-Scaled Money Management with Monotonic Queue in MQL5,,2026-04-30T13:13Z,Trading systems,MetaTrader 5,[],MQL5 Wizard Techniques you should know (): Volatility-Scaled Money Management with Monotonic Queue in MQL5,87,ok,,d85dc567e2b26845a4a0e4494cc21774bc458f8300c3d4a48d71db32a22ee251,md/22338.md,32497,8124
22341,https://www.mql5.com/en/articles/22341,Building a Divergence System: Creating the MPO4 Custom Indicator,,2026-06-19T10:25Z,Trading,MetaTrader 5,[],,,ok,,9cba193aadf126735e004b7556d80b21316f845716b56d1a92e9c240b7d7700a,md/22341.md,63918,15979
22342,https://www.mql5.com/en/articles/22342,Building a Liquidity Spectrum Volume Profile Indicator in MQL5,,2026-05-01T16:12Z,Indicators,MetaTrader 5,[],,,ok,,6acfe069670b0351f389a025ae5eb6d23e3d52d80306e1abd98b0637a9d7457d,md/22342.md,56224,14056
22363,https://www.mql5.com/en/articles/22363,Leak-Free Multi-Timeframe Engine with Closed-Bar Reads in MQL5,,2026-05-15T10:06Z,Indicators,MetaTrader 5,[],,,ok,,0477bdfb4705863a0a3f936a23af0485b0c038117abba4ebf459610d2403212e,md/22363.md,77011,19252
22372,https://www.mql5.com/en/articles/22372,MetaTrader 5 Machine Learning Blueprint (Part 14): Transaction Cost Modeling for Triple-Barrier Labels in MQL5,,2026-05-08T13:24Z,Trading systems,MetaTrader 5,[],MetaTrader 5 Machine Learning Blueprint (): Transaction Cost Modeling for Triple-Barrier Labels in MQL5,14,ok,,6edb5e3bc01308db76031ab23256d03acae6178cfaa74aed01f2cd0029dc9524,md/22372.md,62315,15578
22373,https://www.mql5.com/en/articles/22373,Building a Trade Analytics System (Part 3): Storing MetaTrader 5 Trades in SQLite,,2026-05-15T16:04Z,Trading systems,MetaTrader 5,[],Building a Trade Analytics System (): Storing MetaTrader 5 Trades in SQLite,3,ok,,17a457da6bdbe6274d48c4e5a38bf18215eb5241a5cd502c08a2fff78586f127,md/22373.md,39360,9840
22383,https://www.mql5.com/en/articles/22383,Event-Driven Architecture in MQL5: How to Turn an Expert Advisor into a Full-Fledged Trading System,,2026-05-11T12:28Z,Examples,MetaTrader 5,[],,,ok,,969b78df215fd0a67f6acfb98d93b8b8cf96532329eb5dd8cccffd3da0e939d5,md/22383.md,37627,9406
22388,https://www.mql5.com/en/articles/22388,Overcoming Accessibility Problems in MQL5 Trading Tools (Part IV): Remote voice trading,,2026-05-26T12:44Z,Examples,MetaTrader 5,[],,,ok,,749b26ce2b6334e2014dda097d4ef2e30ce6c9a64d302883e5b9ea0c6ddb25ee,md/22388.md,45858,11464
22389,https://www.mql5.com/en/articles/22389,MQL5 Wizard Techniques you should know (Part 88): Using Blooms Filter with a Custom Trailing Class,,2026-05-07T05:30Z,Trading systems,MetaTrader 5,[],MQL5 Wizard Techniques you should know (): Using Blooms Filter with a Custom Trailing Class,88,ok,,d9bffc412813a2ba732ca32132221491ae2624164ab0bfdf3959c8b95f775489,md/22389.md,29572,7393
22391,https://www.mql5.com/en/articles/22391,"MetaTrader 5: Build a Market to Suit Your Strategy — Renko/Range/Volume, Synthetics, and Stress Tests on Custom Symbols",,2026-05-21T17:07Z,Examples,MetaTrader 5,[],,,ok,,09fe94abf08e83dd3b43c0248b5d8a142f899cc8682f7c2e2fabdbc6476b2fd3,md/22391.md,67310,16827
22393,https://www.mql5.com/en/articles/22393,3D Visualization Without External Libraries: How MetaTrader 5 Reveals Optimization Results via MQL5 + DX11,,2026-05-26T11:37Z,Examples,MetaTrader 5,[],,,ok,,ee647f966b7657d7bec62d10861f812ffa5495f86775fc79a1e9bdb910076805,md/22393.md,54140,13535
22395,https://www.mql5.com/en/articles/22395,The Power of MetaTrader 5: From Step-by-Step Debugging to EX5 Protection in a Unified Environment,,2026-05-20T09:38Z,Examples,MetaTrader 5,[],,,ok,,c8dfc12c6313721ba202b84a9376d117bc3ba7063271b2dbbab67fec6d4d6268,md/22395.md,45361,11340
22419,https://www.mql5.com/en/articles/22419,Adaptive Malaysian Engulfing Indicator (Part 1): Pattern Detection and Retest Validation,,2026-05-12T11:59Z,Examples,MetaTrader 5,[],Adaptive Malaysian Engulfing Indicator (): Pattern Detection and Retest Validation,1,ok,,bebb156703cf90d0fd0b02f7f595de29e2138713a52875635ce80bb33a6d0d71,md/22419.md,39059,9764
22420,https://www.mql5.com/en/articles/22420,Adaptive Malaysian Engulfing Indicator (Part 2): Optimized Retest Bar Range,,2026-05-15T16:09Z,Examples,MetaTrader 5,[],Adaptive Malaysian Engulfing Indicator (): Optimized Retest Bar Range,2,ok,,ec98a0cf0cb4f4ed6c767c0e94b365aaf78cb233b0301fed7220a80c77d690b8,md/22420.md,38341,9585
22438,https://www.mql5.com/en/articles/22438,Beyond GARCH (Part I): Mandelbrot's MMAR versus Engle's GARCH,,2026-05-18T10:51Z,Trading systems,MetaTrader 5,[],,,ok,,c4d2c1f31238dca64633d664c2b0ce32e4bc12e9e1ecadf1d177364605b7980c,md/22438.md,50790,12697
22449,https://www.mql5.com/en/articles/22449,Building a Trade Analytics System (Part 4): Summary Metrics and Dashboard,,2026-05-25T11:54Z,Trading systems,MetaTrader 5,[],Building a Trade Analytics System (): Summary Metrics and Dashboard,4,ok,,dce10af86f816748786bc43bc0df5f98880c0e6e535af33f4ab188082f877c63,md/22449.md,38666,9666
22460,https://www.mql5.com/en/articles/22460,Creating a Custom Tick Chart in MQL5,,2026-05-11T15:34Z,Indicators,MetaTrader 5,[],,,ok,,2d86102cc2aa77766dd728d3658eb0d7050f6ad8140973ed8a41f715f9e06fb6,md/22460.md,42858,10714
22469,https://www.mql5.com/en/articles/22469,Encoding Candlestick Patterns (Part 1): An Alphabetical System for Signal Detection,,2026-05-12T14:49Z,Trading,MetaTrader 5,[],Encoding Candlestick Patterns (): An Alphabetical System for Signal Detection,1,ok,,bb1e02ddaacaaeec5a867e034ffb40ddd2f8163041fbe10af61d6e58b5a281f0,md/22469.md,28991,7247
22472,https://www.mql5.com/en/articles/22472,Automating Classic Market Methods in MQL5 (Part 2): Wyckoff Cause and Effect—Point and Figure Price Targets,,2026-06-30T10:26Z,Examples,MetaTrader 5,[],Automating Classic Market Methods in MQL5 (): Wyckoff Cause and Effect—Point and Figure Price Targets,2,ok,,addb60feaeaa144fff1700fe239f9b709fcdaa8d4c66ab1be62157db501a0014,md/22472.md,106104,26526
22474,https://www.mql5.com/en/articles/22474,From Matrices to Models: How to Build an ML Pipeline in MQL5 and Export It to ONNX,,2026-05-14T14:38Z,Trading systems,MetaTrader 5,[],,,ok,,1ba57e5d31ab3b3ba314450a81d32d3db4c2565332370b90e61fec589667c3cb,md/22474.md,42985,10746
22476,https://www.mql5.com/en/articles/22476,Beyond GARCH (Part III): Building the MMAR and the Verdict,,2026-05-21T15:20Z,Trading systems,MetaTrader 5,[],,,ok,,b141560af10b6ac2ef3e3fba6707595807cda7b53d62c6c34f87d96fc0609a87,md/22476.md,52548,13137
22484,https://www.mql5.com/en/articles/22484,Beyond GARCH (Part II): Measuring the Fractal Dimension of Markets,,2026-05-19T15:16Z,Trading systems,MetaTrader 5,[],,,ok,,a38d7b861568d4f0b9af13f6432d5b6303e1f1fa47e463e68b73d4aca9f0b149,md/22484.md,47488,11872
22495,https://www.mql5.com/en/articles/22495,Building AI-Powered Trading Systems in MQL5 (Part 9): Creating an AI Signal Dispatcher,,2026-05-18T12:00Z,Trading,MetaTrader 5,[],Building AI-Powered Trading Systems in MQL5 (): Creating an AI Signal Dispatcher,9,ok,,e07cc0214c1dc321554b9c8a2098ecd96a09822bf7f930a55450315eb080f3a9,md/22495.md,183243,45810
22499,https://www.mql5.com/en/articles/22499,MQL5 Wizard Techniques you should know (Part 89): Using Bitwise Vectorization with Perceptron Classifiers,,2026-05-18T12:09Z,Trading systems,MetaTrader 5,[],MQL5 Wizard Techniques you should know (): Using Bitwise Vectorization with Perceptron Classifiers,89,ok,,2f2ee41115d028f75e78b86ef0d56adbbd7b509b18b66871e7688099ce0db4df,md/22499.md,26103,6525
22500,https://www.mql5.com/en/articles/22500,Cross Recurrence Quantification Analysis (CRQA) in MQL5: Building a Complete Analysis Library,,2026-05-19T11:41Z,Trading systems,MetaTrader 5,[],,,ok,,de0029c4ded7b8de76a674cc32a24d382b40ae0f5846ae2db2be2e866224314a,md/22500.md,68967,17241
22503,https://www.mql5.com/en/articles/22503,Price Action Analysis Toolkit Development (Part 69): Flag Pattern Detection in MQL5,,2026-05-21T15:14Z,Examples,MetaTrader 5,[],Price Action Analysis Toolkit Development (): Flag Pattern Detection in MQL5,69,ok,,32745a2b99d03367d19b80c2884edaf844b554d118192eb07cddccde701fd835,md/22503.md,49681,12420
22516,https://www.mql5.com/en/articles/22516,Feature Engineering for ML (Part 3): Session-Aware Time Features for Forex Machine Learning,,2026-05-13T07:54Z,Trading systems,MetaTrader 5,[],Feature Engineering for ML (): Session-Aware Time Features for Forex Machine Learning,3,ok,,7778dec5cf4a97fc35f8e03a0c3b3f2a6e29173ddb5ddbf0081c2121706bc19f,md/22516.md,41144,10286
22517,https://www.mql5.com/en/articles/22517,Feature Engineering for ML (Part 4): Implementing Time Features in MQL5,,2026-05-26T12:23Z,Trading systems,MetaTrader 5,[],Feature Engineering for ML (): Implementing Time Features in MQL5,4,ok,,35486904eafd9f9b324c139c16897226360be034bb22d84c030fd62b161fbaff,md/22517.md,37116,9279
22519,https://www.mql5.com/en/articles/22519,Beyond GARCH (Part V): Fitting the Multifractal Spectrum in MQL5,,2026-06-09T12:23Z,Trading systems,MetaTrader 5,[],,,ok,,60eb7a1ffbbf29aee9e05e66f99b659a9f0663cb65e797bc54f95c15cb87bb31,md/22519.md,44327,11081
22521,https://www.mql5.com/en/articles/22521,Beyond GARCH (Part VI): Fractional Brownian Motion And The Multiplicative Cascade in MQL5,,2026-06-23T08:25Z,Trading systems,MetaTrader 5,[],,,ok,,92cd167f7e3b654e53dd6475ce67539712f256e3503173432b9f17dac0858aca,md/22521.md,57304,14326
22526,https://www.mql5.com/en/articles/22526,"Integrating AI into 3 Smart Money Concepts (SMC): OB, BOS, and FVG",,2026-05-28T12:56Z,Examples,MetaTrader 5,[],,,ok,,9d04f82c0d0b51d09c6c8ddc11dc45d266ba3274172aed1772e968bb866f50cf,md/22526.md,114357,28589
22527,https://www.mql5.com/en/articles/22527,Building an Object-Oriented ONNX Inference Engine in MQL5,,2026-05-19T11:44Z,Integration,MetaTrader 5,[],,,ok,,a77bca7e71526f1b5ab074f3be648dcb530bab76e59a30fa0c18a0d63dfd38fe,md/22527.md,25620,6405
22532,https://www.mql5.com/en/articles/22532,Engineering a Self-Healing Expert Advisor in MQL5 (Part 1): Persistent Trade State Architecture,,2026-05-29T10:53Z,Expert Advisors,MetaTrader 5,[],Engineering a Self-Healing Expert Advisor in MQL5 (): Persistent Trade State Architecture,1,ok,,f234e20cebd2b8fa8914ceba195428cb181bb5585025e5a62f748ce69de71851,md/22532.md,60294,15073
22537,https://www.mql5.com/en/articles/22537,Beyond GARCH (Part VII): Monte Carlo Volatility Forecasting in MQL5,,2026-07-01T13:08Z,Trading systems,MetaTrader 5,[],,,ok,,74dbc5979b107f5512f02a1a4b8ea230cbe0313bb9192c4d1d49ce0cc75a8f66,md/22537.md,34924,8731
22539,https://www.mql5.com/en/articles/22539,Beyond GARCH (Part VIII): The MMAR Library And Putting it to Work in an Expert Advisor,,2026-07-13T11:41Z,Trading systems,MetaTrader 5,[],,,ok,,2ede7bf78c11e78913c5a83f8e594d944ff4a597b6d925b5fb8fb7d394ccb8cd,md/22539.md,38254,9563
22540,https://www.mql5.com/en/articles/22540,How to Detect and Normalize Chart Objects in MQL5 (Part 1): Building a Chart Object Detection Engine,,2026-05-27T15:33Z,Examples,MetaTrader 5,[],How to Detect and Normalize Chart Objects in MQL5 (): Building a Chart Object Detection Engine,1,ok,,f0f621f316c26bf26c575cf5537277fd2d23e1651817b8034bb7d415bcfa5a42,md/22540.md,39020,9755
22553,https://www.mql5.com/en/articles/22553,Market Microstructure in MQL5 (Part 2): Measuring long memory in MQL5 with Hurst estimators,,2026-05-25T12:11Z,Indicators,MetaTrader 5,[],Market Microstructure in MQL5 (): Measuring long memory in MQL5 with Hurst estimators,2,ok,,951af6fada43e1440c899fca655be29704d7553a84f83feba65b5bd7e5eca149,md/22553.md,42324,10581
22558,https://www.mql5.com/en/articles/22558,MQL5 Wizard Techniques you should know (Part 90): Fenwick Tree Money Management with 1D CNN in MQL5,,2026-05-20T12:03Z,Trading systems,MetaTrader 5,[],MQL5 Wizard Techniques you should know (): Fenwick Tree Money Management with 1D CNN in MQL5,90,ok,,114813f2582937759923a7385f5e185fb267c6671a1ddd44ff08261247354ee9,md/22558.md,36562,9140
22560,https://www.mql5.com/en/articles/22560,Engineering Trading Discipline into Code (Part 6): Building a Unified Discipline Framework in MQL5,,2026-05-25T12:15Z,Examples,MetaTrader 5,[],Engineering Trading Discipline into Code (): Building a Unified Discipline Framework in MQL5,6,ok,,6b478cfa9f1c5f5d234da704d03bb43562d32893d88927c3d13d205fbb859a7b,md/22560.md,51804,12951
22563,https://www.mql5.com/en/articles/22563,How to Detect and Normalize Chart Objects in MQL5 (Part 2): Collecting and Structuring Data from Complex Analytical Objects,,2026-06-10T11:57Z,Examples,MetaTrader 5,[],How to Detect and Normalize Chart Objects in MQL5 (): Collecting and Structuring Data from Complex Analytical Objects,2,ok,,c3cd3ddc883d080f03d53bf8b4617fdd1d906d93aa0b2a30ce121f257b196701,md/22563.md,58190,14547
22572,https://www.mql5.com/en/articles/22572,Building a Megaphone Pattern Indicator in MQL5,,2026-05-27T14:23Z,Indicators,MetaTrader 5,[],,,ok,,da5a9f294945731c627f26598c3984d3b8a0e8a94a16671fce9dd93a6ad4acb9,md/22572.md,68857,17214
22578,https://www.mql5.com/en/articles/22578,"From ""Best Pass"" to Robust Solutions: Exploring the Optimization Surface in MetaTrader 5",,2026-05-22T13:09Z,Tester,MetaTrader 5,[],,,ok,,13fdceed769228f5d6a3cceeb9a8d09c96c6f7050a12295ff1cdab737e888209,md/22578.md,43327,10831
22580,https://www.mql5.com/en/articles/22580,News Filtering with MetaTrader 5 Economic Calendar and CSV Fallback,,2026-05-28T12:44Z,Trading systems,MetaTrader 5,[],,,ok,,6dbbc7e9647c97f38364f5ddf865b5a9e1335e0d6f2030c792f71e94acbe2c2b,md/22580.md,69519,17379
22597,https://www.mql5.com/en/articles/22597,Trading with the MQL5 Economic Calendar (Part 11): Modular Canvas News Dashboard,,2026-05-26T12:29Z,Trading systems,MetaTrader 5,[],Trading with the MQL5 Economic Calendar (): Modular Canvas News Dashboard,11,ok,,28d633b8a183b40fc8eba13d24a22d4d3fcf9bf008172ec05a203d45d2abcb81,md/22597.md,134924,33731
22598,https://www.mql5.com/en/articles/22598,Market Microstructure in MQL5 (Part 3): Estimating ARFIMA d with GPH,,2026-05-27T14:17Z,Indicators,MetaTrader 5,[],Market Microstructure in MQL5 (): Estimating ARFIMA d with GPH,3,ok,,484eb8d9e4bf06edc4772df59d00acee2a481ce5ec1f690b40f898ae22f3800f,md/22598.md,36194,9048
22607,https://www.mql5.com/en/articles/22607,Price Action Analysis Toolkit Development (Part 70): Turning Flag Pattern Signals into Automated Trade Execution,,2026-05-26T14:34Z,Tester,MetaTrader 5,[],Price Action Analysis Toolkit Development (): Turning Flag Pattern Signals into Automated Trade Execution,70,ok,,78302b97880da27672a95b75f93871b4359062f80b89c948e348f5f250373b60,md/22607.md,49345,12336
22608,https://www.mql5.com/en/articles/22608,Trading with the MQL5 Economic Calendar (Part 12): SQLite Storage and Deduplication,,2026-05-26T14:39Z,Trading systems,MetaTrader 5,[],Trading with the MQL5 Economic Calendar (): SQLite Storage and Deduplication,12,ok,,867c468695fe5266ac447a7e3c520fb5d8bbe03e6d54661ba6cf5637d6628305,md/22608.md,78731,19682
22609,https://www.mql5.com/en/articles/22609,MQL5 Wizard Techniques you should know (Part 91): Using Skip Lists and a Hopfield Network in a Custom Trailing Class,,2026-05-26T14:30Z,Trading systems,MetaTrader 5,[],MQL5 Wizard Techniques you should know (): Using Skip Lists and a Hopfield Network in a Custom Trailing Class,91,ok,,3465458ef6ab202ed784966c3e7c2215df4d511bdb32865324df61949f1ed75a,md/22609.md,38119,9529
22610,https://www.mql5.com/en/articles/22610,Joint Recurrence Quantification Analysis (JRQA) in MQL5: Detecting Simultaneous Recurrence in Two Series,,2026-05-29T10:49Z,Indicators,MetaTrader 5,[],,,ok,,ec646898fcfdbc3c0b956c59998c1fef79be852c97a06dd77c25fb054a26b36c,md/22610.md,51494,12873
22613,https://www.mql5.com/en/articles/22613,Engineering a Self-Healing Expert Advisor in MQL5 (Part 2): Restart-Safe Virtual Trade Protection,,2026-06-12T14:10Z,Expert Advisors,MetaTrader 5,[],Engineering a Self-Healing Expert Advisor in MQL5 (): Restart-Safe Virtual Trade Protection,2,ok,,0d552eedf2d9bb00b8c1e4e9f480964e4f730b72f086d4f1001ae9f928b8d651,md/22613.md,50675,12668
22614,https://www.mql5.com/en/articles/22614,Engineering a Self-Healing Expert Advisor in MQL5 (Part 3): Restart-Aware Breakeven and Trailing Systems,,2026-06-29T14:24Z,Expert Advisors,MetaTrader 5,[],Engineering a Self-Healing Expert Advisor in MQL5 (): Restart-Aware Breakeven and Trailing Systems,3,ok,,90afe2d6c1b07dfecdff102fb4167861b56a46c892a8eb2b5e15f4aa320fe462,md/22614.md,32897,8224
22615,https://www.mql5.com/en/articles/22615,Engineering a Self-Healing Expert Advisor in MQL5 (Part 4): Trade-State Reconciliation and Safe Mode Recovery,,2026-06-30T11:20Z,Expert Advisors,MetaTrader 5,[],Engineering a Self-Healing Expert Advisor in MQL5 (): Trade-State Reconciliation and Safe Mode Recovery,4,ok,,5ab8c9f0065e68457cba20a625ebb0122949a4dee2350d5b91fd13d7f16f7dc8,md/22615.md,26446,6611
22616,https://www.mql5.com/en/articles/22616,Engineering a Self-Healing Expert Advisor in MQL5 (Part 5): Real-Time Recovery Dashboard (Final Part),,2026-07-07T08:15Z,Expert Advisors,MetaTrader 5,[],Engineering a Self-Healing Expert Advisor in MQL5 (): Real-Time Recovery Dashboard (Final Part),5,ok,,3e8bdebdc0f1475cbebba16c6131130a14c9a0b42e0ea2ca940bc25c9e28519e,md/22616.md,28402,7100
22628,https://www.mql5.com/en/articles/22628,Automating Classic Market Methods in MQL5 (Part 1): Wyckoff Accumulation and Distribution,,2026-06-04T12:55Z,Trading,MetaTrader 5,[],Automating Classic Market Methods in MQL5 (): Wyckoff Accumulation and Distribution,1,ok,,636a81b34f74669defc91f5d7a2961181b1c87679d1d1ac8a278b6fc27bf60b0,md/22628.md,85568,21392
22638,https://www.mql5.com/en/articles/22638,Market Microstructure in MQL5 (Part 4): Volatility That Remembers,,2026-06-05T10:59Z,Indicators,MetaTrader 5,[],Market Microstructure in MQL5 (): Volatility That Remembers,4,ok,,81911f9e7b104e992dbb3112b001e00a2ebc1321841f08036120137214e183f7,md/22638.md,58104,14526
22652,https://www.mql5.com/en/articles/22652,Recurrence Network Analysis (RNA) in MQL5: From Recurrence Matrices to Complex Networks,,2026-06-10T12:02Z,Indicators,MetaTrader 5,[],,,ok,,6522fb916af3bff826e7899bdad6214281b8a060810fe4df58df5dd22cb2f820,md/22652.md,69691,17422
22662,https://www.mql5.com/en/articles/22662,How to Detect and Normalize Chart Objects in MQL5 (Part 3): Alerting and Automated Trading from Manually Drawn Objects,,2026-06-23T08:41Z,Examples,MetaTrader 5,[],How to Detect and Normalize Chart Objects in MQL5 (): Alerting and Automated Trading from Manually Drawn Objects,3,ok,,4404127f8429ff30e8fef7a4c57a4dcbf984519d0d73bb48eca0ce47f5f653ab,md/22662.md,77531,19382
22666,https://www.mql5.com/en/articles/22666,Interactive Supply and Demand Zone Manager in MQL5 (Part I): From Manual to Automated Lifecycle,,2026-06-05T11:11Z,Examples,MetaTrader 5,[],,,ok,,b278c27da8eba4e945edc1d393f7d6ee8d214523ce33d08b670b473dc8213c61,md/22666.md,61967,15491
22668,https://www.mql5.com/en/articles/22668,Overcoming Accessibility Problems in MQL5 Trading Tools (Part V): Gesture-Based Trading With Computer Vision,,2026-06-18T11:05Z,Examples,MetaTrader 5,[],,,ok,,4dfbbfbf04ddde79f1e90cd4acd180c38415a686421f39ba23bd688e7c153d54,md/22668.md,63560,15890
22681,https://www.mql5.com/en/articles/22681,Beyond the Clock (Part 3): Building an Indicator Window for Alternative Bars in MQL5,,2026-06-19T12:16Z,Trading systems,MetaTrader 5,[],Beyond the Clock (): Building an Indicator Window for Alternative Bars in MQL5,3,ok,,3e07b60f8c3f5cd0bc8fcb2db5e7bbe9f9e807b66fe4fd53941dffafba2b0cda,md/22681.md,37835,9458
22684,https://www.mql5.com/en/articles/22684,Position Management: Scaling Into Winners With A Falling-Risk Pyramid,,2026-05-31T17:16Z,Trading systems,MetaTrader 5,[],,,ok,,0b6cea9ce0ce4de156f99930f86b9e5d9981c99fddc5070b0227add2902d8c66,md/22684.md,41170,10292
22691,https://www.mql5.com/en/articles/22691,Step-by-Step Implementation of a Local Stop Loss System in MQL5,,2026-06-11T09:18Z,Examples,MetaTrader 5,[],,,ok,,4edb4bf76fb998c684a26c60c6dcf9a201dcffe7e0d57f666ce4d106e3d9eb31,md/22691.md,113728,28432
22695,https://www.mql5.com/en/articles/22695,From Static MA to Adaptive Filtering (Part 1): Introducing SAMA with NLMS in MQL5,,2026-06-16T10:34Z,Indicators,MetaTrader 5,[],From Static MA to Adaptive Filtering (): Introducing SAMA with NLMS in MQL5,1,ok,,dd6df90a1e15aad41891aa9d780968b8fe057a024902e9a70653b4501c710148,md/22695.md,20037,5009
22699,https://www.mql5.com/en/articles/22699,Publish Your Article Code to MQL5 Algo Forge in 10 Minutes: A Step-by-Step Guide,,2026-05-26T14:34Z,Examples,MetaTrader 5,[],,,ok,,187d0108be2e3a398b8ea16c5d7f999865717c2dc7a039f650bc9592f47d99c4,md/22699.md,16726,4181
22707,https://www.mql5.com/en/articles/22707,Building an Object-Oriented Z-Score Statistical Arbitrage Engine in MQL5,,2026-06-08T12:18Z,Trading systems,MetaTrader 5,[],,,ok,,ddc08a1fe57cae7106b14ca3187bd33bf863de6ab87deb26898a58b155ae5a2c,md/22707.md,29964,7491
22709,https://www.mql5.com/en/articles/22709,Encoding Candlestick Patterns (Part 2): Modeling Price Action as an Ordered Sequence,,2026-05-30T11:45Z,Trading,MetaTrader 5,[],Encoding Candlestick Patterns (): Modeling Price Action as an Ordered Sequence,2,ok,,3a22382e32837bd24edea0c61acf6f364c4b9a3db3fc7fd0b092c45bb05addf8,md/22709.md,37576,9394
22714,https://www.mql5.com/en/articles/22714,Building Volatility Models in MQL5 (Part III): Implementing the SLSQP Algorithm for Model Estimation,,2026-05-30T11:37Z,Integration,MetaTrader 5,[],,,ok,,79a45f9d4b4dfaf077f6e566f905592f920478d2107b936d59f9534f825dab84,md/22714.md,71790,17947
22718,https://www.mql5.com/en/articles/22718,"AI Trading Platform: Why MetaTrader 5 Is the Best Choice for Algorithmic Trading with Python, ONNX, and AI Assistant",,2026-06-22T09:48Z,Trading,MetaTrader 5,[],,,ok,,5ccd44427b21df5f4ecd635636c4e03b8d72bb031cc54d0678744dddee61d4d6,md/22718.md,48970,12242
22733,https://www.mql5.com/en/articles/22733,Feature Engineering for ML (Part 5): Microstructural Features in Python,,2026-06-10T11:48Z,Trading systems,MetaTrader 5,[],Feature Engineering for ML (): Microstructural Features in Python,5,ok,,4d099782c614571572decac88dc7f2c44e74e26cd9a34912aadd2226a48192f1,md/22733.md,48640,12160
22734,https://www.mql5.com/en/articles/22734,Feature Engineering for ML (Part 6): Microstructural Features in MQL5,,2026-06-18T10:40Z,Trading systems,MetaTrader 5,[],Feature Engineering for ML (): Microstructural Features in MQL5,6,ok,,4ee8fc616e4f45af7ea7b16a06369281c2ce726035966b5ca8e290717869e94b,md/22734.md,38813,9703
22742,https://www.mql5.com/en/articles/22742,Building an EquiVolume Indicator in MQL5,,2026-05-31T18:01Z,Indicators,MetaTrader 5,[],,,ok,,592467329d71be90331505a4ebfdc9826d0acb019cc5de04b4f3fb72b07fba69,md/22742.md,48680,12170
22746,https://www.mql5.com/en/articles/22746,Automating Classic Market Methods in MQL5 (Part 3): Stan Weinstein Stage Analysis,,2026-07-06T11:47Z,Trading,MetaTrader 5,[],Automating Classic Market Methods in MQL5 (): Stan Weinstein Stage Analysis,3,ok,,215e681b4d72076f4c8926dd73aabdd44949993e6f81d1fe9f0a58b1c290adf7,md/22746.md,61838,15459
22754,https://www.mql5.com/en/articles/22754,Meta-Labeling the Classics (Part 2): Filtering and Sizing ADX Trades,,2026-06-26T08:12Z,Trading systems,MetaTrader 5,[],Meta-Labeling the Classics (): Filtering and Sizing ADX Trades,2,ok,,f48dde44be333ac7fb6364ba26fbab376289fc5f16244778d6647388807a22d9,md/22754.md,48828,12207
22755,https://www.mql5.com/en/articles/22755,Meta-Labeling the Classics (Part 3): Filtering and Sizing Bollinger Band Trades,,2026-08-28T08:17Z,Trading systems,MetaTrader 5,[],Meta-Labeling the Classics (): Filtering and Sizing Bollinger Band Trades,3,ok,,a68adeac1a44aedf156454f9ebf163c93a3055300863b4c66f3700ad98654f59,md/22755.md,37214,9303
22756,https://www.mql5.com/en/articles/22756,Feature Engineering for ML (Part 7): Entropy Features in Python,,2026-06-29T12:43Z,Trading systems,MetaTrader 5,[],Feature Engineering for ML (): Entropy Features in Python,7,ok,,289cf7da9e903c0c8cf7858bc7319247c286b93f34fd2deec5fd0e24621dabe3,md/22756.md,24570,6142
22768,https://www.mql5.com/en/articles/22768,"How We Built the Most Powerful Machine Learning-Powered Trading Platform: The Evolution of MQL and MetaTrader Through Archives, Forums, and Releases",,2026-08-10T10:46Z,Interviews,MetaTrader 5,[],,,ok,,57fcaa2fb5935cb37e21fbd706ae1f8280f530df241cd0850c1c03e2f12a66cb,md/22768.md,82781,20695
22772,https://www.mql5.com/en/articles/22772,Formulating Dynamic Multi-Pair EA (Part 9): Market Microstructure Execution Noise Filtering,,2026-05-31T17:22Z,Examples,MetaTrader 5,[],Formulating Dynamic Multi-Pair EA (): Market Microstructure Execution Noise Filtering,9,ok,,2dd15549e9d68d756835bab72aa754b1292df15aea625768daedaf959a828bd0,md/22772.md,79961,19990
22775,https://www.mql5.com/en/articles/22775,MQL5 Wizard Techniques you should know (Part 92): Using B-Tree Indexing and a Bayesian NN in a Custom Signal Class,,2026-05-31T12:07Z,Trading systems,MetaTrader 5,[],MQL5 Wizard Techniques you should know (): Using B-Tree Indexing and a Bayesian NN in a Custom Signal Class,92,ok,,263171cd3b8bd62049aca5618ac4d5bf6cccecfae7ce436ed2599b524bd3b2ff,md/22775.md,34919,8729
22783,https://www.mql5.com/en/articles/22783,Low-Frequency Quantitative Strategies in MetaTrader 5 (Part 3): A Regime-Adaptive Mean-Reversion Swing Trading System,,2026-06-04T15:26Z,Trading systems,MetaTrader 5,[],Low-Frequency Quantitative Strategies in MetaTrader 5 (): A Regime-Adaptive Mean-Reversion Swing Trading System,3,ok,,d9566ae45b2cc69469f99530d6d22262e364d7257e46bfd6eb92a7f0f27a887c,md/22783.md,48381,12095
22786,https://www.mql5.com/en/articles/22786,MQL5 Trading Tools (Part 34): Replacing Native Chart Objects with an Interactive Canvas Drawing Layer,,2026-06-04T13:07Z,Trading systems,MetaTrader 5,[],MQL5 Trading Tools (): Replacing Native Chart Objects with an Interactive Canvas Drawing Layer,34,ok,,18e2e9683eaddb1600661fd6480833ede085f840d82de06172114540416bd3a7,md/22786.md,151016,37754
22790,https://www.mql5.com/en/articles/22790,Automating Classic Market Methods in MQL5 (Part 4): Mark Minervini's Trend Template,,2026-07-31T14:56Z,Trading,MetaTrader 5,[],Automating Classic Market Methods in MQL5 (): Mark Minervini's Trend Template,4,ok,,bd9d59e33f916b6fad0585cb490251be0e3e07f6b0ce6e41487317f3b22b6524,md/22790.md,69874,17468
22796,https://www.mql5.com/en/articles/22796,Price Action Analysis Toolkit Development (Part 71): Weekend Gap Structure Mapping in MQL5,,2026-06-08T12:29Z,Trading systems,MetaTrader 5,[],Price Action Analysis Toolkit Development (): Weekend Gap Structure Mapping in MQL5,71,ok,,b61dc078dc6be2e5afc0bfcad57858e7a538c24b3516f7094a07dfe015cec0dc,md/22796.md,51047,12761
22807,https://www.mql5.com/en/articles/22807,Swing Extremes and Pullbacks (Part 4): Dynamic Pullback Depth Using Volatility Models,,2026-06-16T10:38Z,Examples,MetaTrader 5,[],Swing Extremes and Pullbacks (): Dynamic Pullback Depth Using Volatility Models,4,ok,,345608d9e37054996517bab35576a03c83ba9896fb3ea0f64907bae1d164e13b,md/22807.md,86530,21632
22833,https://www.mql5.com/en/articles/22833,Engineering Trading Discipline into Code (Part 7): Automating Equity Protection Through Governance Logic,,2026-06-09T14:13Z,Trading systems,MetaTrader 5,[],Engineering Trading Discipline into Code (): Automating Equity Protection Through Governance Logic,7,ok,,9ece87c314638e03120a9eb138ca58e23741755a31314cf47a7f8c8a548e73fc,md/22833.md,55792,13948
22838,https://www.mql5.com/en/articles/22838,"MQL5 Trading Tools (Part 35): Adding Channel, Pitchfork, Gann, and Fibonacci Tools to the Canvas Drawing Layer",,2026-06-10T11:53Z,Trading systems,MetaTrader 5,[],"MQL5 Trading Tools (): Adding Channel, Pitchfork, Gann, and Fibonacci Tools to the Canvas Drawing Layer",35,ok,,0edb73312cfe298ea16f3f46cf83203a2e27d3763b805b5e92790e99b74d3dd2,md/22838.md,135656,33914
22842,https://www.mql5.com/en/articles/22842,MQL5 Wizard Techniques you should know (Part 93): Using Suffix Automation and an Auto Encoder in a Custom Money Management Class,,2026-06-08T12:46Z,Trading systems,MetaTrader 5,[],MQL5 Wizard Techniques you should know (): Using Suffix Automation and an Auto Encoder in a Custom Money Management Class,93,ok,,1e2c85cd3c36ebd88b070b8a846a6b3c1d662ecbfd50a991ebd1800f9f9356f9,md/22842.md,45117,11279
22855,https://www.mql5.com/en/articles/22855,"Position Management: A Reusable Trade Journal with Live Maximum Adverse Excursion, Maximum Favorable Excursion, and R-Multiple Tracking in MQL5",,2026-06-10T13:48Z,Trading,MetaTrader 5,[],,,ok,,85357f4ae47b9db66aef09deccbd09f130f76358586465b4d8a7912be2fbce10,md/22855.md,61754,15438
22856,https://www.mql5.com/en/articles/22856,MQL5 Trading Tools (Part 36): Adding Shape and Annotation Tools with In-Place Label Editing to the Canvas Drawing Layer,,2026-06-16T09:12Z,Trading systems,MetaTrader 5,[],MQL5 Trading Tools (): Adding Shape and Annotation Tools with In-Place Label Editing to the Canvas Drawing Layer,36,ok,,4766015e09888baa7a084290d3be08cad41f76d09c6558d235db668c204822e1,md/22856.md,145038,36259
22874,https://www.mql5.com/en/articles/22874,CSV Data Analysis (Part 1): CSV Export Engine for MQL5 Multi-Core Optimizations,,2026-06-10T13:45Z,Tester,MetaTrader 5,[],CSV Data Analysis (): CSV Export Engine for MQL5 Multi-Core Optimizations,1,ok,,199a3e529322b19a46e7acdd6b57e235ecbab481fd6877364f032827d89d6f3c,md/22874.md,33415,8353
22875,https://www.mql5.com/en/articles/22875,Building a Traditional Point and Figure Indicator in MQL5,,2026-06-22T14:47Z,Indicators,MetaTrader 5,[],,,ok,,329265d3578f73d11f629ac1a7934286ce2cf65dc02cd8cdf390dc8873e5ee99,md/22875.md,49688,12422
22883,https://www.mql5.com/en/articles/22883,"Graph Theory: Network Flow of Commodities (Ford-Fulkerson Algorithm), Used as a Liquidity-Capacity Engine",,2026-06-17T11:16Z,Examples,MetaTrader 5,[],,,ok,,67d91b02a30c870c79f7bb93bc908b932faaa65c781bbe0742b7de696a1a7f24,md/22883.md,66288,16572
22884,https://www.mql5.com/en/articles/22884,Price Action Analysis Toolkit Development (Part 72): Building a Gap Fill Indicator in MQL5,,2026-06-17T12:33Z,Indicators,MetaTrader 5,[],Price Action Analysis Toolkit Development (): Building a Gap Fill Indicator in MQL5,72,ok,,60da34fc04f5173929cb759880a31cde0c0e2cd3cebde1c04827e6742831b420,md/22884.md,70222,17555
22901,https://www.mql5.com/en/articles/22901,MQL5 Wizard Techniques you should know (Part 94): Using Reservoir Sampling and Linear Regression in a Custom Trailing Stop Class,,2026-06-11T09:24Z,Trading systems,MetaTrader 5,[],MQL5 Wizard Techniques you should know (): Using Reservoir Sampling and Linear Regression in a Custom Trailing Stop Class,94,ok,,8669b69fc93fd4a3f7d75420fb534baea084236b2f66dcee2725b0ccdc90257f,md/22901.md,30560,7640
22902,https://www.mql5.com/en/articles/22902,CSV Data Analysis (Part 2): Building a Production-Grade CSV Export and Parsing Pipeline for Quantitative Strategy Analysis,,2026-06-11T08:47Z,Statistics and analysis,MetaTrader 5,[],CSV Data Analysis (): Building a Production-Grade CSV Export and Parsing Pipeline for Quantitative Strategy Analysis,2,ok,,1f383a40efb148a7851e280e8b961294e3b8c2a3a09cd8c8f83ce0720d2c4333,md/22902.md,52161,13040
22907,https://www.mql5.com/en/articles/22907,CSV Data Analysis (Part 3): Engineering a Python Analytics Pipeline for MetaTrader 5 CSV Exports,,2026-06-12T15:39Z,Statistics and analysis,MetaTrader 5,[],CSV Data Analysis (): Engineering a Python Analytics Pipeline for MetaTrader 5 CSV Exports,3,ok,,24e4714aa7c68c5217d70d4fc686ed6d3970283f90f82aa1b1e4e65c1a8bcaa6,md/22907.md,56733,14183
22912,https://www.mql5.com/en/articles/22912,"MetaTrader 5 Machine Learning Blueprint (Part 18): Sequential Bootstrap, Corrected — Clone, Class Erasure, and the Comparison Toolkit",,2026-06-29T14:49Z,Trading systems,MetaTrader 5,[],"MetaTrader 5 Machine Learning Blueprint (): Sequential Bootstrap, Corrected — Clone, Class Erasure, and the Comparison Toolkit",18,ok,,bc14def7a0bac44b57d49748a26171dcdb076af98c6de48fabc1cf229f6f2712,md/22912.md,48993,12248
22921,https://www.mql5.com/en/articles/22921,CSV Data Analysis (Part 4): Building an Automated Python-Driven Comparative Analysis Module for MQL5 Strategy Validation,,2026-06-16T12:09Z,Statistics and analysis,MetaTrader 5,[],CSV Data Analysis (): Building an Automated Python-Driven Comparative Analysis Module for MQL5 Strategy Validation,4,ok,,09bf08ab2d9ce4552c8a34fc587e5d6c9c84453336f55772d171ec8ba91c806e,md/22921.md,42154,10538
22923,https://www.mql5.com/en/articles/22923,MQL5 Trading Tools (Part 37): Adding a Per-Object Property-Editing Ribbon to the Canvas Drawing Layer,,2026-06-18T11:51Z,Trading systems,MetaTrader 5,[],MQL5 Trading Tools (): Adding a Per-Object Property-Editing Ribbon to the Canvas Drawing Layer,37,ok,,1a239e6271366e9299b401190a4febf2eb9a403a68509827347ed3e833c0ce09,md/22923.md,76886,19221
22927,https://www.mql5.com/en/articles/22927,Creating an EMA Crossover Forward Simulation (Culmination): Interactive Synthetic Candles,,2026-07-02T11:46Z,Examples,MetaTrader 5,[],,,ok,,0d40a26abc5ad45baa17355dfe25d0c3b8224404dbd56358b21efc692b5608c9,md/22927.md,57024,14256
22930,https://www.mql5.com/en/articles/22930,Building a Type-Safe Event Bus in MQL5: Decoupling EA Components Without Global Variables,,2026-06-12T14:07Z,Expert Advisors,MetaTrader 5,[],,,ok,,9fca5a025b4d014aadc539ef15d6e1852a57c66ee9f62c285a28e097943a3015,md/22930.md,26720,6680
22936,https://www.mql5.com/en/articles/22936,Implementing a Fluent Interface Builder Pattern for MQL5 Order Construction,,2026-06-12T14:15Z,Trading systems,MetaTrader 5,[],,,ok,,422870bd29fd49d544ac687f6f5b0017e562af6437bb8ab0a22b6b1be771065b,md/22936.md,36748,9187
22937,https://www.mql5.com/en/articles/22937,MQL5 Wizard Techniques you should know (Part 95): Using Disjoint Set Union and Deep Belief Network in a Custom Signal Class,,2026-06-12T14:23Z,Trading systems,MetaTrader 5,[],MQL5 Wizard Techniques you should know (): Using Disjoint Set Union and Deep Belief Network in a Custom Signal Class,95,ok,,8e7e5764a87a020905b41809041aa493e1316c716b6cd71b21d54624d0c36001,md/22937.md,32375,8093
22938,https://www.mql5.com/en/articles/22938,Market Microstructure in MQL5 (Part 5): Microstructure Noise,,2026-06-15T13:44Z,Indicators,MetaTrader 5,[],Market Microstructure in MQL5 (): Microstructure Noise,5,ok,,ff3759cee47d79ef7200ff92e040b4c81c2917e43b42e250734aefdb78233f24,md/22938.md,51256,12814
22939,https://www.mql5.com/en/articles/22939,Market Microstructure in MQL5 (Part 6): Order Flow,,2026-06-23T08:45Z,Indicators,MetaTrader 5,[],Market Microstructure in MQL5 (): Order Flow,6,ok,,162bd6fa3383115f2bc3cfb229132b9f76bedff05475846b4ed00bdb5f8b522e,md/22939.md,41509,10377
22940,https://www.mql5.com/en/articles/22940,Market Microstructure in MQL5 (Part 7): Regime Classification,,2026-07-01T11:16Z,Indicators,MetaTrader 5,[],Market Microstructure in MQL5 (): Regime Classification,7,ok,,08e2840c67af457c85c8a9eafedb29fcf6497957d800a01f0ab048300bf06d0f,md/22940.md,38069,9517
22942,https://www.mql5.com/en/articles/22942,How to Research a Trading Idea: A Range Breakout Strategy Case Study,,2026-07-31T10:36Z,Examples,MetaTrader 5,[],,,ok,,07ac6cab713dfe781c2ef64043672459f2df71077be1dc17cf21c598f605e0bd,md/22942.md,40061,10015
22947,https://www.mql5.com/en/articles/22947,A Generic Object Pool in MQL5: Eliminating Heap Fragmentation in High-Frequency Indicators,,2026-06-15T13:53Z,Trading systems,MetaTrader 5,[],,,ok,,d2efd4490a67eb58d10bc6fc80c9ae7dca752dee9feebacaaa7b89c9f160370a,md/22947.md,34486,8621
22950,https://www.mql5.com/en/articles/22950,Designing a Strategy State Machine in MQL5: Replacing Nested If-Else Logic with Formal States,,2026-06-25T15:37Z,Trading systems,MetaTrader 5,[],,,ok,,58933a54bce297dcc2a2be4d47d190ac23763d7f7e6acae78adaa25586cf882d,md/22950.md,55787,13946
22955,https://www.mql5.com/en/articles/22955,Lazy-Loading Indicator Handles in MQL5: A Resource Manager Pattern for Multi-Timeframe EAs,,2026-06-29T15:11Z,Trading systems,MetaTrader 5,[],,,ok,,f7d63df1a4d59874623a8ea6b5e29d7575bc512cf8804328ca2a4a4292a40c6e,md/22955.md,48277,12069
22958,https://www.mql5.com/en/articles/22958,The Repository Pattern in MQL5: Abstracting Trade History Access for Testable EA Logic,,2026-06-17T11:09Z,Statistics and analysis,MetaTrader 5,[],,,ok,,47263252fe72cd9e30f07e6c25f837ba9c96bc54466f7da6e4451dcf4847b84b,md/22958.md,71385,17846
22962,https://www.mql5.com/en/articles/22962,"Implementing the Decorator Pattern in MQL5: Adding Logging, Timing, and Filtering to Any Indicator Non-Invasively",,2026-06-19T10:15Z,Trading systems,MetaTrader 5,[],,,ok,,e95ebcdea90805e87ebef4a6b71325cc3d9c0ba4c2e4d4cd41009f31bd8932d7,md/22962.md,71914,17978
22963,https://www.mql5.com/en/articles/22963,Implementing Anchored VWAP Indicator in MQL5: A Step-by-Step Guide,,2026-08-11T14:08Z,Examples,MetaTrader 5,[],,,ok,,f50bbe2d39d44c3b7dffd3c4a16bc50d76a3739abbef93590fae9e45ce08f185,md/22963.md,84931,21232
22967,https://www.mql5.com/en/articles/22967,Building a Compile-Time Unit Testing Framework in MQL5 Using Preprocessor Assertions,,2026-08-31T09:26Z,Trading,MetaTrader 5,[],,,ok,,9afb6b3b3362cb1f0bcc6bdf1e94f5d93f372eb2c310f811edef0e2b40266a25,md/22967.md,82127,20531
22968,https://www.mql5.com/en/articles/22968,Building an Internal and External Market Structure Indicator,,2026-07-02T12:39Z,Indicators,MetaTrader 5,[],,,ok,,aec4b81a131bf6e40e97868eed0a1de4e5ac4da1a95e2bb11f780a797f34ffca,md/22968.md,70232,17558
22969,https://www.mql5.com/en/articles/22969,Creating an HTML Dashboard for Strategy Tester and Prop Firm Challenge Analysis in MQL5,,2026-06-30T08:27Z,Examples,MetaTrader 5,[],,,ok,,e08641b83c63e67fbdcf6d76432bd0ddec25df78ae74d9df6a1de772b15a69cc,md/22969.md,42974,10743
22977,https://www.mql5.com/en/articles/22977,MQL5 Trading Tools (Part 38): Adding a Tabbed Settings Window for Editing Object Properties,,2026-06-25T15:33Z,Trading systems,MetaTrader 5,[],MQL5 Trading Tools (): Adding a Tabbed Settings Window for Editing Object Properties,38,ok,,3df7277e41d8617a13417ed91184bb220ab413e8f2f443ba233a06b6e2738118,md/22977.md,100771,25192
22978,https://www.mql5.com/en/articles/22978,Rolling Sharpe Ratio with Statistical Significance Bands in MQL5,,2026-06-22T14:32Z,Indicators,MetaTrader 5,[],,,ok,,8565212615e7af2cefbba5bbf5f23a228b7fedfb7482b62121581374d9598b7c,md/22978.md,62298,15574
22990,https://www.mql5.com/en/articles/22990,Building an Object-Oriented Session VWAP Engine in MQL5,,2026-06-29T14:18Z,Trading systems,MetaTrader 5,[],,,ok,,b9a16d41f4004ef4c3de8144d85a3455461bab116dcd36b8e590edfad30c3071,md/22990.md,36718,9179
22992,https://www.mql5.com/en/articles/22992,MQL5 Trading Tools (Part 39): Adding a Pinned-Tools Ribbon for Quick Access to Favorite Tools,,2026-07-09T12:38Z,Trading systems,MetaTrader 5,[],MQL5 Trading Tools (): Adding a Pinned-Tools Ribbon for Quick Access to Favorite Tools,39,ok,,47daa1dab40fe44c2f520bcb48435d3ffdb97d698a1e572571456c010d8fe81b,md/22992.md,76592,19148
22993,https://www.mql5.com/en/articles/22993,Price Action Analysis Toolkit Development (Part 73): Building a Weekend Gap Trading Signal System in MQL5,,2026-06-18T11:36Z,Integration,MetaTrader 5,[],Price Action Analysis Toolkit Development (): Building a Weekend Gap Trading Signal System in MQL5,73,ok,,b7b4d528cb2c283c61b39ffd613387e1dba4ee3d9a8ef71fae163f6098706399,md/22993.md,73408,18352
22998,https://www.mql5.com/en/articles/22998,Measuring broker execution quality in MQL5: Why your live account doesn't match the backtest,,2026-08-11T10:49Z,Tester,MetaTrader 5,[],,,ok,,d4e85e4b0c6a5c3ba4c63cf3e00e36ce354c1ada04f23a9fcc85159bd70c9513,md/22998.md,45786,11446
23009,https://www.mql5.com/en/articles/23009,Encoding Candlestick Patterns (Part 3): Frequency Analysis for Single Candlestick Type Structure,,2026-06-24T10:22Z,Trading systems,MetaTrader 5,[],Encoding Candlestick Patterns (): Frequency Analysis for Single Candlestick Type Structure,3,ok,,8c6c2b8e7ee9598fef16c410dbb0f3e4c2f9a4e31992508ee590d53e9dcab1db,md/23009.md,46984,11746
23013,https://www.mql5.com/en/articles/23013,MQL5 Wizard Techniques you should know (Part 96): Using Wavelet Thresholding and LSTM Network in a Custom Money Management Class,,2026-06-17T11:12Z,Trading systems,MetaTrader 5,[],MQL5 Wizard Techniques you should know (): Using Wavelet Thresholding and LSTM Network in a Custom Money Management Class,96,ok,,00978c8999b276b36735999a541eccffa69500563f82d242109d10f2ac200da9,md/23013.md,37454,9363
23015,https://www.mql5.com/en/articles/23015,Price Action Analysis Toolkit Development (Part 74): Building an MQL5 Expert Advisor from Indicator Buffers,,2026-06-23T08:17Z,Trading systems,MetaTrader 5,[],Price Action Analysis Toolkit Development (): Building an MQL5 Expert Advisor from Indicator Buffers,74,ok,,d1315608deea747894e86e400453738e622831ce424be9ff4f7dd3bd8a2eb062,md/23015.md,48481,12120
23016,https://www.mql5.com/en/articles/23016,A Practical Kalman Filter Price Smoother in MQL5: Adaptive Noise Estimation Without External Libraries,,2026-06-22T14:01Z,Indicators,MetaTrader 5,[],,,ok,,5431ad1cb3c449fc1710a4e1d61f0b57f10dc404be2db43aa770166f2230e38f,md/23016.md,47902,11975
23033,https://www.mql5.com/en/articles/23033,From Static MA to Adaptive Filtering (Part 2): Implementing the SAMA_NLMS Indicator in MQL5,,2026-06-18T11:19Z,Indicators,MetaTrader 5,[],From Static MA to Adaptive Filtering (): Implementing the SAMA_NLMS Indicator in MQL5,2,ok,,fffc9522950b29fc04ceea4c8dcd4489e3da5029d36586c385a1897f42a89573,md/23033.md,35062,8765
23037,https://www.mql5.com/en/articles/23037,Shape of Price: An Introduction to TDA and Takens Embedding in MQL5,,2026-06-18T12:07Z,Trading,MetaTrader 5,[],,,ok,,a3e4a07d4a64758cc4793bded54c665894d217251be884a73d8ea34362f61741,md/23037.md,41311,10327
23043,https://www.mql5.com/en/articles/23043,Detecting Structural Breakpoints in Price Series Using CUSUM in MQL5 (Part 1): From Statistical Theory to a Working MQL5 Indicator,,2026-07-20T14:36Z,Indicators,MetaTrader 5,[],Detecting Structural Breakpoints in Price Series Using CUSUM in MQL5 (): From Statistical Theory to a Working MQL5 Indicator,1,ok,,b01772e91ceeab2225f1a1f34f14429a77bd7ec00fe2984e5b9a4e0c63296b2a,md/23043.md,44731,11182
23049,https://www.mql5.com/en/articles/23049,Building a Hierarchical Market Structure Framework (Prototype) in MQL5 Using Modular Architecture and Event-Driven Design,Stanley Kimathi Kibaara,2026-07-21T08:57Z,Indicators,MetaTrader 5,[],,,ok,,2e86d9f6f85f17ab8be137c3d9e436a7ba32fe466b2fff9a4e65c77aeb2593a7,md/23049.md,72854,18213
23055,https://www.mql5.com/en/articles/23055,MQL5 Wizard Techniques you should know (Part 97): Using Convex Hull and a miniature GRU Network in a Custom Trailing Stop Class,,2026-06-19T12:23Z,Trading systems,MetaTrader 5,[],MQL5 Wizard Techniques you should know (): Using Convex Hull and a miniature GRU Network in a Custom Trailing Stop Class,97,ok,,22f1779eca9c901a933e9d9d9519f7a29e87a15c891ceeff596fda07fa7f3c59,md/23055.md,40326,10081
23065,https://www.mql5.com/en/articles/23065,CSV Data Analysis (Part 5): Real-Time CSV Streaming from Live MetaTrader 5 Sessions,,2026-06-24T10:17Z,Expert Advisors,MetaTrader 5,[],CSV Data Analysis (): Real-Time CSV Streaming from Live MetaTrader 5 Sessions,5,ok,,513d21a32cc433ca82e67a42960ad309b9f82afa821a72a24bfd0a64ffb327b6,md/23065.md,56416,14104
23067,https://www.mql5.com/en/articles/23067,CSV Data Analysis (Part 6): Multi-Broker Result Normalization and Cross-Platform CSV Reconciliation,,2026-07-07T08:01Z,Statistics and analysis,MetaTrader 5,[],CSV Data Analysis (): Multi-Broker Result Normalization and Cross-Platform CSV Reconciliation,6,ok,,239114e64356dccd1c3b3a926f0129f9765b0285229337a97a67cbddeccd302e,md/23067.md,44220,11055
23070,https://www.mql5.com/en/articles/23070,Trust Your Backtest Data First: Building a Reproducible Historical Data Audit in Python for MetaTrader 5,Jan Kahlert,2026-07-21T08:49Z,Tester,MetaTrader 5,[],,,ok,,e41a6e7a3f7ccea46f400e8099ae23c792fe3fd117736118275b558b6644ecd0,md/23070.md,33048,8262
23077,https://www.mql5.com/en/articles/23077,Feature Engineering for ML (Part 8): Entropy Features in MQL5,,2026-06-30T14:41Z,Trading systems,MetaTrader 5,[],Feature Engineering for ML (): Entropy Features in MQL5,8,ok,,841bdf9d41b76366fd99a33ab61e09312dc309a82f2f660c4bedaaf7a081cf9e,md/23077.md,40109,10027
23079,https://www.mql5.com/en/articles/23079,Interactive Supply and Demand Zone Manager in MQL5 (Part II): Event-Driven Architecture and Persistent Lifecycle Logging,,2026-06-25T11:10Z,Examples,MetaTrader 5,[],,,ok,,8e46897bafc2ce8f7814fde84d4040203d2518c7f8ce0a6ac4402cab4da8ac14,md/23079.md,45557,11389
23093,https://www.mql5.com/en/articles/23093,Building Automated Daily Trading Reports with the SendMail Function,,2026-07-07T08:05Z,Expert Advisors,MetaTrader 5,[],,,ok,,9022bb08a3b8274d745d208aede8dbe9cfa33e307e5d09c148df7f6d18907c41,md/23093.md,37023,9255
23096,https://www.mql5.com/en/articles/23096,Measuring What Matters (Part 1) : Portfolio Risk Decomposition in MQL5,,2026-06-30T14:47Z,Examples,MetaTrader 5,[],Measuring What Matters () : Portfolio Risk Decomposition in MQL5,1,ok,,c33c9bde1d77496d65e793839b7b8411256edf8ca8380016f9bbe1a27f5d9f65,md/23096.md,37661,9415
23100,https://www.mql5.com/en/articles/23100,Engineering Trading Discipline into Code (Part 8): Building a Setup Confirmation and Trade Authorization Layer in MQL5,,2026-06-30T14:50Z,Trading systems,MetaTrader 5,[],Engineering Trading Discipline into Code (): Building a Setup Confirmation and Trade Authorization Layer in MQL5,8,ok,,d2f5937f9c0750a630adb4ebf53f80e8820e78e42e71b0d5189386862d2a5db2,md/23100.md,76184,19046
23103,https://www.mql5.com/en/articles/23103,Detecting Structural Breakpoints in Price Series Using CUSUM in MQL5 (Part 2): Implementing the Detector as a Native MQL5 Indicator,,2026-08-14T13:12Z,Indicators,MetaTrader 5,[],Detecting Structural Breakpoints in Price Series Using CUSUM in MQL5 (): Implementing the Detector as a Native MQL5 Indicator,2,ok,,55e143fb0b36d4adb506c9a4a4b525daf29f04a379a1e3322b574f4a18c4a5fd,md/23103.md,49681,12420
23105,https://www.mql5.com/en/articles/23105,How to Detect and Normalize Chart Objects in MQL5 (Part 4): Fully Automated Analytical Objects System,,2026-08-06T11:40Z,Examples,MetaTrader 5,[],How to Detect and Normalize Chart Objects in MQL5 (): Fully Automated Analytical Objects System,4,ok,,4073eb4007a68e8c02b9438876000cbe3cc520fb8c50576be390595307c16fa9,md/23105.md,52671,13167
23106,https://www.mql5.com/en/articles/23106,From Cloud to Complex: The Vietoris-Rips Filtration in MQL5,,2026-06-25T11:31Z,Trading,MetaTrader 5,[],,,ok,,d221f8883e5a417bec21d512d7a79fb61740e8f6427c450f21db5ba8066c6615,md/23106.md,40161,10040
23112,https://www.mql5.com/en/articles/23112,MQL5 Wizard Techniques you should know (Part 98): Using an Unscented Kalman Filter and a Capsule Network in a Custom Signal Class,,2026-06-24T10:30Z,Trading systems,MetaTrader 5,[],MQL5 Wizard Techniques you should know (): Using an Unscented Kalman Filter and a Capsule Network in a Custom Signal Class,98,ok,,87f7204adacaa94662a8a29d76cb4b90131b10ed322b16c3a9fd729a958dec58,md/23112.md,38909,9727
23120,https://www.mql5.com/en/articles/23120,MQL5 Trading Tools (Part 40): Adding SQLite Persistence and Per-Timeframe Visibility to the Canvas Drawing Layer,,2026-07-14T11:46Z,Trading systems,MetaTrader 5,[],MQL5 Trading Tools (): Adding SQLite Persistence and Per-Timeframe Visibility to the Canvas Drawing Layer,40,ok,,14e233918460d73cb022a81c052e53675e4b81ac24c5d6380c7639364ae29be7,md/23120.md,96486,24121
23125,https://www.mql5.com/en/articles/23125,CSV Data Analysis (Part 7): Statistical Robustness Testing on MQL5 CSV Exports with Monte Carlo Simulation,,2026-07-30T08:42Z,Statistics and analysis,MetaTrader 5,[],CSV Data Analysis (): Statistical Robustness Testing on MQL5 CSV Exports with Monte Carlo Simulation,7,ok,,f31797c8f8fc5299050aa370788f938e93b5ec9e88bba481bc924e5088406afa,md/23125.md,63197,15799
23127,https://www.mql5.com/en/articles/23127,The MQL5 Standard Library Explorer (Part 13): Implementing the Math Solvers Library in Trading,,2026-06-26T08:17Z,Examples,MetaTrader 5,[],The MQL5 Standard Library Explorer (): Implementing the Math Solvers Library in Trading,13,ok,,ee12d22f75e613c0b0ab0d20d481ff9efc4b955f8675f4839fd8c4baae36a953,md/23127.md,53626,13406
23130,https://www.mql5.com/en/articles/23130,Linear Regression Prediction Channels in MQL5: Constructing Statistically Grounded Confidence and Prediction Bands,,2026-06-26T08:23Z,Indicators,MetaTrader 5,[],,,ok,,f95497e88ee95caa28a6011be5cdbd23cbabd51bc9023f8d589b547f4880a4d4,md/23130.md,94303,23575
23137,https://www.mql5.com/en/articles/23137,MetaTrader 5 Machine Learning Blueprint (Part 19): Bagging Regimes,,2026-07-20T11:14Z,Trading systems,MetaTrader 5,[],MetaTrader 5 Machine Learning Blueprint (): Bagging Regimes,19,ok,,b81b59b85ea6ed2ace96825e2329e9e4aa3b7c1b95de622eac99573afa1cd7b6,md/23137.md,31438,7859
23141,https://www.mql5.com/en/articles/23141,Automating Trading Strategies in MQL5 (Part 49): The Quasimodo (QM) Reversal Pattern,,2026-07-01T11:11Z,Trading,MetaTrader 5,[],Automating Trading Strategies in MQL5 (): The Quasimodo (QM) Reversal Pattern,49,ok,,e22646fb1bd666af00647ed59fa8b1fcf4f36e02ac4431ff1f75d31290ee073d,md/23141.md,101813,25453
23144,https://www.mql5.com/en/articles/23144,MQL5 Wizard Techniques you should know (Part 99): Using a KD-Tree and an Echo State Network in a Custom Money Management Class,,2026-06-30T10:33Z,Trading systems,MetaTrader 5,[],MQL5 Wizard Techniques you should know (): Using a KD-Tree and an Echo State Network in a Custom Money Management Class,99,ok,,a6241efb09ce00dfc27eb356f790ba6ee7c63759daef673aa93a9e4056e4c6fe,md/23144.md,39977,9994
23149,https://www.mql5.com/en/articles/23149,Digital Signal Processing for Traders: Building Ehlers' Filter Library in MQL5,,2026-07-01T13:03Z,Trading systems,MetaTrader 5,[],,,ok,,66e7473137e04fd6372323ffb407e74cbc7407c271c817e1f81dfd14cf2464c2,md/23149.md,42625,10656
23155,https://www.mql5.com/en/articles/23155,Automating Trading Strategies in MQL5 (Part 50): Turtle Soup Liquidity Sweeps,,2026-07-10T12:09Z,Trading,MetaTrader 5,[],Automating Trading Strategies in MQL5 (): Turtle Soup Liquidity Sweeps,50,ok,,a35a1bd46214c7fca17b9f9740a38eb69ced988bc734f2da6e6fbb934653ca04,md/23155.md,74830,18707
23156,https://www.mql5.com/en/articles/23156,Persistent Key-Value Store in MQL5: Using Flat Files as a Lightweight Database for EA State,,2026-06-30T11:09Z,Trading systems,MetaTrader 5,[],,,ok,,1e5702de27bb91fd35235507155b41f2af17990cb49d3bfab91e669ac754c0fc,md/23156.md,97659,24414
23158,https://www.mql5.com/en/articles/23158,Feature Engineering for ML (Part 9): Structural Break Tests in Python,,2026-07-03T12:58Z,Trading systems,MetaTrader 5,[],Feature Engineering for ML (): Structural Break Tests in Python,9,ok,,360fb8f878d60cc678a3aa11aa68357da448302dbcd04e0b56326a1f7df09c4e,md/23158.md,35944,8986
23159,https://www.mql5.com/en/articles/23159,Feature Engineering for ML (Part 10): Structural Break Tests in MQL5,,2026-07-06T11:43Z,Trading systems,MetaTrader 5,[],Feature Engineering for ML (): Structural Break Tests in MQL5,10,ok,,69b98308b3bb6035b04f9cfe9d63f21695d9b000281188dda66b20e75c05afab,md/23159.md,42199,10549
23161,https://www.mql5.com/en/articles/23161,Building a Divergence System (Part II): Adaptive SuperTrend Custom Indicator,,2026-07-10T14:15Z,Trading,MetaTrader 5,[],,,ok,,88276e1514cbb6c9ce40501dd022166a908fe2d9b904f3bc272319bc8bf347a2,md/23161.md,54070,13517
23168,https://www.mql5.com/en/articles/23168,Heatmap Visualization of Intraday Return Patterns in MQL5 Using CCanvas,,2026-07-01T11:20Z,Indicators,MetaTrader 5,[],,,ok,,5820c4f3fe13de6f6913d0eead6ce95179ba0cbaf4f31528bd27447622b03e94,md/23168.md,73422,18355
23169,https://www.mql5.com/en/articles/23169,Automatic Session Volume Profile Builder in MQL5: Rendering POC and Value Area Without Third-Party Tools,,2026-07-02T11:35Z,Indicators,MetaTrader 5,[],,,ok,,ed077655be5326feab6f938e7c979d61505479d7522598d4a3e1624da8ca45ec,md/23169.md,95511,23877
23171,https://www.mql5.com/en/articles/23171,"Building Volatility Models in MQL5 (Part IV): Implementing Long Memory Volatility Processes, FIGARCH, and HARCH",,2026-07-03T08:34Z,Examples,MetaTrader 5,[],,,ok,,ced2b0099c6a0c1aed145e4cfb78b77a1e1ba8f5df49f36142918e1889e4059e,md/23171.md,134646,33661
23175,https://www.mql5.com/en/articles/23175,Beyond Maximum Drawdown: Building a Drawdown DNA Analyzer in MQL5,,2026-07-03T08:37Z,Statistics and analysis,MetaTrader 5,[],,,ok,,a7acd722f7d0a1b16ee93ce69ef29be57a8b002f720a97a8d6f5b5f3013b3019,md/23175.md,50567,12641
23177,https://www.mql5.com/en/articles/23177,Integrating MQL5 with Data Processing Packages (Part 10): Deploying Python AutoML Pipelines for Strategy Testing,,2026-08-11T14:15Z,Examples,MetaTrader 5,[],Integrating MQL5 with Data Processing Packages (): Deploying Python AutoML Pipelines for Strategy Testing,10,ok,,95affd7cbef9f862aa7059f60fd39a5ff316abd960581e9fde8ce3c217199109,md/23177.md,73717,18429
23178,https://www.mql5.com/en/articles/23178,Creating a Profit Concentration Analyzer in MQL5,,2026-07-21T09:10Z,Statistics and analysis,MetaTrader 5,[],,,ok,,44dbdffd82f75fbf4e6d2e0f7997a6622edf20dce9a83c484666e27547a46186,md/23178.md,50089,12522
23191,https://www.mql5.com/en/articles/23191,How to Detect and Normalize Chart Objects in MQL5 (Part 5): Fibonacci in Focus,,2026-08-14T05:34Z,Examples,MetaTrader 5,[],How to Detect and Normalize Chart Objects in MQL5 (): Fibonacci in Focus,5,ok,,3008aedad9ea39195b5dd90efa7379f94b80df269d53b551601b9ce4db9b333a,md/23191.md,59167,14791
23192,https://www.mql5.com/en/articles/23192,The MQL5 Standard Library Explorer (Part 14): Building a Dynamic Hedge EA with the ALGLIB Port (ap.mqh),,2026-07-22T11:30Z,Examples,MetaTrader 5,[],The MQL5 Standard Library Explorer (): Building a Dynamic Hedge EA with the ALGLIB Port (ap.mqh),14,ok,,5a2045a0745033e47252d30ae22df05126531165bfa6584aa3a74e426ba9574a,md/23192.md,67315,16828
23193,https://www.mql5.com/en/articles/23193,Overcoming Accessibility Problems in MQL5 Trading Tools (Part VI): Neural Command Integration,,2026-07-08T11:07Z,Examples,MetaTrader 5,[],,,ok,,bacfdc1b4b5fa99a2a99de83c527f4c7303e3abb870aa6957a4d032d9df38575,md/23193.md,46494,11623
23197,https://www.mql5.com/en/articles/23197,Reimagining Classic Strategies (Part 22): Ensemble Mean Reverting Strategy,,2026-07-10T12:06Z,Examples,MetaTrader 5,[],Reimagining Classic Strategies (): Ensemble Mean Reverting Strategy,22,ok,,0379e3f6590018ae8474eb919f484184ea94e19297a270a0555edf86de1c270e,md/23197.md,41550,10387
23198,https://www.mql5.com/en/articles/23198,Building a Viewport SnR Volume Profile Indicator in MQL5,,2026-07-03T13:03Z,Examples,MetaTrader 5,[],,,ok,,7c5c167787ade8560e522ac9de2b6f2e02c6c2d60665e7d08565228fc072a127,md/23198.md,41692,10423
23199,https://www.mql5.com/en/articles/23199,Building a Broker-Agnostic Symbol Resolution Layer in MQL5,,2026-07-08T11:19Z,Trading systems,MetaTrader 5,[],,,ok,,2e0447b454094ce7026e613480d1274cabfca7504a1f62c5727d06299392ea98,md/23199.md,76782,19195
23200,https://www.mql5.com/en/articles/23200,Creating an Interactive Portfolio Analyzer Dashboard with CCanvas in MQL5,,2026-07-17T09:14Z,Statistics and analysis,MetaTrader 5,[],,,ok,,30dc789e7f70c1738d0a8fa605755dbdd3a4c789cb81876bf19c3e4a344adf75,md/23200.md,41033,10258
23202,https://www.mql5.com/en/articles/23202,MQL5 Wizard Techniques you should know (Part 100): Sliding Window Median and Bidirectional LSTM for a Custom Trailing Stop,,2026-07-02T11:41Z,Trading systems,MetaTrader 5,[],MQL5 Wizard Techniques you should know (): Sliding Window Median and Bidirectional LSTM for a Custom Trailing Stop,100,ok,,d259cfc3ebf46631fc1418a712166d0673b6258bf23cef467a73199f972bb634,md/23202.md,40378,10094
23204,https://www.mql5.com/en/articles/23204,MQL5 Bootstrap (II): Essential Validators for Robust Trading Systems,,2026-07-09T12:43Z,Trading,MetaTrader 5,[],,,ok,,260d3a3c25999f6e97e06ed35e1dcb7ef399d816d3735a1fdd6d6606d7e52efd,md/23204.md,50488,12622
23217,https://www.mql5.com/en/articles/23217,Detecting and Visualizing Outlier Bars in MQL5 Using Modified Z-Score on OHLCV Features,,2026-07-07T08:20Z,Indicators,MetaTrader 5,[],,,ok,,40a1af7af0af758af9a7ce0bef42517ff0f6e6961f2ed31cc33217436a56078c,md/23217.md,81471,20367
23224,https://www.mql5.com/en/articles/23224,Building a Traditional Daily Pivot Point Indicator in MQL5,,2026-07-14T11:39Z,Indicators,MetaTrader 5,[],,,ok,,f32cff983fbaaef2f4128894203d088bde3a28ed1fd42ffd5db840d4d53228fd,md/23224.md,50898,12724
23226,https://www.mql5.com/en/articles/23226,Low-Frequency Quantitative Strategies in MetaTrader 5 (Part 4): A Volatility-Adjusted Momentum-Based Intraday System,,2026-07-06T11:52Z,Trading systems,MetaTrader 5,[],Low-Frequency Quantitative Strategies in MetaTrader 5 (): A Volatility-Adjusted Momentum-Based Intraday System,4,ok,,caa7e05fb394957982a63578ea9043f2be2eb2a91fa6f1c680435045e987ebfd,md/23226.md,54777,13694
23233,https://www.mql5.com/en/articles/23233,Persistent Homology in MQL5: The Reduction Algorithm and the Persistence Diagram,,2026-07-08T11:12Z,Trading,MetaTrader 5,[],,,ok,,ede7442e1f2babc40ea8cb6ba856bbf34f6ed39a8a618cf3646d7ba4f295b0cb,md/23233.md,37502,9375
23245,https://www.mql5.com/en/articles/23245,Where should your stop-loss really sit? An MAE/MFE excursion analyzer in MQL5,Silvina Duarte,2026-07-30T14:41Z,Trading,MetaTrader 5,[],,,ok,,ff49d283ec639b638114b4d6022ee203b8918a6f86338936d85fada5f490bee6,md/23245.md,34443,8610
23250,https://www.mql5.com/en/articles/23250,Implementing Walk-Forward Efficiency Ratio Scoring in MQL5 to Detect Over-Optimized Strategies,,2026-07-09T11:02Z,Statistics and analysis,MetaTrader 5,[],,,ok,,001a85561486bc082dfc26be71cd4f25203f8390ac6749cdc05122eb9a5704e4,md/23250.md,45686,11421
23254,https://www.mql5.com/en/articles/23254,How To Profile MQL5 Code in MetaEditor,,2026-07-21T09:21Z,Indicators,MetaTrader 5,[],,,ok,,b72dc83e892b14207eb56d309dc3753a89369efffed446729438b1f492481850,md/23254.md,36462,9115
23263,https://www.mql5.com/en/articles/23263,Encoding Candlestick Patterns (Part 4): Frequency Analysis for Double-Candlestick Structures,,2026-07-15T17:20Z,Trading systems,MetaTrader 5,[],Encoding Candlestick Patterns (): Frequency Analysis for Double-Candlestick Structures,4,ok,,80629b61a53f5d543a3957bb3f496ecbc6a330e3c2f7a500f16c7d92d625fedf,md/23263.md,42210,10552
23276,https://www.mql5.com/en/articles/23276,How to Connect AI Agents to MQL5 Algo Forge via MCP,,2026-07-09T12:47Z,Integration,MetaTrader 5,[],,,ok,,44288cb47060f19166e16f891979291bd3bd2e207259e08782b6701d15074bfc,md/23276.md,48481,12120
23278,https://www.mql5.com/en/articles/23278,Extreme Value Theory in MQL5: Building a Tail-Risk Crash Gauge Beyond Monte Carlo VaR,,2026-07-10T12:03Z,Indicators,MetaTrader 5,[],,,ok,,50485eb2b2e35e7bf234b98f52e9ba690a93f7f8fbfa4ecafda593ffe6146400,md/23278.md,46103,11525
23280,https://www.mql5.com/en/articles/23280,CSV Data Analysis (Part 8): Building an SQLite Strategy Registry from Accumulated CSV Exports,,2026-08-18T14:37Z,Statistics and analysis,MetaTrader 5,[],CSV Data Analysis (): Building an SQLite Strategy Registry from Accumulated CSV Exports,8,ok,,b11f1d2a0ba7710cb471676fdf8f17c33bb687ba641e9b1cc61cffcd5512ce39,md/23280.md,72102,18025
23286,https://www.mql5.com/en/articles/23286,Persistence Entropy as a Market Regime Indicator in MQL5,,2026-07-15T17:35Z,Trading,MetaTrader 5,[],,,ok,,236da331d47fbf40d4fa4e54408dd7ebbe2b8dba611abcc4f6eb959cf5fe57ea,md/23286.md,41280,10320
23298,https://www.mql5.com/en/articles/23298,From Novice to Expert: Systematic Profit Conservation Using Candle Range Theory,,2026-08-12T12:56Z,Examples,MetaTrader 5,[],,,ok,,d82ea7b30b5c575553618b681ee7dbdd2c6ee67218ad5fa6903e3c1e193c99e3,md/23298.md,62729,15682
23299,https://www.mql5.com/en/articles/23299,Execution Cost and Slippage Sensitivity Analyzer,,2026-07-23T11:11Z,Statistics and analysis,MetaTrader 5,[],,,ok,,56a2e835692fe9b03480a556e8392c9c2c8f0dab8c677a0fcc58609045a3e040,md/23299.md,47035,11758
23301,https://www.mql5.com/en/articles/23301,Implementing a Circular Buffer Class in MQL5: Fixed-Memory Rolling Windows for Real-Time Indicator Calculations,,2026-07-10T14:05Z,Indicators,MetaTrader 5,[],,,ok,,50adeab1bb31a53dd0e989de32652293bd272a7527637ec1f0101c03a16b2f85,md/23301.md,73902,18475
23304,https://www.mql5.com/en/articles/23304,Foundation Models for Trading (Part I): Porting Kronos to Native MQL5,,2026-07-17T14:56Z,Trading systems,MetaTrader 5,[],,,ok,,4fc59d73ea08ffc4331c48d9f45d912746aeb99101a77a48759394e3784edaf7,md/23304.md,57713,14428
23310,https://www.mql5.com/en/articles/23310,Beyond the Clock (Part 4): Efficacy of Bars on Trending and Mean-Reversion Strategies,,2026-07-17T14:43Z,Examples,MetaTrader 5,[],Beyond the Clock (): Efficacy of Bars on Trending and Mean-Reversion Strategies,4,ok,,2470efba21ca530c88efb51bd2dce4335b47dd777449be14959f5fd60b37ca1f,md/23310.md,34337,8584
23312,https://www.mql5.com/en/articles/23312,How to Test and Customize Built-in MQL5 Programs:  Custom BullishBearish MeetingLines Stoch Expert Advisor,,2026-07-27T14:25Z,Examples,MetaTrader 5,[],,,ok,,f2deb622fd6d8a057594c683731e4f78f80194d3e8e7000808e81650e0b7eaaf,md/23312.md,38909,9727
23314,https://www.mql5.com/en/articles/23314,Measuring What Matters (Part 2): Building the Covariance Matrix: Eigenvalue Decomposition and Risk Factor Analysis in MQL5,,2026-07-14T11:42Z,Examples,MetaTrader 5,[],Measuring What Matters (): Building the Covariance Matrix: Eigenvalue Decomposition and Risk Factor Analysis in MQL5,2,ok,,e14bd619e88b510edde383c7352bbac1bfc4a0d6e4663798a3949d82a9c62cd8,md/23314.md,43945,10986
23315,https://www.mql5.com/en/articles/23315,OrderSend retries and circuit breaker in MQL5,,2026-07-13T11:46Z,Trading systems,MetaTrader 5,[],,,ok,,036c1dd66055f2f40b82c7a062928db4a74e54e95b26fdd4f2afb9b57d801cf7,md/23315.md,91233,22808
23320,https://www.mql5.com/en/articles/23320,Strategy Configuration via External JSON Files in MQL5: Replacing Input Parameters with a Runtime Config Loader,,2026-07-13T12:00Z,Trading systems,MetaTrader 5,[],,,ok,,a685d8050e4734689a181f7fcbe934e7b0b51306cb926e184ef5fb68124400b5,md/23320.md,60251,15062
23322,https://www.mql5.com/en/articles/23322,Exponentially Weighted Covariance Matrix in MQL5: Building an Adaptive Correlation Monitor for Multi-Symbol EAs,,2026-07-17T09:10Z,Trading systems,MetaTrader 5,[],,,ok,,a9e7fe3f1fd9d327e7106cc1f20440c926139df2f5500c427318eabf880eadfc,md/23322.md,60405,15101
23327,https://www.mql5.com/en/articles/23327,Broker Reality Check (Part 1): Why Your EA Works on a Demo and Breaks on a Client's Broker,,2026-07-23T08:43Z,Examples,MetaTrader 5,[],Broker Reality Check (): Why Your EA Works on a Demo and Breaks on a Client's Broker,1,ok,,efdc737aaf4e6b6d581a6469a3da06a189b0ecad08b6841cf1e3a76ac0973da2,md/23327.md,30889,7722
23328,https://www.mql5.com/en/articles/23328,Comparing Trade Return Distributions with Mann-Whitney U in MQL5,,2026-07-27T14:22Z,Statistics and analysis,MetaTrader 5,[],,,ok,,5294000c1130b470a60f341661a47352d588fd38219b58d7d55bc9d33e6cedd0,md/23328.md,56561,14140
23335,https://www.mql5.com/en/articles/23335,Online Linear Regression with Recursive Least Squares in MQL5: A Parameter-Free Adaptive Trend Estimator,,2026-07-22T09:00Z,Indicators,MetaTrader 5,[],,,ok,,f7655bbece819e877e853a86505b1933ee9a5b8362babfb7a729c9323a5934b0,md/23335.md,46439,11609
23341,https://www.mql5.com/en/articles/23341,Building an Object-Oriented Order Block Engine in MQL5,,2026-07-15T17:26Z,Trading systems,MetaTrader 5,[],,,ok,,53dc8fbcd606fa41aac0c15be2503fdfcb9d56b2eaf4dca0d125c17da6ba2fc1,md/23341.md,33846,8461
23346,https://www.mql5.com/en/articles/23346,"Interactive Supply and Demand Zone Manager in MQL5 (Part III): Zone Analysis, Stateful Interaction, and Pending Event Management",,2026-07-16T12:00Z,Examples,MetaTrader 5,[],,,ok,,f947ad17900143f83ab35d8389796ac93fed2aab42cf9fdf97557bd33a70e929,md/23346.md,62688,15672
23351,https://www.mql5.com/en/articles/23351,Entropy-Based Market Efficiency Indicator in MQL5: Measuring Randomness in Price Returns Using Approximate Entropy,,2026-07-17T14:54Z,Indicators,MetaTrader 5,[],,,ok,,10f4d359cc6db6bb7b797b36c734e260bca5fe68dc99c2581a990cbf93738c21,md/23351.md,64812,16203
23352,https://www.mql5.com/en/articles/23352,Price Action Analysis Toolkit Development (Part 75): Building a Modular Multi-Symbol Trading Panel in MQL5,,2026-07-24T09:28Z,Examples,MetaTrader 5,[],Price Action Analysis Toolkit Development (): Building a Modular Multi-Symbol Trading Panel in MQL5,75,ok,,138b70473f99e70832db46b7a10c7149e0218b25d51aa50696ae8e883d9f4c11,md/23352.md,80799,20199
23355,https://www.mql5.com/en/articles/23355,Adaptive Spread Monitoring and Order Gating in MQL5,,2026-07-28T08:23Z,Trading systems,MetaTrader 5,[],,,ok,,a080af9fb76085f1f466b2f018e1c22316d5bc9d71a8c66d48eb8f50cff0392f,md/23355.md,67255,16813
23361,https://www.mql5.com/en/articles/23361,Building a Synthetic Custom Symbol in MQL5 Using Multi-Symbol Price Averaging,,2026-07-17T14:47Z,Expert Advisors,MetaTrader 5,[],,,ok,,a54f60dd811c396218bdacf6db953ed206c6d46ae46cae588adcd21a6862dfaa,md/23361.md,48476,12119
23372,https://www.mql5.com/en/articles/23372,Market Microstructure in MQL5 (Part 8): Micro-Trend Strength,,2026-07-20T14:32Z,Indicators,MetaTrader 5,[],Market Microstructure in MQL5 (): Micro-Trend Strength,8,ok,,173a7a7e29ad867a240272d97b56314b65c843b6e811f90033eee0d0a8459b51,md/23372.md,54420,13605
23374,https://www.mql5.com/en/articles/23374,Building a Correlation-Aware Portfolio Risk Monitor in MQL5,,2026-07-24T09:31Z,Examples,MetaTrader 5,[],,,ok,,aa2908acb4db5c64598b728b6b071d8dc33c40bb17d29be41feda5c3846862b8,md/23374.md,72373,18093
23385,https://www.mql5.com/en/articles/23385,From Option Chain to 3D Volatility Surface in MetaTrader 5,,2026-07-16T12:04Z,Trading,MetaTrader 5,[],,,ok,,f2068bbb1395797f64cf3ede179f438f7a5f030a65bddbbf397350294d3edbf0,md/23385.md,69107,17276
23387,https://www.mql5.com/en/articles/23387,Constructing a Trade Replay Engine in MQL5: Stepping Through Historical Trades Bar by Bar for Manual Review,,2026-07-22T11:13Z,Statistics and analysis,MetaTrader 5,[],,,ok,,9210b085818b0a4341db2d230137583c3f0c459123650da484cc0ada6d2084c3,md/23387.md,74916,18729
23388,https://www.mql5.com/en/articles/23388,A Symbol Metadata and Trading Hours Cache in MQL5: Eliminating Redundant SymbolInfo Calls in Multi-Symbol EAs,,2026-07-23T08:56Z,Trading systems,MetaTrader 5,[],,,ok,,3b2395f35de949ddffcb2f7304f7c4b601c0db0e5b699e2dfa7c31e84cf91d89,md/23388.md,65498,16374
23391,https://www.mql5.com/en/articles/23391,Building an Interactive AnchorFlow Volume Profile Indicator (MTF) in MQL5,,2026-07-20T11:10Z,Examples,MetaTrader 5,[],,,ok,,0b19ef7cbd07fd2f6abc64f0e51de9b2dd26522610f406410d9b5ade570e7465,md/23391.md,51654,12913
23403,https://www.mql5.com/en/articles/23403,Building a JSON Trade Report Exporter in Pure MQL5,,2026-07-29T08:56Z,Trading systems,MetaTrader 5,[],,,ok,,669f232e3d78d9c9699c1ee75594731125fbc1c7f94af8f3205bc4ef08661c42,md/23403.md,62415,15603
23405,https://www.mql5.com/en/articles/23405,Self Optimizing Expert Advisors in MQL5 (Part 18): Time Lagged Independent Components Analysis,,2026-08-20T13:59Z,Examples,MetaTrader 5,[],Self Optimizing Expert Advisors in MQL5 (): Time Lagged Independent Components Analysis,18,ok,,4cbf8e90f8a2b353172e9d1d1e40cd65a94abb24f12737ab426280362a027ca3,md/23405.md,68957,17239
23410,https://www.mql5.com/en/articles/23410,"Mapping Dealer Gamma Exposure (GEX) in MetaTrader 5: Walls, the Zero-Gamma Flip, and a Chart Overlay",,2026-07-22T11:16Z,Trading systems,MetaTrader 5,[],,,ok,,04a1ea8c0c5f0cc91c201602d715f188aa495b7b1ea4dc0a66873adf098e6df7,md/23410.md,68586,17146
23415,https://www.mql5.com/en/articles/23415,Exporting MetaTrader 5 Open Positions to a Live-Refreshing HTML Dashboard,,2026-07-31T10:31Z,Trading systems,MetaTrader 5,[],,,ok,,b08a002f7e80f92e2c3004605b49270e72b60af177fba6ac38c77679f8b6db4d,md/23415.md,86923,21730
23426,https://www.mql5.com/en/articles/23426,Defining your Edge (Part 1): Using a Discrete Fourier Transform and a Spiking Neural Network in a Trading Robot,,2026-07-24T14:32Z,Trading systems,MetaTrader 5,[],Defining your Edge (): Using a Discrete Fourier Transform and a Spiking Neural Network in a Trading Robot,1,ok,,89fcd3b1d31e16c8a074261c7ec0b155c10efd345b573e8763f3331d6fc0b90e,md/23426.md,37302,9325
23429,https://www.mql5.com/en/articles/23429,Building Your Personal Expert Advisor (Part 1): From Fragile Script to Working EA,,2026-08-04T14:22Z,Examples,MetaTrader 5,[],Building Your Personal Expert Advisor (): From Fragile Script to Working EA,1,ok,,5affe9f416cac59d440a052a8a39bc4addfa57766a7cd6042a02407e7ec70436,md/23429.md,56730,14182
23440,https://www.mql5.com/en/articles/23440,Measuring What Matters (Part 3): The Reconstruction Engine — Validating Risk Footprints with Matrix Algebra,,2026-08-14T13:16Z,Examples,MetaTrader 5,[],Measuring What Matters (): The Reconstruction Engine — Validating Risk Footprints with Matrix Algebra,3,ok,,f81a7fee45167b3966a4fe603dc6ab1c604de62a5917a268d7eb8be4e1f8a57b,md/23440.md,42303,10575
23443,https://www.mql5.com/en/articles/23443,Automated Trade Statement Exporter to Excel-Compatible XLSX in MQL5,,2026-08-04T14:19Z,Statistics and analysis,MetaTrader 5,[],,,ok,,e6af7898efa338682d0dbef407a71158f4d088f0eb74ac22aa9ac70fa329bd2f,md/23443.md,95654,23913
23444,https://www.mql5.com/en/articles/23444,"Digital Signal Processing for Traders (Part 2): The Dominant Cycle, MAMA, and a Regime-Switching Expert Advisor",,2026-07-23T11:21Z,Trading,MetaTrader 5,[],"Digital Signal Processing for Traders (): The Dominant Cycle, MAMA, and a Regime-Switching Expert Advisor",2,ok,,a434477882819e52bda3346406a4bccc885eeff4930cbb8b679e17848afe952a,md/23444.md,61222,15305
23448,https://www.mql5.com/en/articles/23448,Automating Classic Market Methods in MQL5 (Part 5): The Original Turtle Trading Rules,,2026-08-03T09:57Z,Trading,MetaTrader 5,[],Automating Classic Market Methods in MQL5 (): The Original Turtle Trading Rules,5,ok,,10d7598f613b3cd2b18f8b6cf9d6276b5e881e9fe3babba5e3001fd5c4c700e2,md/23448.md,50802,12700
23449,https://www.mql5.com/en/articles/23449,Mapping the Shape of Price: The Mapper Lens and Cover in MQL5,,2026-07-29T09:02Z,Trading systems,MetaTrader 5,[],,,ok,,4e188dd99536c179b86484304a694ef17afeae2a6dc37889760c76a44653688d,md/23449.md,45654,11413
23451,https://www.mql5.com/en/articles/23451,Ordinal Pattern Transition Networks in MQL5,,2026-07-28T08:26Z,Trading,MetaTrader 5,[],,,ok,,66201d5df5a234f1425dbab611b6b4b6ec33fe247c256543ffcb8ce427612d65,md/23451.md,64440,16110
23454,https://www.mql5.com/en/articles/23454,From One Price to Four: Range-Based Volatility Estimators for MetaTrader 5,,2026-08-05T12:39Z,Trading,MetaTrader 5,[],,,ok,,2ed239391bc509e38a031d2eb4e9a7b307756702dbe3daf666db5726e19adf50,md/23454.md,64535,16133
23456,https://www.mql5.com/en/articles/23456,Developing a Manual Backtesting Expert Advisor: Additional Features,,2026-07-30T08:47Z,Examples,MetaTrader 5,[],,,ok,,ab0e122f0bc44314aa97dd038df6eb5c49cab9816d17e53d641d5fb764063543,md/23456.md,40001,10000
23459,https://www.mql5.com/en/articles/23459,Real-Time Trade Event Logger to SQLite via MQL5 DLL Bridge,,2026-08-05T12:43Z,Trading systems,MetaTrader 5,[],,,ok,,fa441c8b40cf600b190d09c045e058dec7ac25145989de892ffc76a351af20c1,md/23459.md,69384,17346
23465,https://www.mql5.com/en/articles/23465,Exporting Symbol Tick Data to Binary Files in MQL5 for Offline Analysis,,2026-08-06T12:02Z,Statistics and analysis,MetaTrader 5,[],,,ok,,7215142e06d2e06f371c0f8961eec7f7c01f770aadce4210027bafb8e1218415,md/23465.md,66119,16529
23482,https://www.mql5.com/en/articles/23482,"Bayesian Online Change-Point Detection (BOCPD) in MQL5: One Regime-Break Signal, Three Ways to Use It",,2026-08-04T14:14Z,Indicators,MetaTrader 5,[],,,ok,,bcea51762a4d187f645c9107ca6163c91ba51d787c5914d3d55b25a957d2debf,md/23482.md,68114,17028
23484,https://www.mql5.com/en/articles/23484,Symbolic Aggregate Approximation (SAX) in MQL5: Historical Analog Search and Forecasting,,2026-07-30T08:55Z,Indicators,MetaTrader 5,[],,,ok,,e768055c11283ebb993042e69b9e59be3fda47861178cd1fbd70d3ee25592ef7,md/23484.md,53691,13422
23488,https://www.mql5.com/en/articles/23488,Porting the Canonical Catch22 Time-Series Feature Set and Testing It on Volatility Regimes,,2026-08-05T12:47Z,Trading,MetaTrader 5,[],,,ok,,08dbf35d2d583664fa93df86d813abcae27ee8389efe0e3e4e7a12594a8fb24f,md/23488.md,69620,17405
23491,https://www.mql5.com/en/articles/23491,Implementing and Benchmarking Bag-of-SFA-Symbols (BOSS) Against Dynamic Time Warping (DTW),,2026-08-10T10:32Z,Indicators,MetaTrader 5,[],,,ok,,584b8473f2d35871886805fd45025743822f13978eac76b39588d35f06640971,md/23491.md,66281,16570
23492,https://www.mql5.com/en/articles/23492,Hierarchical Risk Parity: A Robust Portfolio Allocator and Expert Advisor,,2026-08-06T12:06Z,Trading systems,MetaTrader 5,[],,,ok,,bce9169ac63bd48a5b9d27ff935c007683d8ecd0c8aa4c12f3531ce799fca326,md/23492.md,49582,12395
23493,https://www.mql5.com/en/articles/23493,Defining your Edge (Part 2): Using Divergence Mapping and a Temporal Fusion Transformer in a Trading Robot,,2026-07-29T13:12Z,Trading,MetaTrader 5,[],Defining your Edge (): Using Divergence Mapping and a Temporal Fusion Transformer in a Trading Robot,2,ok,,b26721028ee84f1cac7dc80878cc969ca508f1a25d8a7c0643668b330922cb4b,md/23493.md,37477,9369
23499,https://www.mql5.com/en/articles/23499,Exporting Custom Indicator Buffers to CSV for Python Backtesting Pipelines,,2026-08-10T10:38Z,Indicators,MetaTrader 5,[],,,ok,,94f41626840208d8c00a52e107d77b7c4b6f630393f451ef1025467b6d292507,md/23499.md,70245,17561
23500,https://www.mql5.com/en/articles/23500,Price Action Analysis Toolkit Development (Part 76): One-Click Symbol Dashboard for Centralized Multi-Chart Management in MQL5,,2026-08-03T10:01Z,Trading systems,MetaTrader 5,[],Price Action Analysis Toolkit Development (): One-Click Symbol Dashboard for Centralized Multi-Chart Management in MQL5,76,ok,,600d8707335862e02df44b5356caa5683be9fa5bea11ff4dd1e87613431d3bdb,md/23500.md,96358,24089
23502,https://www.mql5.com/en/articles/23502,Generating a Per-Symbol Trade Analytics PDF Report from MQL5,,2026-08-11T10:56Z,Statistics and analysis,MetaTrader 5,[],,,ok,,9b8c8dbb44d17ae8443f6b00250123d7de20488bf1631d3f02eafb8068cdecb0,md/23502.md,79876,19969
23523,https://www.mql5.com/en/articles/23523,Automating Trading Strategies in MQL5 (Part 51): The Bread and Butter Judas Swing Model with Premium and Discount,,2026-08-07T11:33Z,Trading,MetaTrader 5,[],Automating Trading Strategies in MQL5 (): The Bread and Butter Judas Swing Model with Premium and Discount,51,ok,,c4b98cf4a848a28df0e050f543905d5c0825a5f4c417805120fbe751c993b75c,md/23523.md,88371,22092
23527,https://www.mql5.com/en/articles/23527,Streaming MetaTrader 5 Trade Events to a Local HTTP Server Using WinINet in MQL5,,2026-08-07T14:25Z,Trading systems,MetaTrader 5,[],,,ok,,a3d42aab1f6a0219c88aa781a7df6c1c8e5f8eb3adc242285208c9d4556ea811,md/23527.md,81390,20347
23532,https://www.mql5.com/en/articles/23532,Designing a Unified Order Execution Gateway Class in MQL5,,2026-08-12T13:01Z,Trading systems,MetaTrader 5,[],,,ok,,ac558a35f2a5506428523c789fa6ee0fcba26ffe8d6710a2b2e2be12fd17385f,md/23532.md,82684,20671
23538,https://www.mql5.com/en/articles/23538,Automating Chart Patterns in MQL5 (Part 1): The Multi-Timeframe Swing Structure Engine,,2026-08-25T15:44Z,Examples,MetaTrader 5,[],Automating Chart Patterns in MQL5 (): The Multi-Timeframe Swing Structure Engine,1,ok,,88c405df622afe04666b6fc8f0a5a1b3eb1a5da5bdbe176f77fb84ebccecdb99,md/23538.md,59921,14980
23539,https://www.mql5.com/en/articles/23539,Building a Modular Fair Value Gap (FVG) Detection Engine in MQL5,,2026-08-07T11:36Z,Trading systems,MetaTrader 5,[],,,ok,,6c541e51e9bae0caecdecbdbff323733fa11d21afc0c63501326e78cd1b906f8,md/23539.md,42118,10529
23541,https://www.mql5.com/en/articles/23541,Building a Divergence System (Part III): The Adaptive SuperTrend EA,,2026-08-07T14:27Z,Trading,MetaTrader 5,[],,,ok,,8855d41d17e0eb0483fa8fbf05738a86834913a47c1e61d0100d8ca19fc5138d,md/23541.md,78810,19702
23543,https://www.mql5.com/en/articles/23543,Low-Frequency Quantitative Strategies in MetaTrader 5 (Part 5): Pre-Backtest Evaluation of Machine-Learning-Generated Signals Through Formulaic Alphas,,2026-08-19T05:13Z,Trading systems,MetaTrader 5,[],Low-Frequency Quantitative Strategies in MetaTrader 5 (): Pre-Backtest Evaluation of Machine-Learning-Generated Signals Through Formulaic Alphas,5,ok,,24fedadddd8acf7196f873ac4813ec8922af3cb74cb600555997e33dce0a268a,md/23543.md,69561,17390
23544,https://www.mql5.com/en/articles/23544,Price Action Analysis Toolkit Development (Part 77): Building a Searchable Indicator Panel for MetaTrader 5,,2026-08-12T09:19Z,Examples,MetaTrader 5,[],Price Action Analysis Toolkit Development (): Building a Searchable Indicator Panel for MetaTrader 5,77,ok,,1691fab36a17cb02c2c17a9e82a74c3401ef6b13fb4a0ffa45dd98d2d67f8cc5,md/23544.md,68191,17047
23546,https://www.mql5.com/en/articles/23546,MQL5 Bootstrap (III): Simplified Functions for Working with News,,2026-08-20T15:05Z,Tester,MetaTrader 5,[],,,ok,,cfb59230a4491e27e03b50fb947925c2baaeefac802ccf6ee94d7e3e943eafbd,md/23546.md,98566,24641
23547,https://www.mql5.com/en/articles/23547,Interactive Supply and Demand Zone Manager in MQL5 (Part IV): Trading Supply and Demand Zones,,2026-08-13T14:03Z,Examples,MetaTrader 5,[],,,ok,,f98ccff1eed6b335835dbecdd722a49dc3fe557ed3c7f27416a5575087600732,md/23547.md,54090,13522
23548,https://www.mql5.com/en/articles/23548,Path Signatures for Lead-Lag Detection,,2026-08-11T10:53Z,Trading systems,MetaTrader 5,[],,,ok,,b71c16da89c0cfd027dddcd2c71cae07bda3da5b9d61440c412cf150bf7b2744,md/23548.md,58651,14662
23549,https://www.mql5.com/en/articles/23549,Automating Trading Strategies in MQL5 (Part 52): The tCISD Model with SSMT and Quarterly Theory,,2026-08-12T12:53Z,Trading,MetaTrader 5,[],Automating Trading Strategies in MQL5 (): The tCISD Model with SSMT and Quarterly Theory,52,ok,,7dc73dcbaa46850f60ff8bb972b2002d32ad9337276678c607bab4e594618071,md/23549.md,90222,22555
23550,https://www.mql5.com/en/articles/23550,Building a Volume-Based Liquidity Heatmap Indicator in MQL5,,2026-08-10T10:35Z,Indicators,MetaTrader 5,[],,,ok,,8c131cd7859f4feb6a10e28e44709f76c39f815c2098ba3c8a9124402bc4651d,md/23550.md,55182,13795
23560,https://www.mql5.com/en/articles/23560,"Enhancing the MQL5 Portfolio Analyzer Dashboard: Active Mitigation, Data Exports, and AI Integration",,2026-08-18T14:52Z,Statistics and analysis,MetaTrader 5,[],,,ok,,67b31923f5f3a61c9fca14c0423572426d014e69d5403edd8da686a05296f811,md/23560.md,38372,9593
23565,https://www.mql5.com/en/articles/23565,Feature Engineering for ML (Part 11): Fractal Features in Python,,2026-08-11T14:42Z,Statistics and analysis,MetaTrader 5,[],Feature Engineering for ML (): Fractal Features in Python,11,ok,,97be3377e65922274ce9c30f85b6d578b6dc6312bffd2374d776f5dd94a2ab88,md/23565.md,31714,7928
23568,https://www.mql5.com/en/articles/23568,Controller Objects for Everything: Draggable Slider Control,Mehdi Ghorbani Saeidian,2026-09-01T08:33Z,Examples,MetaTrader 5,[],,,ok,,40eb998fde5f8ca254dadb4c88e43db0be5775dc55ce163e56f7e7c3d149a65f,md/23568.md,60308,15077
23571,https://www.mql5.com/en/articles/23571,The Avellaneda-Stoikov Model: Inventory-Aware Quoting for Two-Sided Strategies,,2026-08-12T09:23Z,Trading systems,MetaTrader 5,[],,,ok,,70eec3af9f140f46e8d6fd836c4ff2fef0eb41580a7f754aaf49527534b498fa,md/23571.md,38553,9638
23583,https://www.mql5.com/en/articles/23583,Building a Position Sizing Engine in MQL5 with Multiple Risk Models,,2026-08-13T14:13Z,Trading systems,MetaTrader 5,[],,,ok,,e50c08d5fb555b4917094a54ba349bc8e1146c80f5ef4530a577dcc8131c7a4a,md/23583.md,80805,20201
23587,https://www.mql5.com/en/articles/23587,Making Custom Indicators for Beginners (Part 1): SuperTrend Indicator,Syed Jawad Hussain Naqvi,2026-08-19T13:17Z,Indicators,MetaTrader 5,[],Making Custom Indicators for Beginners (): SuperTrend Indicator,1,ok,,71a448ddd3f3b50f4f86c35b2c1dbc278fbeaaac08a4a5aa08266faa91850968,md/23587.md,57669,14417
23589,https://www.mql5.com/en/articles/23589,Implementing a Trade Throttle and Rate Limiter in MQL5,,2026-08-31T12:26Z,Trading systems,MetaTrader 5,[],,,ok,,b746c446d08cf78915c0c27e9ed21c841d4b570d5383195e86547949e9813f92,md/23589.md,95244,23811
23595,https://www.mql5.com/en/articles/23595,Building a Crosshair Volume Profile Indicator in MQL5,,2026-08-19T05:10Z,Examples,MetaTrader 5,[],,,ok,,5129856ead2415075eb31f639e368836119209a7b45fdef14e2fc9aae33bb6d7,md/23595.md,46053,11513
23597,https://www.mql5.com/en/articles/23597,Formulating Dynamic Multi-Pair EA (Part 10): Asymmetric Stop-Loss Logic Based on Pair-Specific Volatility Signatures,,2026-08-03T10:38Z,Examples,MetaTrader 5,[],Formulating Dynamic Multi-Pair EA (): Asymmetric Stop-Loss Logic Based on Pair-Specific Volatility Signatures,10,ok,,ee7b949c07fcc4d21f463b709ea7809489a2a0dd857624cfe7ecdfbd5577e110,md/23597.md,64428,16107
23606,https://www.mql5.com/en/articles/23606,Price Action Analysis Toolkit Development (Part 78): Extending the Indicator Search Panel with Symbol Selection in MQL5,,2026-08-14T14:24Z,Trading systems,MetaTrader 5,[],Price Action Analysis Toolkit Development (): Extending the Indicator Search Panel with Symbol Selection in MQL5,78,ok,,a3b87142f254ff472d9203f1ad8eb1d764e81ee8de0a45093c12285b54493387,md/23606.md,50789,12697
23609,https://www.mql5.com/en/articles/23609,From Novice to Expert: Weekend Gap Size Effect Research Using MQL5 and Python,,2026-08-13T14:11Z,Examples,MetaTrader 5,[],,,ok,,9faeb2648678f35fb9530d071ca5e9b8715ae77876988b4fbcb7f1008c442e94,md/23609.md,66039,16509
23618,https://www.mql5.com/en/articles/23618,A Trailing Stop Engine in MQL5 Supporting Five Trail Methods Simultaneously,,2026-08-17T09:44Z,Trading,MetaTrader 5,[],,,ok,,482986726a9a29c360d2731c8d1f3ce1e3ff0502addfe8c66b91993c638db92a,md/23618.md,89404,22351
23620,https://www.mql5.com/en/articles/23620,From Novice to Expert: Candlestick Momentum Confirmation for Classic Crossover Strategies,,2026-08-28T10:42Z,Examples,MetaTrader 5,[],,,ok,,5412c24dda80e053785cf2df50dae0e010fee8649888ecc0c2891899766c0f03,md/23620.md,46173,11543
23626,https://www.mql5.com/en/articles/23626,Developing Smart Chart Objects in MQL5 (Part 1): Building a Stateful Trendline Management Framework,,2026-08-21T14:39Z,Trading,MetaTrader 5,[],Developing Smart Chart Objects in MQL5 (): Building a Stateful Trendline Management Framework,1,ok,,fa44514639ea6d1af0ffa61618fa83c133846b1e251d231110dd010e6db57165,md/23626.md,69772,17443
23629,https://www.mql5.com/en/articles/23629,Institutional-Grade Multi-Currency Portfolio Engine in MQL5 (Part 1): Architecture of a Multi-Currency EA Framework,,2026-08-21T14:35Z,Trading systems,MetaTrader 5,[],Institutional-Grade Multi-Currency Portfolio Engine in MQL5 (): Architecture of a Multi-Currency EA Framework,1,ok,,902ccde855109260930d224194a727d96ea20e494506acea9021c41ed7fc8013,md/23629.md,40672,10168
23633,https://www.mql5.com/en/articles/23633,Machine Learning Without the Black Box: The Tsetlin Machine for Trading,,2026-08-14T05:22Z,Indicators,MetaTrader 5,[],,,ok,,cd52a3ab4954d278b593c2b42bbe614e78cc2acf0885fcbef458d0e2ecd73b19,md/23633.md,62145,15536
23637,https://www.mql5.com/en/articles/23637,Building a Future Swing Projection Indicator in MQL5,,2026-08-13T14:05Z,Indicators,MetaTrader 5,[],,,ok,,5d51a857c00b4ff906630bfc3641f4e46331095746a8811ce3ae2a5606acdbb2,md/23637.md,55860,13965
23644,https://www.mql5.com/en/articles/23644,How To Debug MQL5 Code in MetaEditor,,2026-08-24T14:09Z,Indicators,MetaTrader 5,[],,,ok,,523e9cc4b702ed348d7fd45ef233eb88a14ebf149dc66771a6513a3ce271fb15,md/23644.md,47655,11913
23656,https://www.mql5.com/en/articles/23656,"Learnable Curves, Not Weights: A Kolmogorov-Arnold Network from Scratch",,2026-08-17T15:52Z,Indicators,MetaTrader 5,[],,,ok,,7bc52b892856e4a1bb3463f37d1a61c6317a928d922bac9edd7ef49718df54f2,md/23656.md,41775,10443
23657,https://www.mql5.com/en/articles/23657,Feature Engineering for ML (Part 12): Fractal Features in MQL5,,2026-08-17T05:48Z,Indicators,MetaTrader 5,[],Feature Engineering for ML (): Fractal Features in MQL5,12,ok,,e86081663569bbc208ab51c973ab38b55500642bc994c44d0747f977e54ef0dc,md/23657.md,35522,8880
23659,https://www.mql5.com/en/articles/23659,Feature Engineering for ML (Part 13): Trend-Scanning Features in Python,,2026-08-19T10:13Z,Indicators,MetaTrader 5,[],Feature Engineering for ML (): Trend-Scanning Features in Python,13,ok,,5e0cb9be4d03ba8033347a9158661940b5012380a62c63dcfec4f51c45f65b47,md/23659.md,34142,8535
23660,https://www.mql5.com/en/articles/23660,Feature Engineering for ML (Part 14): Trend-Scanning Features in MQL5,,2026-08-24T15:05Z,Indicators,MetaTrader 5,[],Feature Engineering for ML (): Trend-Scanning Features in MQL5,14,ok,,7c16d95bdf5e8613f2621495033a9266c93067a84852912c834956f53c084b92,md/23660.md,40362,10090
23662,https://www.mql5.com/en/articles/23662,Building a Basket Order Manager in MQL5 for Correlated Position Groups,,2026-08-19T15:53Z,Trading,MetaTrader 5,[],,,ok,,0ca3c70318fc0866c4f7c7a51d8c62cc8908502563d5cd59f61251622535b36e,md/23662.md,70217,17554
23665,https://www.mql5.com/en/articles/23665,Does This Entry Filter Really Add Edge? A Block-Permutation Test in MQL5,,2026-08-25T15:51Z,Trading,MetaTrader 5,[],,,ok,,c1ee3836fa50ab2b2a72d7683e19def75595a21b3dbfced49b9c3d97e4c7fe6a,md/23665.md,60924,15231
23666,https://www.mql5.com/en/articles/23666,Price Action Analysis Toolkit Development (Part 79): Extending the Indicator Search Panel with Dynamic Input Parameter Configuration,,2026-08-31T12:29Z,Indicators,MetaTrader 5,[],Price Action Analysis Toolkit Development (): Extending the Indicator Search Panel with Dynamic Input Parameter Configuration,79,ok,,8c878f1eb29ecf2faa8e24fdbb4633840333301ee6f569290fff2671b1cb1317,md/23666.md,48116,12029
23673,https://www.mql5.com/en/articles/23673,Building a Hidden Risk of Ruin Auditor in MQL5,,2026-08-21T14:37Z,Statistics and analysis,MetaTrader 5,[],,,ok,,fd67a31580553486f4f3f51bd3222ef2deff4d232f0498793f85f5b2e0a7973f,md/23673.md,69969,17492
23674,https://www.mql5.com/en/articles/23674,"Foundation Models for Trading (Part II): Decoding, Autoregression, and an Exact KV-Cache",,2026-08-19T15:50Z,Trading,MetaTrader 5,[],,,ok,,dd2c3f69fd70c8b1b6e1790c2d89bf9d08aa597350b008a2a41bc0df31a86143,md/23674.md,62246,15561
23676,https://www.mql5.com/en/articles/23676,Beyond the Mean and Standard Deviation: A Robust Statistics Library for MQL5 Indicators,,2026-08-21T14:33Z,Machine learning,MetaTrader 5,[],,,ok,,46a6f626351ac9783ac4f04e62a697ed64706e4f2d339b5c594e3f4d92f99456,md/23676.md,62987,15746
23677,https://www.mql5.com/en/articles/23677,Building Volatility Models in MQL5 (Part V): Implementing EGARCH as an Alternate Asymmetric Volatility Process,,2026-08-17T09:41Z,Examples,MetaTrader 5,[],,,ok,,181eaf7431967179b3fc4797e62597c3c98fd4f26d0be30f33f38fbcbc19a154,md/23677.md,79088,19772
23693,https://www.mql5.com/en/articles/23693,Bloch's Relative Moving Average (RMA) Framework Implementation In MQL5,,2026-08-17T15:50Z,Trading systems,MetaTrader 5,[],,,ok,,e9718818ee4d257be142f149d006c65be67167ecaff8683cbeae2393cc4415be,md/23693.md,64479,16119
23700,https://www.mql5.com/en/articles/23700,Online Machine Learning for Trade Signal Filtering in MQL5 (Part 1),,2026-08-24T14:57Z,Machine learning,MetaTrader 5,[],Online Machine Learning for Trade Signal Filtering in MQL5 (),1,ok,,88c946e6f5df2d9b43d538b85431c354a97fce8a8ae3d3a753587d8a39d1b440,md/23700.md,44333,11083
23714,https://www.mql5.com/en/articles/23714,Measuring Market Efficiency with Lempel-Ziv Complexity,,2026-08-25T15:27Z,Trading systems,MetaTrader 5,[],,,ok,,3955a7bd9c1777967d4f9544c26bf56fb166825d700f50035a1e743c9fa8486e,md/23714.md,54429,13607
23716,https://www.mql5.com/en/articles/23716,Designing a Partial Close Engine in MQL5 with Configurable Profit Ladders,,2026-08-24T14:43Z,Trading,MetaTrader 5,[],,,ok,,e4b68512b23155c0e8464b574153e5abdec94ad111dfb4aab141f4269bca64a7,md/23716.md,89843,22460
23719,https://www.mql5.com/en/articles/23719,Distribution-Free Price Channels in MQL5: Quantile Regression by Iteratively Reweighted Least Squares,Adedayo David Gbadebo,2026-08-28T10:49Z,Machine learning,MetaTrader 5,[],,,ok,,4a5c3c749907cc165c313728966825606293c3be62a442fa94e98c398fcd3f2e,md/23719.md,57933,14483
23732,https://www.mql5.com/en/articles/23732,Implementing a Daily Loss Limit and Drawdown Circuit Breaker in MQL5,,2026-08-28T08:09Z,Trading,MetaTrader 5,[],,,ok,,eef68f599b0fa590a8b5e36097f610056d90553d6d43db3df4de051b047fc9bc,md/23732.md,75901,18975
23734,https://www.mql5.com/en/articles/23734,Building a Gold Volatility Regime Monitor from Options Data in MQL5,,2026-08-31T09:29Z,Examples,MetaTrader 5,[],,,ok,,2b6c8a6bbb0683367fe8a5ba61fc09dc4e5708add795299349c06b0cd09ea85d,md/23734.md,86135,21533
23742,https://www.mql5.com/en/articles/23742,Hypothesis Testing for Trading Strategies — Proving Whether Your Edge is Real,,2026-09-01T08:39Z,Examples,MetaTrader 5,[],,,ok,,30d7c10530e3bd5f677c5981f8c5e4af055e915b628e421f279d1e5adc17a653,md/23742.md,52462,13115
23752,https://www.mql5.com/en/articles/23752,Building a Position Lifecycle Manager in MQL5 (Part 1): The Foundation of Reusable Position Management,,2026-09-02T11:17Z,Trading systems,MetaTrader 5,[],Building a Position Lifecycle Manager in MQL5 (): The Foundation of Reusable Position Management,1,ok,,7a2637109f4daf930d70acb996b011b648da7a35d3bd0df9fbdc325932c4c97a,md/23752.md,43781,10945
23754,https://www.mql5.com/en/articles/23754,Motifs and Discords: Building a Matrix Profile from Scratch,,2026-09-01T08:44Z,Trading,MetaTrader 5,[],,,ok,,3bcbd6f87e9b3471aa717b0b160e23f4b1efc0f019a652345ddbbb4fbb0257d9,md/23754.md,46620,11655
23755,https://www.mql5.com/en/articles/23755,A Reusable Breakeven Manager in MQL5 with Spread Compensation,,2026-09-01T13:13Z,Trading,MetaTrader 5,[],,,ok,,5382a90dfed25eb2836328d3cfec57c95a5e1ed338a02c5df9dca3c3f8c45c56,md/23755.md,60885,15221
23759,https://www.mql5.com/en/articles/23759,Building a Dynamic ATR-Based Trend Channel Indicator in MQL5,,2026-08-19T05:05Z,Indicators,MetaTrader 5,[],,,ok,,4a187d60560b3c2f1a8f21c3226a2d95ce449cb8906ec7af67847cd011b256d9,md/23759.md,43182,10795
23763,https://www.mql5.com/en/articles/23763,Network Momentum for MetaTrader5: Trading the Lead-Lag Graph Between Markets,,2026-09-01T13:59Z,Trading systems,MetaTrader 5,[],,,ok,,6c181a0561c3ef37a82b8275ac738531bc1dc8b61527a032495973c4152861e4,md/23763.md,59859,14964
23815,https://www.mql5.com/en/articles/23815,Building a Hull Moving Average Momentum Oscillator in MQL5,,2026-09-03T11:40Z,Indicators,MetaTrader 5,[],,,ok,,0e3c015b147db69c0217e38ab729d7ac4cc655dd6ad825351ad5c34465f22b94,md/23815.md,48200,12050
23818,https://www.mql5.com/en/articles/23818,Creating a Cairo-Inspired Graphics Library for MetaTrader 5 (Part 1): Why the terminal needs its own 2D-renderer Contents,Sandro Begashvili,2026-09-03T10:20Z,Integration,MetaTrader 5,[],Creating a Cairo-Inspired Graphics Library for MetaTrader 5 (): Why the terminal needs its own 2D-renderer Contents,1,ok,,b33f61195abc7f735284948e84c2301061ea22bc0309fc2723b7ed67769a936e,md/23818.md,80245,20061
23888,https://www.mql5.com/en/articles/23888,Price Action Analysis Toolkit Development (Part 80): Building a History Navigator for MetaTrader 5,,2026-09-03T10:24Z,Examples,MetaTrader 5,[],Price Action Analysis Toolkit Development (): Building a History Navigator for MetaTrader 5,80,ok,,f93c99c3e6bdeb10a5ce972f2f84fd49cb142c3cfc0877384aad44dcb7656e04,md/23888.md,38094,9523
23970,https://www.mql5.com/en/articles/23970,Building a Visual Position Planning Tool for MetaTrader 5,,2026-09-02T11:21Z,Trading,MetaTrader 5,[],,,ok,,79ad8af3c385ebfa4baeaffc8e1cb2afc4b3f4f0868958b7af2e5914fafdf855,md/23970.md,95662,23915
23983,https://www.mql5.com/en/articles/23983,"Isolation Forest: Unsupervised Anomaly Detection, and What It Actually Finds in Price Data",,2026-09-02T13:45Z,Trading systems,MetaTrader 5,[],,,ok,,b680035ebecb304baed18badbe40a53654cd78b7eaf39b336de8b3b1e208de30,md/23983.md,49239,12309
24057,https://www.mql5.com/en/articles/24057,"MetaTrader 5 Machine Learning Blueprint (Part 20): Denoising, Detoning, and Clustering the Feature Correlation Matrix",,2026-09-03T11:55Z,Machine learning,MetaTrader 5,[],"MetaTrader 5 Machine Learning Blueprint (): Denoising, Detoning, and Clustering the Feature Correlation Matrix",20,ok,,df0367f05e1cb59efd7b677a593af7fd0fbca5a6064a7f0fc9ff3c4beaee8c70,md/24057.md,35323,8830
24106,https://www.mql5.com/en/articles/24106,Survival Analysis for Trade Exits: A Discrete-Time Competing-Risks Model in MQL5,Adewumi Babatunde Gbadebo,2026-09-04T08:58Z,Statistics and analysis,MetaTrader 5,[],,,ok,,97b527e1b002a4e80b80e520db2dfddad05b0f03aeb494e1b091d2b2ff16a7f6,md/24106.md,42750,10687
